part_id,station,defect_type,detection_time_min,shift,operator,detection_time_timestamp
P-003186,S1_CNC_Machining,surface_finish,7244.14910515359,1.0,,2024-01-06 06:44:00
P-047931,S1_CNC_Machining,surface_finish,109114.90962200072,3.0,,2024-03-17 00:34:25
P-015577,S3_Assembly,missing_fastener,45562.04869614527,2.0,OP-202,2024-02-01 21:21:53
P-047962,S1_CNC_Machining,tool_wear_mark,109226.87702277729,3.0,,2024-03-17 02:26:57
P-012131,S1_CNC_Machining,tool_wear_mark,27473.691606319873,1.0,,2024-01-20 07:53:19
P-021319,S2_Welding,weak_weld,62500.75738592628,2.0,,2024-02-13 15:41:14
P-042491,S3_Assembly,missing_fastener,124503.87399529203,2.0,OP-201,2024-03-27 17:03:24
P-046047,S1_CNC_Machining,tool_wear_mark,104845.94222439735,3.0,,2024-03-14 01:26:15
P-024509,S2_Welding,porosity,71798.55469733782,3.0,,2024-02-20 02:38:24
P-051513,S1_CNC_Machining,surface_finish,117416.82673663589,2.0,,2024-03-22 18:57:15
P-013317,S3_Assembly,cosmetic_scratch,38896.74027272448,1.0,OP-104,2024-01-28 06:16:59
P-031765,S2_Welding,weak_weld,,2.0,,2024-03-05 20:39:23
P-002090,S2_Welding,weak_weld,6044.1159127041665,1.0,,2024-01-05 10:44:34
P-033755,S1_CNC_Machining,surface_finish,76869.04157677444,2.0,,2024-02-23 15:09:26
P-043251,S2_Welding,porosity,126737.07606614835,1.0,,2024-03-29 06:17:24
P-006253,S2_Welding,spatter_damage,18222.667579166813,2.0,,2024-01-13 21:43:02
P-046525,S1_CNC_Machining,tool_wear_mark,105929.51693341398,2.0,,2024-03-14 19:29:58
P-019739,S3_Assembly,incorrect_torque,57830.86407414157,1.0,OP-103,2024-02-10 09:51:03
P-003472,S3_Assembly,cosmetic_scratch,10084.526457845304,1.0,OP-101,2024-01-08 06:04:33
P-007549,S1_CNC_Machining,tool_wear_mark,17096.782634469848,3.0,,2024-01-13 02:57:13
P-013174,S3_Assembly,missing_fastener,38486.38339403469,3.0,OP-301,2024-01-27 23:26:31
P-040737,S1_CNC_Machining,surface_finish,92706.67166234076,2.0,,2024-03-05 15:06:48
P-036863,S1_CNC_Machining,tool_wear_mark,83865.95895795804,1.0,,2024-02-28 11:46:01
P-018735,S3_Assembly,misalignment,54838.525218615265,1.0,OP-102,2024-02-08 07:58:03
P-016122,S3_Assembly,cosmetic_scratch,47181.73856800086,3.0,OP-301,2024-02-03 00:21:41
P-005831,S2_Welding,weak_weld,17000.503732640824,3.0,,2024-01-13 01:20:21
P-014744,S2_Welding,weak_weld,,3.0,,2024-01-31 04:10:07
P-044951,S1_CNC_Machining,tool_wear_mark,102337.31866984368,1.0,,2024-03-12 07:36:50
P-022926,S2_Welding,spatter_damage,67142.42313286065,2.0,,2024-02-16 21:02:02
P-032098,S3_Assembly,cosmetic_scratch,94020.4861842455,1.0,OP-104,2024-03-06 13:00:00
P-001481,S3_Assembly,cosmetic_scratch,4303.674310976773,3.0,OP-302,2024-01-04 05:43:15
P-024742,S3_Assembly,incorrect_torque,72477.71524789467,1.0,OP-103,2024-02-20 13:57:40
P-004601,S3_Assembly,incorrect_torque,13393.09718449226,1.0,OP-101,2024-01-10 13:13:00
P-035364,S2_Welding,weak_weld,103548.90997374943,3.0,,2024-03-13 03:48:48
P-000546,S5_Packaging,packaging_damage,1854.585297953313,1.0,OP-101,2024-01-02 12:54:20
P-049498,S1_CNC_Machining,dimensional_error,112772.91169145105,1.0,,2024-03-19 13:33:21
P-007807,S2_Welding,porosity,22741.6644339096,3.0,,2024-01-17 01:01:38
P-055604,S1_CNC_Machining,dimensional_error,126607.04785140624,3.0,,2024-03-29 04:07:10
P-032685,S3_Assembly,misalignment,95739.03163607416,2.0,OP-202,2024-03-07 17:38:43
P-007054,S1_CNC_Machining,surface_finish,16007.839436321374,1.0,,2024-01-12 08:48:00
P-004706,S3_Assembly,misalignment,13694.155423976941,2.0,OP-201,2024-01-10 18:13:43
P-037645,S3_Assembly,misalignment,110263.44772869891,2.0,OP-203,2024-03-17 19:43:26
P-021136,S1_CNC_Machining,surface_finish,47934.18531889638,1.0,,2024-02-03 12:54:23
P-032812,S3_Assembly,cosmetic_scratch,96105.66592763124,3.0,OP-301,2024-03-07 23:45:32
P-008906,S5_Packaging,packaging_damage,30441.162845348143,1.0,OP-102,2024-01-22 09:21:01
P-035716,S3_Assembly,cosmetic_scratch,104576.3522546429,2.0,OP-203,2024-03-13 20:56:23
P-006291,S5_Packaging,packaging_damage,21441.792085431716,3.0,OP-301,2024-01-16 03:21:35
P-053178,S1_CNC_Machining,tool_wear_mark,121159.36475006111,1.0,,2024-03-25 09:19:06
P-000094,S2_Welding,weak_weld,314.7304171610191,1.0,,2024-01-01 11:15:06
P-002998,S3_Assembly,missing_fastener,8731.94365575551,1.0,OP-104,2024-01-07 07:31:56
P-023702,S3_Assembly,cosmetic_scratch,69446.91664805857,1.0,OP-102,2024-02-18 11:26:47
P-026889,S3_Assembly,cosmetic_scratch,78746.79275707193,3.0,OP-301,2024-02-24 22:27:15
P-014890,S1_CNC_Machining,surface_finish,,2.0,,2024-01-24 17:38:32
P-004346,S5_Packaging,packaging_damage,,1.0,OP-101,2024-01-11 11:46:29
P-013286,S2_Welding,weak_weld,38804.275522103504,3.0,,2024-01-28 04:44:22
P-056412,S1_CNC_Machining,surface_finish,128420.03894622106,1.0,,2024-03-30 10:20:16
P-040413,S2_Welding,weak_weld,118368.74091302294,1.0,,2024-03-23 10:48:31
P-015898,S3_Assembly,incorrect_torque,46511.29535981694,1.0,OP-104,2024-02-02 13:11:27
P-013781,S1_CNC_Machining,tool_wear_mark,31302.91330673787,3.0,,2024-01-22 23:42:26
P-039993,S3_Assembly,cosmetic_scratch,117154.99419608989,2.0,OP-201,2024-03-22 14:35:21
P-031222,S3_Assembly,misalignment,91474.26632447384,2.0,OP-203,2024-03-04 18:34:27
P-000281,S1_CNC_Machining,dimensional_error,632.2379921528989,2.0,,2024-01-01 16:31:52
P-032819,S3_Assembly,misalignment,96125.21988490193,3.0,OP-302,2024-03-08 00:04:44
P-035782,S5_Packaging,packaging_damage,122534.18115965607,1.0,OP-102,2024-03-26 08:14:20
P-033736,S5_Packaging,packaging_damage,115471.19145586439,1.0,OP-102,2024-03-21 10:31:32
P-017756,S1_CNC_Machining,dimensional_error,40287.536537277505,3.0,,2024-01-29 05:27:21
P-011170,S5_Packaging,label_error,38273.780882379106,2.0,OP-203,2024-01-27 19:53:59
P-047101,S1_CNC_Machining,dimensional_error,107228.15216177706,2.0,,2024-03-15 17:07:54
P-001071,S1_CNC_Machining,tool_wear_mark,2424.0105575648186,3.0,,2024-01-02 22:23:45
P-011592,S3_Assembly,cosmetic_scratch,33868.29526737784,2.0,OP-203,2024-01-24 18:28:27
P-012189,S1_CNC_Machining,tool_wear_mark,27603.316253114557,1.0,,2024-01-20 10:03:32
P-041670,S2_Welding,porosity,122100.04837977595,3.0,,2024-03-26 00:59:54
P-024580,S2_Welding,weak_weld,72007.90950513417,1.0,,2024-02-20 06:07:48
P-028203,S3_Assembly,misalignment,82600.3377190642,2.0,OP-201,2024-02-27 14:40:06
P-043217,S1_CNC_Machining,dimensional_error,98401.579103784,1.0,,2024-03-09 14:01:36
P-001205,S3_Assembly,misalignment,3510.678226781832,2.0,OP-202,2024-01-03 16:30:29
P-031162,S1_CNC_Machining,surface_finish,70893.87304940978,1.0,,2024-02-19 11:34:12
P-003166,S1_CNC_Machining,tool_wear_mark,7199.345778220074,3.0,,2024-01-06 05:59:20
P-002468,S1_CNC_Machining,surface_finish,5568.646358044496,3.0,,2024-01-05 02:48:20
P-036746,S2_Welding,weak_weld,107609.7325119122,3.0,,2024-03-15 23:29:36
P-041657,S2_Welding,porosity,122065.92077193125,3.0,,2024-03-26 00:25:59
P-010557,S3_Assembly,cosmetic_scratch,30840.902869728732,,OP-201,2024-01-22 16:00:54
P-013651,S1_CNC_Machining,surface_finish,31001.73359581397,2.0,,2024-01-22 18:41:43
P-032511,S3_Assembly,cosmetic_scratch,95236.24386274895,1.0,OP-103,2024-03-07 09:16:14
P-035036,S3_Assembly,misalignment,102586.86779565307,,OP-104,2024-03-12 11:47:00
P-052946,S1_CNC_Machining,surface_finish,120631.52841238203,3.0,,2024-03-25 00:31:11
P-009785,S1_CNC_Machining,dimensional_error,22223.092984469884,2.0,,2024-01-16 16:23:07
P-015102,S2_Welding,spatter_damage,44176.697816790926,3.0,,2024-01-31 22:16:56
P-025347,S3_Assembly,cosmetic_scratch,74237.18854122392,2.0,OP-201,2024-02-21 19:17:28
P-026718,S3_Assembly,incorrect_torque,78239.02884126246,1.0,OP-104,2024-02-24 13:58:51
P-044167,S3_Assembly,cosmetic_scratch,129374.7765810059,3.0,OP-302,2024-03-31 02:15:12
P-040690,S3_Assembly,missing_fastener,119202.43733838851,3.0,OP-301,2024-03-24 00:42:07
P-014671,S3_Assembly,misalignment,42879.35330941833,3.0,OP-301,2024-01-31 00:39:22
P-044045,S1_CNC_Machining,surface_finish,100294.37409162578,2.0,,2024-03-10 21:34:18
P-001903,S3_Assembly,incorrect_torque,5517.164804263534,3.0,OP-302,2024-01-05 01:56:52
P-004213,S2_Welding,porosity,12261.994081295488,2.0,,2024-01-09 18:21:44
P-014140,S3_Assembly,misalignment,41326.35701035613,3.0,OP-302,2024-01-29 22:46:14
P-004755,S3_Assembly,missing_fastener,13831.898239272148,2.0,OP-202,2024-01-10 20:31:59
P-008298,S5_Packaging,packaging_damage,28338.28680946635,3.0,OP-302,2024-01-20 22:18:04
P-019005,S5_Packaging,label_error,65140.828872411315,1.0,OP-102,2024-02-15 11:40:48
P-021013,S3_Assembly,cosmetic_scratch,61623.780060301295,3.0,OP-301,2024-02-13 01:03:59
P-040747,S3_Assembly,misalignment,119360.1591918409,3.0,OP-302,2024-03-24 03:20:20
P-005002,S3_Assembly,missing_fastener,14576.395450260576,1.0,OP-103,2024-01-11 08:56:19
P-000313,S3_Assembly,missing_fastener,973.0112919758818,3.0,OP-301,2024-01-01 22:13:12
P-025933,S3_Assembly,misalignment,75950.79413935645,3.0,OP-301,2024-02-22 23:50:27
P-017232,S2_Welding,weak_weld,50422.603859940435,1.0,,2024-02-05 06:22:24
P-004583,S3_Assembly,misalignment,13341.20912832902,1.0,OP-101,2024-01-10 12:20:50
P-009357,S1_CNC_Machining,tool_wear_mark,21256.34771844888,3.0,,2024-01-16 00:16:40
P-053293,S1_CNC_Machining,surface_finish,121426.34761871565,1.0,,2024-03-25 13:45:53
P-025244,S3_Assembly,missing_fastener,73935.32624318966,2.0,OP-203,2024-02-21 14:15:33
P-040797,S3_Assembly,incorrect_torque,119498.39548622424,3.0,OP-301,2024-03-24 05:38:22
P-021875,S3_Assembly,incorrect_torque,64099.409532680074,2.0,OP-203,2024-02-14 18:19:46
P-041153,S3_Assembly,misalignment,120571.9090039622,3.0,OP-302,2024-03-24 23:32:03
P-023729,S3_Assembly,misalignment,69522.54359900818,1.0,OP-102,2024-02-18 12:42:40
P-022137,S2_Welding,spatter_damage,64881.656932266655,1.0,,2024-02-15 07:21:50
P-050307,S1_CNC_Machining,dimensional_error,114593.540876639,2.0,,2024-03-20 19:53:04
P-049997,S1_CNC_Machining,surface_finish,,1.0,,2024-03-20 08:23:34
P-033785,S3_Assembly,incorrect_torque,98887.221386814,3.0,OP-302,2024-03-09 22:07:21
P-020859,S5_Packaging,label_error,71561.87379894748,3.0,OP-301,2024-02-19 22:41:38
P-009680,S3_Assembly,misalignment,28278.29239134071,2.0,OP-203,2024-01-20 21:18:02
P-030208,S3_Assembly,missing_fastener,88508.97517887366,2.0,OP-203,2024-03-02 17:09:04
P-005598,S5_Packaging,packaging_damage,19041.35264276434,1.0,OP-104,2024-01-14 11:21:04
P-019560,S3_Assembly,incorrect_torque,57302.996032495554,3.0,OP-301,2024-02-10 01:03:13
P-056343,S1_CNC_Machining,surface_finish,128259.09673073968,1.0,,2024-03-30 07:39:07
P-007126,S3_Assembly,incorrect_torque,20756.878012667545,2.0,OP-203,2024-01-15 15:57:15
P-031577,S3_Assembly,misalignment,92520.62639047603,1.0,OP-104,2024-03-05 12:00:53
P-037147,S2_Welding,porosity,108804.78609864257,2.0,,2024-03-16 19:24:26
P-043880,S1_CNC_Machining,surface_finish,99896.30825890315,2.0,,2024-03-10 14:56:01
P-016959,S3_Assembly,missing_fastener,49630.23523829599,2.0,OP-201,2024-02-04 17:10:24
P-006947,S5_Packaging,packaging_damage,23695.488766533002,2.0,OP-201,2024-01-17 16:55:39
P-033278,S3_Assembly,incorrect_torque,97425.82470663461,2.0,OP-201,2024-03-08 21:45:21
P-043363,S2_Welding,porosity,127052.48618376911,1.0,,2024-03-29 11:32:14
P-051848,S1_CNC_Machining,tool_wear_mark,118158.94793656321,1.0,,2024-03-23 07:18:36
P-028773,S3_Assembly,missing_fastener,84286.75247802338,2.0,OP-202,2024-02-28 18:46:26
P-026214,S3_Assembly,cosmetic_scratch,76784.95529491174,1.0,OP-102,2024-02-23 13:45:19
P-036743,S1_CNC_Machining,dimensional_error,83563.01330349229,1.0,,2024-02-28 06:43:02
P-008500,S1_CNC_Machining,tool_wear_mark,19265.19716794243,2.0,,2024-01-14 15:04:59
P-003953,S3_Assembly,missing_fastener,11523.086496414093,3.0,OP-301,2024-01-09 06:02:38
P-009552,S3_Assembly,missing_fastener,27909.24597315957,2.0,OP-202,2024-01-20 15:08:46
P-050396,S1_CNC_Machining,tool_wear_mark,114865.30411394959,3.0,,2024-03-21 00:25:01
P-009284,S3_Assembly,incorrect_torque,27136.169845494194,3.0,OP-302,2024-01-20 02:16:00
P-046806,S1_CNC_Machining,tool_wear_mark,106563.94084759618,1.0,,2024-03-15 06:04:26
P-041170,S1_CNC_Machining,surface_finish,93698.91326510339,1.0,,2024-03-06 07:39:22
P-023476,S1_CNC_Machining,tool_wear_mark,53278.16832570876,3.0,,2024-02-07 05:57:45
P-049564,S1_CNC_Machining,surface_finish,112921.47295295323,2.0,,2024-03-19 16:01:03
P-047226,S1_CNC_Machining,surface_finish,107513.819770195,2.0,,2024-03-15 21:53:50
P-034538,S3_Assembly,missing_fastener,101145.1003758614,1.0,OP-103,2024-03-11 11:44:59
P-039942,S1_CNC_Machining,tool_wear_mark,90923.26632008124,1.0,,2024-03-04 09:23:17
P-000552,S2_Welding,weak_weld,1645.1718022297136,1.0,,2024-01-02 09:25:06
P-026359,S3_Assembly,missing_fastener,77197.08706038076,2.0,OP-203,2024-02-23 20:36:53
P-004030,S3_Assembly,misalignment,11742.749085580743,1.0,OP-102,2024-01-09 09:42:55
P-056262,S1_CNC_Machining,tool_wear_mark,128077.77072881811,3.0,,2024-03-30 04:38:03
P-032679,S5_Packaging,packaging_damage,111923.58372025574,3.0,OP-302,2024-03-18 23:23:21
P-024784,S2_Welding,spatter_damage,72592.60640215194,2.0,,2024-02-20 15:52:13
P-031721,S3_Assembly,misalignment,92924.04919917611,2.0,OP-202,2024-03-05 18:44:03
P-024836,S2_Welding,porosity,72734.27348182,2.0,,2024-02-20 18:14:26
P-014269,S3_Assembly,missing_fastener,41703.79419197855,3.0,OP-301,2024-01-30 05:03:54
P-005510,S3_Assembly,incorrect_torque,16048.144265197436,1.0,OP-101,2024-01-12 09:27:55
P-010748,S2_Welding,porosity,31402.55328647373,3.0,,2024-01-23 01:23:03
P-010956,S2_Welding,spatter_damage,32000.891691485293,1.0,,2024-01-23 11:20:26
P-048427,S1_CNC_Machining,tool_wear_mark,,2.0,,2024-03-17 20:36:06
P-028588,S2_Welding,weak_weld,83729.02037826141,1.0,,2024-02-28 09:29:08
P-016388,S3_Assembly,missing_fastener,47952.83850760924,1.0,OP-104,2024-02-03 13:12:47
P-027138,S3_Assembly,missing_fastener,79452.07478378787,1.0,OP-101,2024-02-25 10:11:36
P-014251,S3_Assembly,cosmetic_scratch,41651.73932868651,3.0,OP-302,2024-01-30 04:11:25
P-028748,S2_Welding,spatter_damage,84200.98426948204,2.0,,2024-02-28 17:20:42
P-002166,S5_Packaging,label_error,7402.344234115505,1.0,OP-102,2024-01-06 09:22:49
P-036969,S1_CNC_Machining,surface_finish,84108.23281833844,2.0,,2024-02-28 15:48:19
P-036805,S1_CNC_Machining,surface_finish,83733.110022125,1.0,,2024-02-28 09:33:18
P-025349,S3_Assembly,incorrect_torque,74246.24679984018,2.0,OP-201,2024-02-21 19:26:19
P-006340,S3_Assembly,missing_fastener,18489.176417791645,3.0,OP-301,2024-01-14 02:08:44
P-044032,S1_CNC_Machining,surface_finish,100267.40274746719,2.0,,2024-03-10 21:07:45
P-001243,S2_Welding,porosity,3613.324616237349,2.0,,2024-01-03 18:13:48
P-031678,S2_Welding,porosity,92807.04382391246,2.0,,2024-03-05 16:47:01
P-001674,S3_Assembly,missing_fastener,4866.979257934316,2.0,OP-202,2024-01-04 15:07:13
P-008417,S3_Assembly,incorrect_torque,24592.13863570416,1.0,OP-103,2024-01-18 07:51:48
P-001891,S3_Assembly,missing_fastener,5487.711307017198,3.0,OP-301,2024-01-05 01:27:16
P-013678,S1_CNC_Machining,surface_finish,31067.68448214249,2.0,,2024-01-22 19:47:56
P-055213,S1_CNC_Machining,surface_finish,125730.83833312489,1.0,,2024-03-28 13:30:56
P-018494,S3_Assembly,missing_fastener,54147.81015213573,2.0,OP-203,2024-02-07 20:28:16
P-037114,S3_Assembly,misalignment,108713.57436390275,2.0,OP-202,2024-03-16 17:54:02
P-008897,S3_Assembly,incorrect_torque,25990.249149363277,1.0,OP-104,2024-01-19 07:10:12
P-034477,S3_Assembly,misalignment,100962.39064668093,1.0,OP-103,2024-03-11 08:42:20
P-036687,S1_CNC_Machining,surface_finish,83434.68349285173,3.0,,2024-02-28 04:34:40
P-053883,S1_CNC_Machining,dimensional_error,122742.83850561555,1.0,,2024-03-26 11:42:33
P-041873,S1_CNC_Machining,dimensional_error,95284.63708581796,1.0,,2024-03-07 10:04:44
P-011322,S3_Assembly,misalignment,33090.22707128477,3.0,OP-302,2024-01-24 05:29:53
P-015019,S3_Assembly,incorrect_torque,43920.78567043868,2.0,OP-202,2024-01-31 18:00:43
P-035241,S1_CNC_Machining,dimensional_error,80184.40978006438,3.0,,2024-02-25 22:24:50
P-024908,S1_CNC_Machining,dimensional_error,56616.15482879834,1.0,,2024-02-09 13:36:28
P-005127,S2_Welding,porosity,14940.486000087465,2.0,,2024-01-11 15:00:42
P-008458,S1_CNC_Machining,dimensional_error,19168.40733921058,1.0,,2024-01-14 13:28:41
P-018098,S1_CNC_Machining,dimensional_error,41055.835553094425,2.0,,2024-01-29 18:15:54
P-004039,S1_CNC_Machining,dimensional_error,9160.727949264696,2.0,,2024-01-07 14:40:56
P-008589,S1_CNC_Machining,surface_finish,19513.726665018276,2.0,,2024-01-14 19:14:01
P-034502,S3_Assembly,misalignment,101039.71686575313,1.0,OP-104,2024-03-11 09:59:44
P-022064,S2_Welding,porosity,64661.107049704195,3.0,,2024-02-15 03:41:06
P-032863,S1_CNC_Machining,surface_finish,74798.96053592904,3.0,,2024-02-22 04:39:13
P-001080,S3_Assembly,misalignment,3155.768124948667,1.0,OP-102,2024-01-03 10:36:10
P-049282,S1_CNC_Machining,tool_wear_mark,112276.68850717403,3.0,,2024-03-19 05:17:08
P-044189,S3_Assembly,incorrect_torque,129444.97422079177,3.0,OP-301,2024-03-31 03:25:25
P-015880,S3_Assembly,misalignment,46467.699598284365,1.0,OP-103,2024-02-02 12:27:38
P-022592,S3_Assembly,misalignment,66207.87098748749,3.0,OP-302,2024-02-16 05:27:36
P-009130,S1_CNC_Machining,tool_wear_mark,20744.110986399653,2.0,,2024-01-15 15:44:27
P-003264,S1_CNC_Machining,tool_wear_mark,7414.966313652008,1.0,,2024-01-06 09:35:03
P-003484,S3_Assembly,incorrect_torque,10127.065137925678,1.0,OP-104,2024-01-08 06:46:40
P-040666,S1_CNC_Machining,surface_finish,92544.16659206255,1.0,,2024-03-05 12:24:39
P-015816,S1_CNC_Machining,tool_wear_mark,35913.52672817162,3.0,,2024-01-26 04:33:08
P-023323,S1_CNC_Machining,tool_wear_mark,52936.88803005788,3.0,,2024-02-07 00:16:34
P-003247,S3_Assembly,cosmetic_scratch,9434.797940022569,2.0,OP-201,2024-01-07 19:14:23
P-047085,S1_CNC_Machining,tool_wear_mark,107190.43253369957,2.0,,2024-03-15 16:30:50
P-024019,S3_Assembly,cosmetic_scratch,70395.89122646753,3.0,OP-302,2024-02-19 03:16:01
P-000300,S5_Packaging,packaging_damage,1048.316535567034,3.0,OP-302,2024-01-01 23:28:00
P-003824,S1_CNC_Machining,surface_finish,8676.655719131153,1.0,,2024-01-07 06:36:25
P-021075,S1_CNC_Machining,surface_finish,47797.39704909574,1.0,,2024-02-03 10:37:52
P-011857,S3_Assembly,misalignment,34642.251781015206,1.0,OP-104,2024-01-25 07:21:54
P-038183,S3_Assembly,missing_fastener,111865.85291607372,3.0,OP-302,2024-03-18 22:25:57
P-005575,S3_Assembly,incorrect_torque,16242.336543247406,1.0,OP-104,2024-01-12 12:42:37
P-038958,S2_Welding,porosity,114114.35916537319,1.0,,2024-03-20 11:54:15
P-046278,S1_CNC_Machining,dimensional_error,105370.86123302758,1.0,,2024-03-14 10:11:18
P-022455,S5_Packaging,packaging_damage,76977.80325100635,2.0,OP-202,2024-02-23 16:57:33
P-021788,S5_Packaging,packaging_damage,74702.40425304572,3.0,OP-302,2024-02-22 03:02:12
P-056797,S1_CNC_Machining,dimensional_error,129283.43596470713,3.0,,2024-03-31 00:43:45
P-034605,S5_Packaging,label_error,118452.64141023162,1.0,OP-102,2024-03-23 12:12:18
P-037334,S5_Packaging,label_error,127800.03702017163,3.0,OP-301,2024-03-30 00:00:31
P-041592,S1_CNC_Machining,surface_finish,94651.78891076287,3.0,,2024-03-06 23:32:08
P-045806,S1_CNC_Machining,surface_finish,104299.3990230281,2.0,,2024-03-13 16:19:41
P-054273,S1_CNC_Machining,dimensional_error,123612.00680174548,3.0,,2024-03-27 02:11:57
P-045256,S1_CNC_Machining,dimensional_error,103059.00221636338,2.0,,2024-03-12 19:39:00
P-036885,S1_CNC_Machining,tool_wear_mark,83917.82656863425,1.0,,2024-02-28 12:37:28
P-037430,S2_Welding,porosity,109631.1745642685,1.0,,2024-03-17 09:11:33
P-020702,S1_CNC_Machining,surface_finish,46964.519989475135,2.0,,2024-02-02 20:44:43
P-030021,S1_CNC_Machining,dimensional_error,68330.90090209579,2.0,,2024-02-17 16:50:53
P-040991,S2_Welding,porosity,120099.34530764061,2.0,,2024-03-24 15:39:13
P-037093,S3_Assembly,misalignment,108652.25608477893,2.0,OP-201,2024-03-16 16:52:26
P-046344,S1_CNC_Machining,tool_wear_mark,105516.85626299863,1.0,,2024-03-14 12:36:23
P-006522,S1_CNC_Machining,dimensional_error,14825.328885600798,1.0,,2024-01-11 13:05:06
P-012183,S1_CNC_Machining,dimensional_error,27590.816359235647,1.0,,2024-01-20 09:50:54
P-023122,S1_CNC_Machining,surface_finish,52480.98320687125,2.0,,2024-02-06 16:40:33
P-013058,S3_Assembly,cosmetic_scratch,38150.976662102046,2.0,OP-201,2024-01-27 17:51:00
P-006493,S3_Assembly,incorrect_torque,18925.098904969247,1.0,OP-102,2024-01-14 09:25:04
P-024097,S2_Welding,weak_weld,70611.8928905027,1.0,,2024-02-19 06:52:11
P-003613,S3_Assembly,cosmetic_scratch,10485.037770981891,1.0,OP-104,2024-01-08 12:45:26
P-019618,S1_CNC_Machining,dimensional_error,44541.51158283255,3.0,,2024-02-01 04:21:20
P-008658,S2_Welding,spatter_damage,25289.756849539583,2.0,,2024-01-18 19:29:36
P-001678,S1_CNC_Machining,dimensional_error,3799.048720587118,2.0,,2024-01-03 21:18:54
P-019853,S2_Welding,spatter_damage,58175.06685165626,2.0,,2024-02-10 15:35:23
P-041320,S1_CNC_Machining,tool_wear_mark,94038.39657255763,1.0,,2024-03-06 13:18:48
P-037976,S3_Assembly,cosmetic_scratch,111259.63977646457,1.0,OP-101,2024-03-18 12:19:49
P-023307,S3_Assembly,misalignment,68281.35267560065,2.0,OP-202,2024-02-17 16:01:14
P-025082,S1_CNC_Machining,dimensional_error,57011.842628331855,2.0,,2024-02-09 20:11:36
P-006925,S1_CNC_Machining,dimensional_error,15712.661430585906,3.0,,2024-01-12 03:52:13
P-023801,S2_Welding,weak_weld,69735.7105680115,2.0,,2024-02-18 16:16:03
P-036857,S5_Packaging,packaging_damage,126189.18310926517,2.0,OP-203,2024-03-28 21:08:41
P-044282,S1_CNC_Machining,surface_finish,100818.71445416205,1.0,,2024-03-11 06:18:37
P-000117,S3_Assembly,misalignment,387.5531089932327,1.0,OP-103,2024-01-01 12:27:37
P-019356,S3_Assembly,misalignment,56716.77352290466,2.0,OP-202,2024-02-09 15:17:07
P-038757,S2_Welding,weak_weld,113524.4656061015,3.0,,2024-03-20 02:04:33
P-007520,S1_CNC_Machining,dimensional_error,17037.607956747317,3.0,,2024-01-13 01:57:34
P-010192,S2_Welding,porosity,29760.49899287614,2.0,,2024-01-21 22:00:36
P-000767,S3_Assembly,incorrect_torque,2253.633944199173,2.0,OP-203,2024-01-02 19:34:04
P-004806,S3_Assembly,cosmetic_scratch,13972.912132693315,3.0,OP-301,2024-01-10 22:53:05
P-000350,S1_CNC_Machining,dimensional_error,789.0823672604894,2.0,,2024-01-01 19:08:54
P-043492,S3_Assembly,cosmetic_scratch,127418.53627156063,2.0,OP-201,2024-03-29 17:38:24
P-033361,S1_CNC_Machining,surface_finish,75975.83347669466,3.0,,2024-02-23 00:16:08
P-003580,S3_Assembly,incorrect_torque,10392.345183710626,,OP-101,2024-01-08 11:12:26
P-015116,S3_Assembly,cosmetic_scratch,44223.98238945661,3.0,OP-301,2024-01-31 23:04:00
P-037808,S3_Assembly,incorrect_torque,110754.24910346017,3.0,OP-301,2024-03-18 03:54:05
P-007652,S1_CNC_Machining,tool_wear_mark,17323.545962628035,1.0,,2024-01-13 06:43:31
P-007894,S2_Welding,porosity,23005.874216060696,3.0,,2024-01-17 05:26:00
P-014511,S3_Assembly,missing_fastener,42403.76631547222,2.0,OP-203,2024-01-30 16:43:35
P-033918,S3_Assembly,cosmetic_scratch,99286.49205768955,3.0,OP-301,2024-03-10 04:46:10
P-002179,S3_Assembly,missing_fastener,6313.808798827977,2.0,OP-201,2024-01-05 15:13:41
P-013231,S1_CNC_Machining,surface_finish,29961.531028524914,3.0,,2024-01-22 01:21:39
P-033493,S1_CNC_Machining,dimensional_error,76273.5657956369,3.0,,2024-02-23 05:13:08
P-036414,S5_Packaging,label_error,124672.27283473384,2.0,OP-203,2024-03-27 19:52:42
P-030966,S3_Assembly,incorrect_torque,90734.95654503228,1.0,OP-103,2024-03-04 06:14:38
P-017093,S1_CNC_Machining,surface_finish,38786.5481596998,3.0,,2024-01-28 04:26:07
P-055762,S1_CNC_Machining,surface_finish,126955.94036228402,1.0,,2024-03-29 09:55:28
P-005331,S1_CNC_Machining,surface_finish,12083.556530277114,2.0,,2024-01-09 15:23:38
P-017825,S1_CNC_Machining,dimensional_error,40443.24777765108,1.0,,2024-01-29 08:02:59
P-018140,S3_Assembly,missing_fastener,53098.53226011054,3.0,OP-301,2024-02-07 02:58:59
P-049625,S1_CNC_Machining,tool_wear_mark,113063.12320816952,2.0,,2024-03-19 18:22:54
P-021170,S3_Assembly,misalignment,62079.276744263785,1.0,OP-104,2024-02-13 08:39:46
P-000752,S1_CNC_Machining,dimensional_error,1704.830472295381,1.0,,2024-01-02 10:25:00
P-054030,S1_CNC_Machining,surface_finish,123075.69673447622,2.0,,2024-03-26 17:15:14
P-030287,S5_Packaging,label_error,103791.0535683369,1.0,OP-103,2024-03-13 07:51:19
P-013953,S2_Welding,porosity,40777.05389269773,1.0,,2024-01-29 13:37:07
P-015606,S2_Welding,weak_weld,45642.4416493786,3.0,,2024-02-01 22:42:55
P-027337,S3_Assembly,missing_fastener,80032.53915812963,2.0,OP-201,2024-02-25 19:52:31
P-035862,S2_Welding,weak_weld,104998.11024093896,3.0,,2024-03-14 03:58:00
P-014915,S3_Assembly,misalignment,43619.17173895031,1.0,OP-104,2024-01-31 12:59:34
P-009249,S3_Assembly,incorrect_torque,27031.135497806124,3.0,OP-301,2024-01-20 00:30:48
P-002667,S3_Assembly,cosmetic_scratch,7754.700360354832,2.0,OP-203,2024-01-06 15:14:46
P-041063,S1_CNC_Machining,tool_wear_mark,93452.15679361529,3.0,,2024-03-06 03:31:47
P-013803,S2_Welding,spatter_damage,40342.9705954032,1.0,,2024-01-29 06:23:02
P-047803,S1_CNC_Machining,tool_wear_mark,108820.93833337631,2.0,,2024-03-16 19:40:34
P-001146,S1_CNC_Machining,surface_finish,2592.5462695050296,3.0,,2024-01-03 01:12:21
P-004664,S5_Packaging,label_error,15899.204838625437,1.0,OP-102,2024-01-12 06:58:52
P-004194,S1_CNC_Machining,surface_finish,9510.753060521132,2.0,,2024-01-07 20:30:39
P-053594,S1_CNC_Machining,dimensional_error,122096.90329638914,3.0,,2024-03-26 00:57:23
P-004766,S3_Assembly,incorrect_torque,13856.675828576497,2.0,OP-201,2024-01-10 20:57:02
P-008739,S3_Assembly,incorrect_torque,25535.463916871104,3.0,OP-302,2024-01-18 23:35:09
P-038581,S3_Assembly,cosmetic_scratch,113005.36406897972,2.0,OP-201,2024-03-19 17:25:09
P-004180,S3_Assembly,incorrect_torque,12181.792530787163,2.0,OP-202,2024-01-09 17:02:00
P-008145,S5_Packaging,label_error,27803.468645219367,1.0,OP-104,2024-01-20 13:23:23
P-022206,S3_Assembly,incorrect_torque,65094.31417428345,1.0,OP-103,2024-02-15 10:54:02
P-026835,S5_Packaging,packaging_damage,91946.7873687391,3.0,OP-301,2024-03-05 02:26:50
P-055066,S1_CNC_Machining,surface_finish,125406.49458256275,1.0,,2024-03-28 08:06:30
P-004245,S2_Welding,spatter_damage,12355.459220308678,,,2024-01-09 19:55:52
P-019344,S3_Assembly,cosmetic_scratch,56677.25845955005,2.0,OP-202,2024-02-09 14:36:56
P-001875,S1_CNC_Machining,surface_finish,4231.844246992707,3.0,,2024-01-04 04:31:53
P-041691,S2_Welding,spatter_damage,122166.54079394505,3.0,,2024-03-26 02:06:21
P-016353,S3_Assembly,incorrect_torque,47847.41985932331,1.0,OP-104,2024-02-03 11:27:21
P-027818,S2_Welding,spatter_damage,81441.06214274027,2.0,,2024-02-26 19:21:22
P-026947,S2_Welding,spatter_damage,78905.92455734359,3.0,,2024-02-25 01:06:00
P-032869,S3_Assembly,misalignment,96262.21827551194,3.0,OP-301,2024-03-08 02:22:10
P-026582,S1_CNC_Machining,dimensional_error,60467.5669797941,3.0,,2024-02-12 05:48:03
P-038532,S1_CNC_Machining,tool_wear_mark,87745.8446446242,3.0,,2024-03-02 04:26:06
P-022395,S1_CNC_Machining,surface_finish,50849.84073276114,1.0,,2024-02-05 13:29:41
P-000785,S3_Assembly,misalignment,2310.6695592003375,2.0,OP-203,2024-01-02 20:30:31
P-021592,S1_CNC_Machining,surface_finish,48958.60603437731,3.0,,2024-02-04 05:58:39
P-018618,S1_CNC_Machining,dimensional_error,42268.80655347673,2.0,,2024-01-30 14:28:44
P-044350,S1_CNC_Machining,surface_finish,100970.53549537538,1.0,,2024-03-11 08:50:37
P-006379,S3_Assembly,misalignment,18602.84586957673,3.0,OP-301,2024-01-14 04:02:52
P-014252,S1_CNC_Machining,surface_finish,32374.963612593077,2.0,,2024-01-23 17:34:57
P-024452,S2_Welding,spatter_damage,71635.10479476087,3.0,,2024-02-19 23:54:59
P-040966,S3_Assembly,cosmetic_scratch,120026.58021484184,2.0,OP-202,2024-03-24 14:26:13
P-005611,S3_Assembly,missing_fastener,,2.0,OP-203,2024-01-12 14:49:05
P-025719,S3_Assembly,cosmetic_scratch,75323.73824557397,1.0,OP-102,2024-02-22 13:23:33
P-006871,S3_Assembly,incorrect_torque,20034.141061951173,3.0,OP-302,2024-01-15 03:54:38
P-024570,S3_Assembly,misalignment,71984.49578697303,3.0,OP-301,2024-02-20 05:44:53
P-015737,S3_Assembly,incorrect_torque,46040.54797356112,,OP-301,2024-02-02 05:20:50
P-019430,S5_Packaging,packaging_damage,66602.40723585736,1.0,OP-104,2024-02-16 12:02:53
P-023605,S3_Assembly,missing_fastener,69162.01336659638,1.0,OP-103,2024-02-18 06:42:14
P-033175,S2_Welding,porosity,97121.15326030253,2.0,,2024-03-08 16:41:34
P-049201,S1_CNC_Machining,surface_finish,112092.30153463535,3.0,,2024-03-19 02:11:48
P-016776,S3_Assembly,missing_fastener,49108.11071151091,1.0,OP-104,2024-02-04 08:28:29
P-008415,S1_CNC_Machining,tool_wear_mark,19071.02249629236,1.0,,2024-01-14 11:51:20
P-050058,S1_CNC_Machining,dimensional_error,114035.26071055797,1.0,,2024-03-20 10:35:31
P-014909,S5_Packaging,label_error,51114.28210560379,2.0,OP-201,2024-02-05 17:54:17
P-012004,S1_CNC_Machining,surface_finish,27187.19790716694,3.0,,2024-01-20 03:07:37
P-020400,S3_Assembly,cosmetic_scratch,59835.818333237934,2.0,OP-203,2024-02-11 19:15:57
P-007085,S2_Welding,weak_weld,20638.189864546173,1.0,,2024-01-15 13:57:58
P-007535,S3_Assembly,cosmetic_scratch,21953.778040726433,1.0,OP-103,2024-01-16 11:53:18
P-000343,S5_Packaging,packaging_damage,1199.7404669312712,3.0,OP-301,2024-01-02 01:59:39
P-041053,S3_Assembly,misalignment,120283.91322579682,2.0,OP-201,2024-03-24 18:43:37
P-037409,S3_Assembly,misalignment,109571.78053954967,1.0,OP-104,2024-03-17 08:11:51
P-032168,S1_CNC_Machining,surface_finish,73225.63071935742,3.0,,2024-02-21 02:25:11
P-024620,S3_Assembly,misalignment,72123.93408687843,1.0,OP-101,2024-02-20 08:04:22
P-033416,S1_CNC_Machining,dimensional_error,76101.21612391414,3.0,,2024-02-23 02:21:26
P-041740,S1_CNC_Machining,tool_wear_mark,94982.05527616227,3.0,,2024-03-07 05:02:05
P-042207,S3_Assembly,incorrect_torque,123679.23130922804,3.0,OP-302,2024-03-27 03:18:46
P-033030,S3_Assembly,misalignment,96716.01487834255,1.0,OP-104,2024-03-08 09:56:25
P-014401,S3_Assembly,missing_fastener,42085.44260009798,1.0,OP-103,2024-01-30 11:25:50
P-007783,S3_Assembly,missing_fastener,22681.959950936656,3.0,OP-302,2024-01-17 00:01:27
P-036585,S1_CNC_Machining,tool_wear_mark,83204.56355585801,3.0,,2024-02-28 00:44:34
P-005117,S3_Assembly,missing_fastener,14916.18162543715,2.0,OP-203,2024-01-11 14:36:15
P-003965,S3_Assembly,misalignment,11554.71863310293,1.0,OP-102,2024-01-09 06:35:09
P-015145,S3_Assembly,misalignment,44304.686489563384,3.0,OP-302,2024-02-01 00:24:22
P-013316,S1_CNC_Machining,tool_wear_mark,30151.949899841668,3.0,,2024-01-22 04:31:35
P-046598,S1_CNC_Machining,dimensional_error,106086.2657797424,3.0,,2024-03-14 22:06:37
P-013788,S3_Assembly,misalignment,40309.90735612999,3.0,OP-302,2024-01-29 05:49:58
P-039069,S3_Assembly,incorrect_torque,114445.36751458677,2.0,OP-201,2024-03-20 17:25:24
P-008946,S1_CNC_Machining,tool_wear_mark,20323.56015910189,1.0,,2024-01-15 08:43:40
P-006441,S2_Welding,weak_weld,18777.02138123087,1.0,,2024-01-14 06:57:02
P-040766,S1_CNC_Machining,tool_wear_mark,92774.30388378653,2.0,,2024-03-05 16:13:50
P-010032,S1_CNC_Machining,dimensional_error,22768.872274558304,3.0,,2024-01-17 01:28:54
P-001132,S1_CNC_Machining,dimensional_error,,3.0,,2024-01-03 00:40:38
P-033107,S3_Assembly,cosmetic_scratch,96932.80733931685,1.0,OP-102,2024-03-08 13:32:49
P-010798,S2_Welding,spatter_damage,31551.158941227666,3.0,,2024-01-23 03:51:00
P-005347,S3_Assembly,cosmetic_scratch,15584.810396560437,3.0,OP-302,2024-01-12 01:44:44
P-027129,S1_CNC_Machining,surface_finish,61716.00036869591,3.0,,2024-02-13 02:36:29
P-009208,S3_Assembly,incorrect_torque,26908.507467023603,,OP-301,2024-01-19 22:28:10
P-025803,S1_CNC_Machining,tool_wear_mark,58635.562343652215,3.0,,2024-02-10 23:15:20
P-006605,S2_Welding,porosity,19247.706708475263,2.0,,2024-01-14 14:48:03
P-011524,S1_CNC_Machining,tool_wear_mark,26126.335518009248,1.0,,2024-01-19 09:26:01
P-005109,S1_CNC_Machining,dimensional_error,11582.823169057201,1.0,,2024-01-09 07:02:49
P-041501,S1_CNC_Machining,dimensional_error,94443.35313475257,2.0,,2024-03-06 20:03:02
P-034841,S3_Assembly,incorrect_torque,102016.59889330987,3.0,OP-301,2024-03-12 02:16:46
P-041524,S1_CNC_Machining,surface_finish,94496.55234584602,2.0,,2024-03-06 20:56:14
P-022420,S1_CNC_Machining,dimensional_error,50905.73567359229,2.0,,2024-02-05 14:25:55
P-002708,S3_Assembly,missing_fastener,7877.902172608711,2.0,OP-202,2024-01-06 17:17:29
P-029112,S3_Assembly,cosmetic_scratch,85269.55637514465,1.0,OP-101,2024-02-29 11:09:26
P-026484,S2_Welding,porosity,77555.39659777939,3.0,,2024-02-24 02:35:45
P-020371,S1_CNC_Machining,tool_wear_mark,46224.076203560944,1.0,,2024-02-02 08:23:50
P-014578,S2_Welding,weak_weld,42588.55301578626,,,2024-01-30 19:48:58
P-050057,S1_CNC_Machining,dimensional_error,114032.35563728631,1.0,,2024-03-20 10:32:08
P-025864,S3_Assembly,cosmetic_scratch,75745.42311483322,2.0,OP-203,2024-02-22 20:25:23
P-024811,S2_Welding,porosity,72663.50393001028,2.0,,2024-02-20 17:03:11
P-048425,S1_CNC_Machining,tool_wear_mark,110311.45882075568,2.0,,2024-03-17 20:31:49
P-019435,S5_Packaging,label_error,66620.02658347183,1.0,OP-102,2024-02-16 12:19:48
P-019631,S5_Packaging,label_error,67298.21760885873,3.0,OP-302,2024-02-16 23:37:48
P-037635,S3_Assembly,incorrect_torque,110229.93663421534,2.0,OP-202,2024-03-17 19:09:59
P-011942,S5_Packaging,packaging_damage,40940.98835572091,2.0,OP-202,2024-01-29 16:20:45
P-009078,S1_CNC_Machining,dimensional_error,20624.632278614805,1.0,,2024-01-15 13:44:52
P-009498,S3_Assembly,missing_fastener,27746.773725312836,1.0,OP-104,2024-01-20 12:27:09
P-001808,S3_Assembly,missing_fastener,5250.555363261014,2.0,OP-201,2024-01-04 21:30:20
P-053026,S1_CNC_Machining,surface_finish,120814.69635964019,3.0,,2024-03-25 03:34:47
P-003215,S1_CNC_Machining,dimensional_error,7308.256581631275,1.0,,2024-01-06 07:48:14
P-019552,S1_CNC_Machining,dimensional_error,44394.345001919144,3.0,,2024-02-01 01:54:03
P-018656,S3_Assembly,cosmetic_scratch,54611.21016524325,3.0,OP-302,2024-02-08 04:11:31
P-012691,S1_CNC_Machining,tool_wear_mark,28743.21645713966,3.0,,2024-01-21 05:03:39
P-009377,S2_Welding,weak_weld,27390.499755665547,1.0,,2024-01-20 06:30:13
P-022235,S3_Assembly,incorrect_torque,65175.17242328544,1.0,OP-101,2024-02-15 12:15:08
P-006269,S3_Assembly,misalignment,18281.93322569056,3.0,OP-301,2024-01-13 22:42:02
P-001114,S3_Assembly,missing_fastener,3259.9187549813782,1.0,OP-102,2024-01-03 12:19:53
P-050593,S1_CNC_Machining,dimensional_error,115333.23481870683,1.0,,2024-03-21 08:13:38
P-048912,S1_CNC_Machining,surface_finish,111441.62654078366,2.0,,2024-03-18 15:21:28
P-021694,S3_Assembly,incorrect_torque,63588.94215445762,1.0,OP-104,2024-02-14 09:49:05
P-040243,S3_Assembly,cosmetic_scratch,117882.19372611646,3.0,OP-302,2024-03-23 02:42:37
P-034158,S3_Assembly,misalignment,100037.39831111244,2.0,OP-202,2024-03-10 17:17:11
P-014344,S5_Packaging,packaging_damage,49207.056709354096,1.0,OP-103,2024-02-04 10:07:30
P-043378,S1_CNC_Machining,dimensional_error,98764.87208360207,2.0,,2024-03-09 20:04:42
P-000283,S3_Assembly,cosmetic_scratch,883.0356294347301,2.0,OP-201,2024-01-01 20:42:51
P-026160,S1_CNC_Machining,dimensional_error,59454.55591456103,1.0,,2024-02-11 12:54:25
P-026649,S1_CNC_Machining,tool_wear_mark,60629.32675393092,1.0,,2024-02-12 08:29:04
P-033595,S3_Assembly,missing_fastener,98336.33873330137,1.0,OP-102,2024-03-09 12:55:58
P-008076,S3_Assembly,incorrect_torque,23546.586416005346,2.0,OP-202,2024-01-17 14:26:24
P-005478,S1_CNC_Machining,tool_wear_mark,12420.74098232892,2.0,,2024-01-09 21:01:11
P-009318,S1_CNC_Machining,tool_wear_mark,21169.639734276217,3.0,,2024-01-15 22:49:20
P-014676,S5_Packaging,packaging_damage,50363.08903025699,3.0,OP-302,2024-02-05 05:22:44
P-005050,S3_Assembly,cosmetic_scratch,14720.574597818182,1.0,OP-103,2024-01-11 11:20:17
P-032040,S5_Packaging,label_error,109733.20734250743,1.0,OP-101,2024-03-17 10:53:14
P-013571,S1_CNC_Machining,dimensional_error,30773.996163716103,2.0,,2024-01-22 14:53:40
P-015584,S3_Assembly,missing_fastener,45579.352247777686,2.0,OP-202,2024-02-01 21:39:47
P-037406,S3_Assembly,missing_fastener,109569.14668902515,1.0,OP-101,2024-03-17 08:08:59
P-004656,S3_Assembly,missing_fastener,13556.835409154362,2.0,OP-203,2024-01-10 15:56:46
P-039552,S3_Assembly,misalignment,115862.84105655005,2.0,OP-202,2024-03-21 17:02:38
P-032742,S3_Assembly,cosmetic_scratch,95909.3201033924,2.0,OP-203,2024-03-07 20:29:28
P-011503,S1_CNC_Machining,surface_finish,26083.43383200686,1.0,,2024-01-19 08:43:26
P-016317,S1_CNC_Machining,surface_finish,37047.20211954205,3.0,,2024-01-26 23:27:00
P-026044,S3_Assembly,missing_fastener,76284.33758712104,3.0,OP-302,2024-02-23 05:23:50
P-041567,S2_Welding,porosity,121816.84463421314,2.0,,2024-03-25 20:16:43
P-036836,S3_Assembly,cosmetic_scratch,107869.77188188989,3.0,OP-302,2024-03-16 03:50:02
P-041094,S2_Welding,spatter_damage,120390.50393798391,2.0,,2024-03-24 20:30:56
P-016448,S2_Welding,weak_weld,48123.233985565945,2.0,,2024-02-03 16:03:05
P-042562,S2_Welding,weak_weld,124696.81162558764,2.0,,2024-03-27 20:16:34
P-040377,S3_Assembly,cosmetic_scratch,118269.97144759315,1.0,OP-102,2024-03-23 09:10:06
P-043829,S3_Assembly,misalignment,128399.28675097223,1.0,OP-104,2024-03-30 09:59:09
P-011900,S1_CNC_Machining,surface_finish,26952.418557238547,3.0,,2024-01-19 23:12:28
P-037644,S5_Packaging,label_error,128809.36819365936,2.0,OP-202,2024-03-30 16:49:42
P-029222,S2_Welding,porosity,85577.21237396925,2.0,,2024-02-29 16:17:39
P-027639,S3_Assembly,incorrect_torque,80924.66524398884,1.0,OP-102,2024-02-26 10:44:36
P-014847,S3_Assembly,misalignment,43389.75901009195,1.0,OP-104,2024-01-31 09:09:41
P-023236,S3_Assembly,misalignment,68067.86872804655,,OP-101,2024-02-17 12:28:15
P-002736,S1_CNC_Machining,tool_wear_mark,6174.540027108949,1.0,,2024-01-05 12:54:52
P-036052,S2_Welding,porosity,105565.4907435724,1.0,,2024-03-14 13:25:13
P-007503,S1_CNC_Machining,surface_finish,17000.157443699452,3.0,,2024-01-13 01:20:38
P-039117,S2_Welding,weak_weld,114581.39900133002,2.0,,2024-03-20 19:41:25
P-003930,S2_Welding,weak_weld,11448.483072764177,3.0,,2024-01-09 04:48:25
P-000529,S3_Assembly,misalignment,1585.4656764916595,1.0,OP-102,2024-01-02 08:25:36
P-002593,S1_CNC_Machining,dimensional_error,5840.306911430793,1.0,,2024-01-05 07:20:34
P-046845,S1_CNC_Machining,tool_wear_mark,106651.75416709865,1.0,,2024-03-15 07:32:02
P-014826,S2_Welding,weak_weld,43320.26519638999,1.0,,2024-01-31 07:59:59
P-032352,S3_Assembly,cosmetic_scratch,94778.84702605425,3.0,OP-302,2024-03-07 01:38:38
P-035935,S2_Welding,weak_weld,105214.15111469671,1.0,,2024-03-14 07:34:05
P-015199,S3_Assembly,misalignment,44466.85879870398,3.0,OP-301,2024-02-01 03:06:39
P-025298,S5_Packaging,packaging_damage,86637.33366889184,,OP-104,2024-03-01 09:57:01
P-035569,S1_CNC_Machining,dimensional_error,80920.71844451342,1.0,,2024-02-26 10:40:17
P-018575,S1_CNC_Machining,tool_wear_mark,42172.48340424854,1.0,,2024-01-30 12:52:58
P-024836,S2_Welding,porosity,72734.49931957551,2.0,,2024-02-20 18:14:26
P-012287,S3_Assembly,cosmetic_scratch,35891.34498868327,3.0,OP-301,2024-01-26 04:11:00
P-007025,S1_CNC_Machining,surface_finish,15942.360724997656,1.0,,2024-01-12 07:42:08
P-000755,S1_CNC_Machining,dimensional_error,1711.4808465768133,1.0,,2024-01-02 10:31:39
P-011101,S3_Assembly,incorrect_torque,32431.423900657308,2.0,OP-201,2024-01-23 18:31:31
P-012490,S2_Welding,weak_weld,36455.280191339065,1.0,,2024-01-26 13:35:15
P-025177,S1_CNC_Machining,surface_finish,57221.83198866524,3.0,,2024-02-09 23:42:02
P-028756,S5_Packaging,label_error,98533.87867226212,2.0,OP-202,2024-03-09 16:13:42
P-039940,S1_CNC_Machining,surface_finish,90918.70823525867,1.0,,2024-03-04 09:19:06
P-004151,S2_Welding,weak_weld,12084.06923722651,2.0,,2024-01-09 15:24:19
P-020605,S1_CNC_Machining,tool_wear_mark,46745.20913780631,2.0,,2024-02-02 17:05:37
P-027457,S2_Welding,porosity,80386.78416328024,3.0,,2024-02-26 01:46:48
P-037240,S3_Assembly,misalignment,109079.43343833911,3.0,OP-302,2024-03-16 23:59:51
P-032291,S1_CNC_Machining,dimensional_error,73497.13837083388,1.0,,2024-02-21 06:57:10
P-000556,S1_CNC_Machining,dimensional_error,1257.6943276679995,3.0,,2024-01-02 02:57:53
P-027478,S1_CNC_Machining,dimensional_error,62563.40683990247,2.0,,2024-02-13 16:43:06
P-019654,S3_Assembly,incorrect_torque,57576.65602804014,3.0,OP-301,2024-02-10 05:36:18
P-051602,S1_CNC_Machining,surface_finish,117615.73591892133,3.0,,2024-03-22 22:15:17
P-030111,S1_CNC_Machining,dimensional_error,68530.75072540426,2.0,,2024-02-17 20:10:22
P-040728,S1_CNC_Machining,surface_finish,92686.95175634183,2.0,,2024-03-05 14:47:15
P-022667,S2_Welding,spatter_damage,66411.59157024353,1.0,,2024-02-16 08:51:35
P-043413,S2_Welding,spatter_damage,127197.1739705617,1.0,,2024-03-29 13:56:45
P-055940,S1_CNC_Machining,dimensional_error,127347.31855832529,2.0,,2024-03-29 16:27:14
P-017703,S1_CNC_Machining,surface_finish,40170.49366997448,3.0,,2024-01-29 03:30:25
P-027475,S5_Packaging,label_error,94142.40553314048,2.0,OP-202,2024-03-06 15:02:41
P-047924,S1_CNC_Machining,tool_wear_mark,109099.33265505356,3.0,,2024-03-17 00:18:51
P-018052,S3_Assembly,missing_fastener,52844.9749559987,3.0,OP-301,2024-02-06 22:45:23
P-022889,S2_Welding,porosity,67031.08354385383,2.0,,2024-02-16 19:11:30
P-017820,S3_Assembly,incorrect_torque,52150.99324239464,1.0,OP-102,2024-02-06 11:10:36
P-042895,S1_CNC_Machining,dimensional_error,97662.81811024951,3.0,,2024-03-09 01:42:56
P-014102,S1_CNC_Machining,tool_wear_mark,32032.731786437966,,,2024-01-23 11:52:38
P-034763,S3_Assembly,incorrect_torque,101795.55522892023,3.0,OP-301,2024-03-11 22:35:08
P-018247,S2_Welding,weak_weld,53406.21967049785,1.0,,2024-02-07 08:06:01
P-029720,S2_Welding,weak_weld,87046.55577143098,2.0,,2024-03-01 16:46:57
P-033028,S5_Packaging,packaging_damage,113093.27076834792,2.0,OP-201,2024-03-19 18:53:44
P-025429,S5_Packaging,packaging_damage,87049.57509050032,2.0,OP-201,2024-03-01 16:49:54
P-033818,S1_CNC_Machining,dimensional_error,77014.40607233005,2.0,,2024-02-23 17:34:24
P-031027,S3_Assembly,missing_fastener,90915.47054488842,1.0,OP-101,2024-03-04 09:15:14
P-029163,S3_Assembly,misalignment,85421.41537682082,1.0,OP-103,2024-02-29 13:41:10
P-001611,S1_CNC_Machining,tool_wear_mark,3632.7590955504347,2.0,,2024-01-03 18:32:29
P-008293,S3_Assembly,incorrect_torque,24215.42117970732,3.0,OP-302,2024-01-18 01:35:36
P-010724,S1_CNC_Machining,tool_wear_mark,24309.56472732442,3.0,,2024-01-18 03:09:37
P-011813,S1_CNC_Machining,surface_finish,26756.87696038779,2.0,,2024-01-19 19:56:48
P-016099,S3_Assembly,missing_fastener,47116.48053648336,3.0,OP-302,2024-02-02 23:16:36
P-041807,S3_Assembly,missing_fastener,122505.65001469532,1.0,OP-104,2024-03-26 07:45:18
P-007150,S1_CNC_Machining,dimensional_error,16225.751350133134,1.0,,2024-01-12 12:25:58
P-017775,S1_CNC_Machining,dimensional_error,40329.55790959486,1.0,,2024-01-29 06:09:34
P-018818,S2_Welding,spatter_damage,55067.28145509928,1.0,,2024-02-08 11:47:30
P-049725,S1_CNC_Machining,dimensional_error,113286.53337610388,3.0,,2024-03-19 22:06:46
P-026197,S1_CNC_Machining,surface_finish,59540.06805209354,2.0,,2024-02-11 14:20:12
P-054247,S1_CNC_Machining,surface_finish,123558.17373708023,3.0,,2024-03-27 01:18:12
P-031938,S2_Welding,weak_weld,93550.57981205088,3.0,,2024-03-06 05:10:04
P-001966,S2_Welding,porosity,5692.490883738448,3.0,,2024-01-05 04:52:59
P-040808,S3_Assembly,misalignment,119531.88065905278,1.0,OP-102,2024-03-24 06:11:24
P-023234,S2_Welding,spatter_damage,68056.54488480445,1.0,,2024-02-17 12:16:11
P-003487,S2_Welding,spatter_damage,10125.024903697842,1.0,,2024-01-08 06:45:29
P-030791,S3_Assembly,cosmetic_scratch,90225.65736951397,2.0,OP-202,2024-03-03 21:45:48
P-022958,S3_Assembly,cosmetic_scratch,67248.66122403578,3.0,OP-302,2024-02-16 22:48:12
P-023138,S2_Welding,porosity,67777.32077246155,,,2024-02-17 07:37:31
P-000152,S3_Assembly,incorrect_torque,489.7376862171852,2.0,OP-201,2024-01-01 14:10:09
P-046274,S1_CNC_Machining,tool_wear_mark,105361.82380288065,1.0,,2024-03-14 10:01:34
P-023901,S3_Assembly,incorrect_torque,70046.66969403868,2.0,OP-202,2024-02-18 21:26:50
P-016148,S5_Packaging,packaging_damage,55364.51160228018,2.0,OP-201,2024-02-08 16:44:03
P-018747,S1_CNC_Machining,dimensional_error,42553.04295004644,2.0,,2024-01-30 19:12:59
P-020615,S3_Assembly,incorrect_torque,60441.39395974425,3.0,OP-302,2024-02-12 05:21:12
P-020019,S2_Welding,spatter_damage,58652.78307945143,3.0,,2024-02-10 23:33:08
P-003136,S3_Assembly,misalignment,9126.246928516404,1.0,OP-104,2024-01-07 14:05:51
P-001999,S3_Assembly,missing_fastener,5787.549293117263,1.0,OP-104,2024-01-05 06:27:12
P-038860,S1_CNC_Machining,surface_finish,88491.99610321349,2.0,,2024-03-02 16:51:34
P-024654,S2_Welding,weak_weld,72214.68329277186,1.0,,2024-02-20 09:34:23
P-025309,S3_Assembly,cosmetic_scratch,74130.09417383382,2.0,OP-201,2024-02-21 17:29:39
P-035603,S1_CNC_Machining,dimensional_error,80998.7032669566,1.0,,2024-02-26 11:58:40
P-016170,S3_Assembly,missing_fastener,47320.93112890488,3.0,OP-302,2024-02-03 02:40:43
P-010924,S3_Assembly,missing_fastener,31916.151084385932,1.0,OP-101,2024-01-23 09:55:52
P-042498,S2_Welding,weak_weld,124513.8458425222,2.0,,2024-03-27 17:13:56
P-039469,S1_CNC_Machining,surface_finish,89858.58923196758,2.0,,2024-03-03 15:38:39
P-054471,S1_CNC_Machining,surface_finish,124063.75972078598,1.0,,2024-03-27 09:43:47
P-006363,S3_Assembly,incorrect_torque,18555.645935568344,3.0,OP-301,2024-01-14 03:15:57
P-028216,S5_Packaging,label_error,96720.56066819794,1.0,OP-102,2024-03-08 10:00:18
P-021498,S1_CNC_Machining,dimensional_error,48752.567384241964,3.0,,2024-02-04 02:32:17
P-053539,S1_CNC_Machining,tool_wear_mark,121973.12473973935,3.0,,2024-03-25 22:52:59
P-012927,S5_Packaging,label_error,44338.27506310203,3.0,OP-302,2024-02-01 00:58:08
P-020549,S3_Assembly,incorrect_torque,60272.65140167932,3.0,OP-302,2024-02-12 02:32:29
P-013501,S2_Welding,spatter_damage,39427.82499417407,2.0,,2024-01-28 15:07:32
P-006915,S1_CNC_Machining,surface_finish,15691.595428203,3.0,,2024-01-12 03:31:20
P-014459,S2_Welding,porosity,42251.39858167687,2.0,,2024-01-30 14:10:56
P-022808,S1_CNC_Machining,dimensional_error,51786.14743037038,3.0,,2024-02-06 05:05:39
P-026247,S1_CNC_Machining,dimensional_error,59654.32126236794,2.0,,2024-02-11 16:14:34
P-035081,S3_Assembly,misalignment,102715.05238300939,,OP-101,2024-03-12 13:55:26
P-041331,S1_CNC_Machining,tool_wear_mark,94063.78466638253,1.0,,2024-03-06 13:43:33
P-055023,S1_CNC_Machining,surface_finish,125306.01968524966,1.0,,2024-03-28 06:26:00
P-011590,S3_Assembly,missing_fastener,33864.69212621233,2.0,OP-203,2024-01-24 18:24:51
P-000638,S1_CNC_Machining,surface_finish,1440.083402042454,3.0,,2024-01-02 05:59:54
P-052386,S1_CNC_Machining,surface_finish,119371.8683780425,3.0,,2024-03-24 03:32:05
P-027707,S3_Assembly,misalignment,81120.44530234949,1.0,OP-101,2024-02-26 14:00:38
P-020172,S2_Welding,porosity,59102.66024184168,1.0,,2024-02-11 07:02:35
P-005917,S1_CNC_Machining,surface_finish,13469.394241193628,2.0,,2024-01-10 14:29:44
P-028106,S2_Welding,porosity,82307.2100397364,1.0,,2024-02-27 09:47:04
P-027339,S5_Packaging,label_error,93702.51892852224,1.0,OP-103,2024-03-06 07:42:48
P-004761,S1_CNC_Machining,dimensional_error,10789.495167277932,2.0,,2024-01-08 17:49:38
P-026592,S1_CNC_Machining,surface_finish,,1.0,,2024-02-12 06:08:07
P-001635,S3_Assembly,cosmetic_scratch,4751.364994918037,1.0,OP-102,2024-01-04 13:11:41
P-031350,S3_Assembly,cosmetic_scratch,91850.52403617327,3.0,OP-302,2024-03-05 00:50:52
P-036227,S3_Assembly,cosmetic_scratch,106089.17178420848,3.0,OP-301,2024-03-14 22:09:24
P-034870,S2_Welding,weak_weld,102098.69865074403,3.0,,2024-03-12 03:38:35
P-037699,S2_Welding,spatter_damage,110434.31877399495,3.0,,2024-03-17 22:34:16
P-039581,S1_CNC_Machining,tool_wear_mark,90116.31920259328,2.0,,2024-03-03 19:56:06
P-040562,S2_Welding,porosity,118827.24221500738,2.0,,2024-03-23 18:27:16
P-032465,S5_Packaging,label_error,111193.96953859058,1.0,OP-102,2024-03-18 11:13:38
P-018128,S3_Assembly,missing_fastener,53065.01212788016,3.0,OP-301,2024-02-07 02:25:12
P-050531,S1_CNC_Machining,tool_wear_mark,115196.80040047155,3.0,,2024-03-21 05:57:16
P-001005,S2_Welding,spatter_damage,2943.2541318893536,1.0,,2024-01-03 07:03:04
P-010629,S3_Assembly,cosmetic_scratch,31062.313011023,2.0,OP-202,2024-01-22 19:42:33
P-032469,S5_Packaging,packaging_damage,111202.51787054815,1.0,OP-104,2024-03-18 11:22:05
P-056064,S1_CNC_Machining,dimensional_error,127628.81816950077,2.0,,2024-03-29 21:08:55
P-010694,S1_CNC_Machining,tool_wear_mark,24240.49411985602,3.0,,2024-01-18 02:00:27
P-021297,S1_CNC_Machining,tool_wear_mark,48295.85972896306,2.0,,2024-02-03 18:56:17
P-001437,S1_CNC_Machining,surface_finish,3238.145488551348,1.0,,2024-01-03 11:58:29
P-029753,S2_Welding,weak_weld,87139.98233532772,2.0,,2024-03-01 18:19:53
P-021342,S1_CNC_Machining,tool_wear_mark,48396.317405590176,2.0,,2024-02-03 20:36:04
P-025958,S1_CNC_Machining,surface_finish,58988.19770602001,3.0,,2024-02-11 05:08:18
P-039773,S3_Assembly,cosmetic_scratch,116496.01127879329,3.0,OP-301,2024-03-22 03:35:37
P-022124,S2_Welding,spatter_damage,64841.6022659326,1.0,,2024-02-15 06:41:57
P-005573,S1_CNC_Machining,tool_wear_mark,12629.023905264134,3.0,,2024-01-10 00:29:18
P-045991,S1_CNC_Machining,dimensional_error,104724.27446978686,3.0,,2024-03-13 23:24:38
P-035509,S1_CNC_Machining,dimensional_error,80780.47445009493,1.0,,2024-02-26 08:19:59
P-040934,S2_Welding,weak_weld,119927.21528702555,1.0,,2024-03-24 12:47:28
P-028163,S5_Packaging,label_error,96555.1790345026,1.0,OP-101,2024-03-08 07:15:10
P-005132,S3_Assembly,cosmetic_scratch,14962.442760280997,2.0,OP-203,2024-01-11 15:21:57
P-002731,S1_CNC_Machining,tool_wear_mark,6163.038355130391,1.0,,2024-01-05 12:43:11
P-044624,S1_CNC_Machining,tool_wear_mark,101600.78301317578,2.0,,2024-03-11 19:20:47
P-020620,S5_Packaging,packaging_damage,70762.21256659491,1.0,OP-101,2024-02-19 09:22:35
P-001309,S1_CNC_Machining,tool_wear_mark,2957.18572153838,1.0,,2024-01-03 07:16:45
P-039360,S2_Welding,weak_weld,115304.53622877484,1.0,,2024-03-21 07:44:25
P-042276,S3_Assembly,incorrect_torque,123871.45177564627,,OP-101,2024-03-27 06:30:58
P-020589,S1_CNC_Machining,dimensional_error,46713.70729591036,2.0,,2024-02-02 16:33:33
P-035000,S3_Assembly,cosmetic_scratch,102477.80911898983,1.0,OP-104,2024-03-12 09:57:49
P-006222,S1_CNC_Machining,dimensional_error,14148.775759381604,3.0,,2024-01-11 01:48:52
P-040467,S3_Assembly,missing_fastener,118545.4151801354,1.0,OP-102,2024-03-23 13:45:46
P-021244,S1_CNC_Machining,tool_wear_mark,48177.61960352015,2.0,,2024-02-03 16:58:04
P-009544,S3_Assembly,cosmetic_scratch,27885.714562243953,2.0,OP-203,2024-01-20 14:45:24
P-012077,S1_CNC_Machining,surface_finish,27354.41140898549,,,2024-01-20 05:54:48
P-042053,S2_Welding,porosity,123204.9171349765,2.0,,2024-03-26 19:24:53
P-016869,S1_CNC_Machining,dimensional_error,38281.017124957034,2.0,,2024-01-27 20:01:13
P-023783,S3_Assembly,misalignment,69688.35688802732,2.0,OP-201,2024-02-18 15:27:53
P-031634,S3_Assembly,missing_fastener,92683.73551590103,2.0,OP-203,2024-03-05 14:43:44
P-005165,S3_Assembly,incorrect_torque,15058.840956406017,2.0,OP-202,2024-01-11 16:58:32
P-033006,S1_CNC_Machining,surface_finish,75118.06284073705,1.0,,2024-02-22 09:58:00
P-020585,S2_Welding,spatter_damage,60362.29314556865,3.0,,2024-02-12 04:02:37
P-031148,S3_Assembly,misalignment,91271.575240864,2.0,OP-203,2024-03-04 15:11:16
P-002683,S3_Assembly,missing_fastener,7797.962863496657,2.0,OP-201,2024-01-06 15:58:15
P-026112,S3_Assembly,cosmetic_scratch,76483.50447014523,1.0,OP-104,2024-02-23 08:43:57
P-007430,S1_CNC_Machining,dimensional_error,16840.109249956626,3.0,,2024-01-12 22:39:53
P-002359,S3_Assembly,cosmetic_scratch,6826.482430062036,3.0,OP-302,2024-01-05 23:46:18
P-039335,S2_Welding,weak_weld,115230.5193804435,1.0,,2024-03-21 06:30:27
P-012693,S2_Welding,spatter_damage,37085.63869286622,3.0,,2024-01-27 00:05:51
P-037197,S2_Welding,weak_weld,108949.41904031836,2.0,,2024-03-16 21:49:26
P-037273,S5_Packaging,label_error,127585.11466569058,2.0,OP-202,2024-03-29 20:24:58
P-005191,S3_Assembly,missing_fastener,15133.02264655116,2.0,OP-202,2024-01-11 18:13:10
P-020836,S3_Assembly,incorrect_torque,61082.753206744324,2.0,OP-201,2024-02-12 16:02:44
P-050789,S1_CNC_Machining,tool_wear_mark,115785.94022128136,2.0,,2024-03-21 15:45:50
P-022626,S2_Welding,porosity,66292.5971748803,1.0,,2024-02-16 06:52:40
P-022690,S3_Assembly,cosmetic_scratch,66487.35278945613,1.0,OP-101,2024-02-16 10:07:48
P-021309,S3_Assembly,incorrect_torque,62476.61736647292,2.0,OP-202,2024-02-13 15:16:23
P-043078,S1_CNC_Machining,tool_wear_mark,98089.61470447385,1.0,,2024-03-09 08:49:11
P-043035,S3_Assembly,cosmetic_scratch,126121.16268421232,2.0,OP-202,2024-03-28 20:01:34
P-036914,S3_Assembly,misalignment,108132.98496074215,1.0,OP-103,2024-03-16 08:13:22
P-002560,S3_Assembly,misalignment,7437.854178549787,1.0,OP-104,2024-01-06 09:57:37
P-039827,S3_Assembly,misalignment,116640.0832806903,3.0,OP-301,2024-03-22 05:59:49
P-028808,S1_CNC_Machining,tool_wear_mark,65620.62468113741,2.0,,2024-02-15 19:41:00
P-018175,S2_Welding,weak_weld,53194.94617230874,3.0,,2024-02-07 04:34:32
P-055745,S1_CNC_Machining,surface_finish,126917.65257176616,,,2024-03-29 09:17:47
P-028415,S3_Assembly,cosmetic_scratch,83214.42562994309,3.0,OP-302,2024-02-28 00:54:42
P-016103,S3_Assembly,cosmetic_scratch,47124.400242111216,3.0,OP-302,2024-02-02 23:24:08
P-037906,S1_CNC_Machining,surface_finish,86265.92345288905,,,2024-03-01 03:45:51
P-023358,S3_Assembly,misalignment,68432.2840845761,2.0,OP-201,2024-02-17 18:32:04
P-009495,S1_CNC_Machining,surface_finish,21560.823719169188,3.0,,2024-01-16 05:20:35
P-038896,S3_Assembly,incorrect_torque,113937.05047893297,1.0,OP-104,2024-03-20 08:56:52
P-032653,S3_Assembly,missing_fastener,95656.5892842107,2.0,OP-202,2024-03-07 16:16:46
P-031617,S1_CNC_Machining,tool_wear_mark,71967.85404901342,3.0,,2024-02-20 05:28:13
P-016020,S3_Assembly,incorrect_torque,,2.0,OP-203,2024-02-02 19:16:44
P-042602,S3_Assembly,cosmetic_scratch,124813.99076758082,3.0,OP-302,2024-03-27 22:13:48
P-003165,S3_Assembly,cosmetic_scratch,9209.802737351154,2.0,OP-201,2024-01-07 15:29:24
P-007396,S2_Welding,spatter_damage,21556.77608753063,3.0,,2024-01-16 05:17:05
P-029951,S3_Assembly,cosmetic_scratch,87736.14023204539,3.0,OP-301,2024-03-02 04:16:10
P-042447,S2_Welding,porosity,124357.33221523161,2.0,,2024-03-27 14:37:12
P-009867,S2_Welding,porosity,28820.621909723213,1.0,,2024-01-21 06:20:17
P-012366,S1_CNC_Machining,tool_wear_mark,28010.927731121814,,,2024-01-20 16:51:04
P-010690,S2_Welding,porosity,31235.26449963173,3.0,,2024-01-22 22:35:09
P-035762,S3_Assembly,cosmetic_scratch,104713.08409954215,,OP-301,2024-03-13 23:12:49
P-007874,S1_CNC_Machining,tool_wear_mark,17859.476814578156,2.0,,2024-01-13 15:39:08
P-034411,S5_Packaging,label_error,117767.85479805653,3.0,OP-301,2024-03-23 00:47:51
P-026664,S1_CNC_Machining,dimensional_error,60662.448802168765,1.0,,2024-02-12 09:02:00
P-027434,S3_Assembly,incorrect_torque,80321.18943316954,3.0,OP-302,2024-02-26 00:41:20
P-010889,S3_Assembly,incorrect_torque,31809.04068573953,1.0,OP-104,2024-01-23 08:09:11
P-020071,S3_Assembly,misalignment,58815.20907340645,3.0,OP-302,2024-02-11 02:14:55
P-011252,S3_Assembly,missing_fastener,32884.05043197943,3.0,OP-301,2024-01-24 02:04:26
P-019964,S5_Packaging,label_error,68465.94842092223,2.0,OP-203,2024-02-17 19:05:44
P-022150,S5_Packaging,packaging_damage,75940.04382045828,3.0,OP-301,2024-02-22 23:40:07
P-005385,S5_Packaging,label_error,18313.014406365226,3.0,OP-302,2024-01-13 23:12:59
P-001449,S3_Assembly,incorrect_torque,4209.0475391621885,3.0,OP-301,2024-01-04 04:09:30
P-026817,S3_Assembly,missing_fastener,78535.75481279378,2.0,OP-203,2024-02-24 18:55:39
P-034288,S3_Assembly,cosmetic_scratch,100424.02364814874,3.0,OP-301,2024-03-10 23:44:22
P-000409,S3_Assembly,misalignment,1244.7506748963867,,OP-302,2024-01-02 02:44:30
P-024223,S3_Assembly,missing_fastener,70981.73496601047,1.0,OP-102,2024-02-19 13:01:27
P-009365,S1_CNC_Machining,tool_wear_mark,21271.939105704183,3.0,,2024-01-16 00:32:06
P-048470,S1_CNC_Machining,surface_finish,110446.6917121374,3.0,,2024-03-17 22:46:35
P-024409,S3_Assembly,cosmetic_scratch,71513.59611388989,2.0,OP-202,2024-02-19 21:53:41
P-041763,S2_Welding,porosity,122370.58964273587,3.0,,2024-03-26 05:30:46
P-022240,S3_Assembly,cosmetic_scratch,65193.545560144295,1.0,OP-102,2024-02-15 12:33:36
P-019591,S3_Assembly,misalignment,57392.05852777972,3.0,OP-302,2024-02-10 02:31:37
P-015112,S3_Assembly,misalignment,44211.26038952881,3.0,OP-302,2024-01-31 22:51:17
P-051686,S1_CNC_Machining,dimensional_error,117802.0095230619,3.0,,2024-03-23 01:22:20
P-027250,S2_Welding,porosity,79772.33186735059,2.0,,2024-02-25 15:32:46
P-048254,S1_CNC_Machining,tool_wear_mark,109880.74850326136,1.0,,2024-03-17 13:20:58
P-018997,S2_Welding,porosity,55606.43192055056,2.0,,2024-02-08 20:46:34
P-034521,S3_Assembly,missing_fastener,,1.0,OP-101,2024-03-11 10:54:28
P-035119,S3_Assembly,misalignment,102829.24425327285,2.0,OP-202,2024-03-12 15:49:43
P-020512,S1_CNC_Machining,tool_wear_mark,46541.91479672964,1.0,,2024-02-02 13:41:48
P-018615,S2_Welding,porosity,54491.28832818636,3.0,,2024-02-08 02:11:19
P-056056,S1_CNC_Machining,surface_finish,127610.87310142127,2.0,,2024-03-29 20:51:10
P-022851,S1_CNC_Machining,dimensional_error,51880.04580147702,1.0,,2024-02-06 06:39:58
P-051443,S1_CNC_Machining,dimensional_error,117253.5866434791,2.0,,2024-03-22 16:14:04
P-044145,S2_Welding,weak_weld,129305.89840915281,3.0,,2024-03-31 01:06:02
P-023654,S3_Assembly,missing_fastener,,1.0,OP-104,2024-02-18 09:03:37
P-010840,S3_Assembly,incorrect_torque,31674.199961821436,3.0,OP-301,2024-01-23 05:54:25
P-010499,S1_CNC_Machining,surface_finish,23803.114641714208,2.0,,2024-01-17 18:43:27
P-033445,S1_CNC_Machining,dimensional_error,76168.87208585138,3.0,,2024-02-23 03:28:31
P-035295,S3_Assembly,missing_fastener,103326.31814527395,3.0,OP-302,2024-03-13 00:05:58
P-040716,S2_Welding,spatter_damage,119267.16587270664,3.0,,2024-03-24 01:46:58
P-015513,S3_Assembly,incorrect_torque,45379.54339833889,2.0,OP-202,2024-02-01 18:19:40
P-012793,S3_Assembly,cosmetic_scratch,37376.71636409088,,OP-301,2024-01-27 04:56:40
P-033655,S3_Assembly,missing_fastener,98504.94982982603,2.0,OP-202,2024-03-09 15:45:09
P-033435,S1_CNC_Machining,tool_wear_mark,76144.07265552513,3.0,,2024-02-23 03:04:00
P-056460,S1_CNC_Machining,surface_finish,128525.21911051248,1.0,,2024-03-30 12:05:30
P-019640,S3_Assembly,misalignment,,3.0,OP-301,2024-02-10 04:57:07
P-045606,S1_CNC_Machining,surface_finish,103843.51774553787,1.0,,2024-03-13 08:43:40
P-003831,S1_CNC_Machining,tool_wear_mark,8693.910843567795,1.0,,2024-01-07 06:53:58
P-030923,S1_CNC_Machining,dimensional_error,70353.08952792182,,,2024-02-19 02:33:13
P-030875,S2_Welding,porosity,90469.63942518592,3.0,,2024-03-04 01:49:16
P-008755,S1_CNC_Machining,dimensional_error,19886.696287006016,3.0,,2024-01-15 01:26:57
P-024938,S3_Assembly,missing_fastener,73037.5589701452,3.0,OP-302,2024-02-20 23:18:03
P-002621,S2_Welding,porosity,7615.649816247131,1.0,,2024-01-06 12:55:09
P-016646,S1_CNC_Machining,dimensional_error,37785.562284168955,1.0,,2024-01-27 11:45:37
P-033087,S1_CNC_Machining,dimensional_error,75299.28087190502,1.0,,2024-02-22 12:58:53
P-033609,S3_Assembly,cosmetic_scratch,98378.95589870164,1.0,OP-101,2024-03-09 13:39:10
P-043501,S1_CNC_Machining,dimensional_error,99034.92479263846,3.0,,2024-03-10 00:35:17
P-026358,S5_Packaging,label_error,90270.66652859659,3.0,OP-301,2024-03-03 22:30:49
P-043408,S1_CNC_Machining,dimensional_error,98828.9065498525,2.0,,2024-03-09 21:08:34
P-027813,S5_Packaging,label_error,95334.72725266776,1.0,OP-103,2024-03-07 10:54:55
P-043732,S1_CNC_Machining,surface_finish,99557.24474136194,1.0,,2024-03-10 09:17:16
P-000253,S1_CNC_Machining,surface_finish,570.0605495728294,2.0,,2024-01-01 15:29:38
P-042363,S1_CNC_Machining,tool_wear_mark,96393.13836009009,3.0,,2024-03-08 04:32:48
P-015410,S3_Assembly,cosmetic_scratch,45075.25766865635,1.0,OP-103,2024-02-01 13:15:23
P-006475,S2_Welding,porosity,18872.57694134541,1.0,,2024-01-14 08:32:26
P-018007,S3_Assembly,incorrect_torque,52705.59692869727,2.0,OP-201,2024-02-06 20:25:51
P-021773,S3_Assembly,misalignment,63807.57252412438,1.0,OP-104,2024-02-14 13:28:02
P-003135,S5_Packaging,label_error,10673.17602490899,2.0,OP-201,2024-01-08 15:52:53
P-043611,S2_Welding,weak_weld,127761.23454343225,3.0,,2024-03-29 23:21:36
P-042282,S2_Welding,porosity,123879.24796946604,1.0,,2024-03-27 06:39:41
P-029101,S3_Assembly,cosmetic_scratch,85241.70977582483,1.0,OP-102,2024-02-29 10:41:46
P-030462,S2_Welding,weak_weld,89215.68340976053,3.0,,2024-03-03 04:55:26
P-035611,S5_Packaging,label_error,121910.79023289355,2.0,OP-203,2024-03-25 21:51:04
P-028393,S3_Assembly,misalignment,83147.73065863457,3.0,OP-302,2024-02-27 23:48:06
P-032649,S1_CNC_Machining,tool_wear_mark,74313.6337851199,2.0,,2024-02-21 20:33:23
P-026256,S3_Assembly,incorrect_torque,76903.12560547257,2.0,OP-201,2024-02-23 15:43:04
P-038576,S1_CNC_Machining,tool_wear_mark,87850.85059090087,1.0,,2024-03-02 06:10:42
P-015541,S5_Packaging,label_error,53318.838226815074,1.0,OP-103,2024-02-07 06:38:38
P-005041,S2_Welding,spatter_damage,14684.507685759858,1.0,,2024-01-11 10:44:15
P-001688,S2_Welding,weak_weld,4898.434146626608,2.0,,2024-01-04 15:38:31
P-035655,S5_Packaging,label_error,122067.99919816364,3.0,OP-301,2024-03-26 00:28:19
P-030349,S3_Assembly,cosmetic_scratch,88908.04956641729,3.0,OP-301,2024-03-02 23:48:05
P-019749,S3_Assembly,incorrect_torque,57864.89180804985,1.0,OP-103,2024-02-10 10:24:48
P-043758,S1_CNC_Machining,dimensional_error,99616.56126292532,1.0,,2024-03-10 10:16:17
P-039158,S3_Assembly,incorrect_torque,114708.32500570003,2.0,OP-202,2024-03-20 21:48:48
P-053768,S1_CNC_Machining,dimensional_error,122490.7950438434,1.0,,2024-03-26 07:30:41
P-018528,S3_Assembly,misalignment,54247.55929042594,3.0,OP-302,2024-02-07 22:07:16
P-042561,S1_CNC_Machining,dimensional_error,96846.12750763487,1.0,,2024-03-08 12:06:11
P-013680,S1_CNC_Machining,surface_finish,31071.59783835715,2.0,,2024-01-22 19:51:21
P-054242,S1_CNC_Machining,surface_finish,123545.18973359851,3.0,,2024-03-27 01:05:24
P-029702,S3_Assembly,incorrect_torque,87007.53449620467,2.0,OP-202,2024-03-01 16:07:30
P-004379,S2_Welding,weak_weld,12730.911249888248,3.0,,2024-01-10 02:10:46
P-009683,S3_Assembly,misalignment,28284.010092438446,2.0,OP-203,2024-01-20 21:23:53
P-014290,S1_CNC_Machining,surface_finish,32460.200450915898,2.0,,2024-01-23 18:59:44
P-037251,S2_Welding,porosity,109108.72275274798,3.0,,2024-03-17 00:28:26
P-004947,S5_Packaging,packaging_damage,16807.25539719436,3.0,OP-301,2024-01-12 22:06:56
P-042557,S3_Assembly,misalignment,124697.98751614988,2.0,OP-203,2024-03-27 20:18:03
P-011959,S3_Assembly,cosmetic_scratch,34943.50725080743,1.0,OP-103,2024-01-25 12:23:53
P-037450,S5_Packaging,label_error,128200.9150039255,1.0,OP-102,2024-03-30 06:40:37
P-015221,S5_Packaging,packaging_damage,52179.11255316869,1.0,OP-104,2024-02-06 11:39:14
P-054122,S1_CNC_Machining,surface_finish,123276.9326696667,2.0,,2024-03-26 20:37:22
P-010619,S2_Welding,spatter_damage,31021.80824966225,2.0,,2024-01-22 19:02:08
P-015853,S5_Packaging,packaging_damage,54367.74829242697,3.0,OP-301,2024-02-08 00:07:52
P-030079,S3_Assembly,cosmetic_scratch,88084.58661487301,1.0,OP-102,2024-03-02 10:04:59
P-014581,S2_Welding,porosity,42597.72360762282,2.0,,2024-01-30 19:58:00
P-026757,S3_Assembly,misalignment,78352.94544548511,2.0,OP-201,2024-02-24 15:53:08
P-023280,S1_CNC_Machining,dimensional_error,52837.87469106528,3.0,,2024-02-06 22:37:31
P-009299,S3_Assembly,incorrect_torque,27176.1187554538,3.0,OP-301,2024-01-20 02:56:33
P-013997,S3_Assembly,cosmetic_scratch,40909.583806716284,2.0,OP-201,2024-01-29 15:49:35
P-036864,S2_Welding,spatter_damage,107984.45723179234,3.0,,2024-03-16 05:44:47
P-002290,S1_CNC_Machining,dimensional_error,5167.981257410864,2.0,,2024-01-04 20:08:18
P-037926,S1_CNC_Machining,dimensional_error,86312.54162842024,3.0,,2024-03-01 04:32:31
P-010490,S2_Welding,spatter_damage,30632.83815623369,1.0,,2024-01-22 12:32:52
P-005971,S3_Assembly,missing_fastener,17417.15619320735,1.0,OP-103,2024-01-13 08:16:56
P-043989,S2_Welding,spatter_damage,,2.0,,2024-03-30 17:35:35
P-014446,S2_Welding,porosity,42211.325463248184,1.0,,2024-01-30 13:31:09
P-018407,S3_Assembly,cosmetic_scratch,53891.436920230124,2.0,OP-201,2024-02-07 16:11:30
P-009131,S1_CNC_Machining,dimensional_error,20747.701440103527,2.0,,2024-01-15 15:47:35
P-019496,S1_CNC_Machining,tool_wear_mark,44273.18987853398,3.0,,2024-01-31 23:53:14
P-050934,S1_CNC_Machining,tool_wear_mark,116109.27438375137,2.0,,2024-03-21 21:09:40
P-012726,S1_CNC_Machining,dimensional_error,28826.48729335276,1.0,,2024-01-21 06:26:49
P-002108,S1_CNC_Machining,dimensional_error,4756.965974537,1.0,,2024-01-04 13:16:46
P-019239,S2_Welding,weak_weld,56329.37997738487,1.0,,2024-02-09 08:49:25
P-011227,S5_Packaging,packaging_damage,38469.7240416801,3.0,OP-301,2024-01-27 23:10:09
P-029788,S3_Assembly,misalignment,87253.79584326269,,OP-202,2024-03-01 20:13:20
P-010099,S3_Assembly,cosmetic_scratch,29504.842656509685,2.0,OP-202,2024-01-21 17:44:54
P-017733,S3_Assembly,cosmetic_scratch,51897.168584005885,1.0,OP-104,2024-02-06 06:57:21
P-046182,S1_CNC_Machining,dimensional_error,105153.78911568136,1.0,,2024-03-14 06:33:18
P-025473,S2_Welding,porosity,74600.07130505833,3.0,,2024-02-22 01:20:28
P-019178,S3_Assembly,missing_fastener,,3.0,OP-302,2024-02-09 05:45:33
P-000575,S3_Assembly,incorrect_torque,1702.3796980637078,1.0,OP-101,2024-01-02 10:22:16
P-004887,S3_Assembly,incorrect_torque,14237.059348996265,3.0,OP-301,2024-01-11 03:17:21
P-013899,S2_Welding,porosity,40621.62859070377,1.0,,2024-01-29 11:01:23
P-000702,S5_Packaging,label_error,2373.717165178831,2.0,OP-203,2024-01-02 21:33:33
P-038097,S1_CNC_Machining,tool_wear_mark,86697.30136692437,1.0,,2024-03-01 10:57:20
P-001131,S3_Assembly,cosmetic_scratch,3314.714953664267,1.0,OP-101,2024-01-03 13:14:24
P-044207,S2_Welding,spatter_damage,129483.56834991867,3.0,,2024-03-31 04:03:19
P-037321,S2_Welding,spatter_damage,109306.82630580936,3.0,,2024-03-17 03:46:44
P-019125,S5_Packaging,label_error,65568.05684920395,2.0,OP-202,2024-02-15 18:48:01
P-014249,S5_Packaging,label_error,48881.35152664391,3.0,OP-301,2024-02-04 04:41:40
P-026388,S2_Welding,weak_weld,77274.11907766633,2.0,,2024-02-23 21:54:23
P-018240,S5_Packaging,label_error,62517.7624977057,2.0,OP-202,2024-02-13 15:57:15
P-014585,S2_Welding,porosity,42612.0695460569,2.0,,2024-01-30 20:12:11
P-005005,S1_CNC_Machining,dimensional_error,11345.867430240067,3.0,,2024-01-09 03:06:05
P-020634,S2_Welding,porosity,60493.68009207146,1.0,,2024-02-12 06:13:54
P-010213,S3_Assembly,cosmetic_scratch,29838.648182362944,3.0,OP-301,2024-01-21 23:19:08
P-038099,S1_CNC_Machining,surface_finish,86703.24136102022,1.0,,2024-03-01 11:02:47
P-005114,S3_Assembly,misalignment,14905.930471625332,2.0,OP-201,2024-01-11 14:26:19
P-010931,S2_Welding,weak_weld,31922.283811119647,1.0,,2024-01-23 10:02:35
P-006921,S1_CNC_Machining,dimensional_error,15703.568980994012,3.0,,2024-01-12 03:43:27
P-003783,S3_Assembly,incorrect_torque,11021.916692878081,2.0,OP-201,2024-01-08 21:42:19
P-033581,S1_CNC_Machining,surface_finish,76470.65936653856,1.0,,2024-02-23 08:30:14
P-026013,S5_Packaging,packaging_damage,89130.94897486334,3.0,OP-302,2024-03-03 03:31:06
P-009268,S5_Packaging,label_error,31720.919758563658,1.0,OP-104,2024-01-23 06:41:03
P-014987,S1_CNC_Machining,dimensional_error,34041.100817874794,2.0,,2024-01-24 21:20:52
P-044324,S1_CNC_Machining,surface_finish,100914.4422636502,1.0,,2024-03-11 07:54:54
P-041355,S1_CNC_Machining,surface_finish,,2.0,,2024-03-06 14:38:06
P-024365,S2_Welding,weak_weld,,2.0,,2024-02-19 19:38:12
P-001244,S3_Assembly,cosmetic_scratch,3623.06416326339,2.0,OP-201,2024-01-03 18:23:30
P-039674,S3_Assembly,cosmetic_scratch,116202.15995197764,3.0,OP-301,2024-03-21 22:42:17
P-008462,S3_Assembly,missing_fastener,24725.899015882384,1.0,OP-101,2024-01-18 10:05:47
P-032552,S5_Packaging,label_error,111481.03983467333,2.0,OP-202,2024-03-18 16:00:45
P-012480,S2_Welding,spatter_damage,36428.29813186145,1.0,,2024-01-26 13:08:28
P-022476,S1_CNC_Machining,dimensional_error,51035.43571672352,2.0,,2024-02-05 16:35:42
P-004945,S1_CNC_Machining,dimensional_error,11209.315617348611,3.0,,2024-01-09 00:49:13
P-014811,S1_CNC_Machining,dimensional_error,33637.95897858901,2.0,,2024-01-24 14:38:04
P-028961,S3_Assembly,misalignment,84833.50083831321,3.0,OP-301,2024-02-29 03:53:13
P-054612,S1_CNC_Machining,tool_wear_mark,124378.10033433662,2.0,,2024-03-27 14:57:55
P-016850,S3_Assembly,incorrect_torque,49308.49498816305,1.0,OP-103,2024-02-04 11:48:58
P-024895,S3_Assembly,missing_fastener,72914.11552478507,2.0,OP-201,2024-02-20 21:14:27
P-001684,S5_Packaging,packaging_damage,5790.965761894658,1.0,OP-104,2024-01-05 06:30:43
P-041792,S3_Assembly,incorrect_torque,122462.18626327807,1.0,OP-103,2024-03-26 07:01:51
P-013710,S3_Assembly,cosmetic_scratch,40037.546702220694,3.0,OP-302,2024-01-29 01:17:45
P-021107,S3_Assembly,misalignment,61896.37903638035,3.0,OP-302,2024-02-13 05:36:50
P-018142,S1_CNC_Machining,tool_wear_mark,41154.06371038845,2.0,,2024-01-29 19:53:36
P-035307,S2_Welding,porosity,103354.98043134424,3.0,,2024-03-13 00:35:27
P-001591,S3_Assembly,cosmetic_scratch,4623.31544583566,1.0,OP-104,2024-01-04 11:03:42
P-033304,S3_Assembly,misalignment,97502.79835000866,3.0,OP-301,2024-03-08 23:02:48
P-033975,S3_Assembly,missing_fastener,99451.89261202882,1.0,OP-101,2024-03-10 07:31:40
P-010575,S5_Packaging,packaging_damage,36218.49076078015,1.0,OP-103,2024-01-26 09:38:54
P-036676,S3_Assembly,misalignment,107416.50564432947,2.0,OP-203,2024-03-15 20:16:37
P-037103,S3_Assembly,cosmetic_scratch,108680.6352033893,2.0,OP-202,2024-03-16 17:21:01
P-028968,S3_Assembly,incorrect_torque,84857.34422451307,3.0,OP-301,2024-02-29 04:17:26
P-015569,S3_Assembly,incorrect_torque,45539.34212201892,2.0,OP-201,2024-02-01 20:59:04
P-033681,S3_Assembly,cosmetic_scratch,98584.07230252898,2.0,OP-201,2024-03-09 17:04:02
P-006951,S3_Assembly,misalignment,20273.837459373182,1.0,OP-104,2024-01-15 07:53:33
P-016952,S1_CNC_Machining,tool_wear_mark,38469.949922425956,3.0,,2024-01-27 23:09:28
P-032004,S5_Packaging,label_error,109623.88433911516,1.0,OP-103,2024-03-17 09:03:49
P-020275,S3_Assembly,cosmetic_scratch,59445.016752536285,1.0,OP-103,2024-02-11 12:44:58
P-015449,S2_Welding,spatter_damage,45183.52159982503,2.0,,2024-02-01 15:03:43
P-034860,S2_Welding,spatter_damage,,3.0,,2024-03-12 03:11:26
P-038741,S3_Assembly,missing_fastener,113485.04160769204,3.0,OP-301,2024-03-20 01:25:02
P-055633,S1_CNC_Machining,tool_wear_mark,,3.0,,2024-03-29 05:11:37
P-030253,S1_CNC_Machining,surface_finish,68844.47976695908,3.0,,2024-02-18 01:24:27
P-035731,S3_Assembly,cosmetic_scratch,104624.45958023907,2.0,OP-202,2024-03-13 21:44:48
P-000817,S3_Assembly,cosmetic_scratch,2396.7174510079085,2.0,OP-201,2024-01-02 21:56:27
P-009900,S2_Welding,spatter_damage,28910.59675071166,1.0,,2024-01-21 07:50:08
P-030267,S2_Welding,porosity,88660.10919440012,2.0,,2024-03-02 19:39:40
P-035711,S3_Assembly,incorrect_torque,104562.01673985166,2.0,OP-203,2024-03-13 20:42:04
P-037468,S5_Packaging,packaging_damage,128259.76193362597,1.0,OP-103,2024-03-30 07:39:33
P-001584,S2_Welding,weak_weld,4596.000769733521,1.0,,2024-01-04 10:35:30
P-021919,S5_Packaging,label_error,75154.9033315408,,OP-102,2024-02-22 10:34:24
P-019248,S2_Welding,weak_weld,56353.3351669087,1.0,,2024-02-09 09:13:16
P-028077,S1_CNC_Machining,tool_wear_mark,63919.589813788174,2.0,,2024-02-14 15:19:09
P-042726,S3_Assembly,incorrect_torque,,3.0,OP-302,2024-03-28 04:24:05
P-023762,S3_Assembly,missing_fastener,69624.62350298297,2.0,OP-203,2024-02-18 14:25:05
P-030550,S2_Welding,weak_weld,89464.43306418724,1.0,,2024-03-03 09:04:26
P-014836,S3_Assembly,incorrect_torque,43355.26848917191,,OP-101,2024-01-31 08:35:22
P-033820,S3_Assembly,misalignment,98994.8707431514,3.0,OP-301,2024-03-09 23:54:50
P-032665,S1_CNC_Machining,tool_wear_mark,74347.0051253925,2.0,,2024-02-21 21:06:52
P-026553,S3_Assembly,incorrect_torque,77774.60452923838,1.0,OP-101,2024-02-24 06:14:30
P-032175,S2_Welding,spatter_damage,94241.33963981869,2.0,,2024-03-06 16:40:59
P-021960,S3_Assembly,misalignment,64358.157652664115,3.0,OP-301,2024-02-14 22:37:58
P-040946,S3_Assembly,misalignment,119967.25248870428,,OP-104,2024-03-24 13:27:21
P-024107,S1_CNC_Machining,dimensional_error,54690.937849159876,3.0,,2024-02-08 05:31:25
P-019644,S1_CNC_Machining,dimensional_error,44601.912889642,3.0,,2024-02-01 05:21:39
P-017176,S3_Assembly,missing_fastener,50261.332760348254,3.0,OP-302,2024-02-05 03:40:57
P-041732,S2_Welding,weak_weld,122284.034974732,3.0,,2024-03-26 04:04:04
P-020685,S3_Assembly,incorrect_torque,60646.493958486484,1.0,OP-104,2024-02-12 08:46:28
P-035868,S3_Assembly,incorrect_torque,105021.02094078365,3.0,OP-302,2024-03-14 04:20:48
P-027511,S3_Assembly,missing_fastener,80548.37099085026,3.0,OP-301,2024-02-26 04:28:22
P-045064,S1_CNC_Machining,tool_wear_mark,102590.75408355742,1.0,,2024-03-12 11:50:43
P-024601,S1_CNC_Machining,dimensional_error,55822.06239832392,3.0,,2024-02-09 00:21:48
P-011198,S1_CNC_Machining,dimensional_error,25393.155775997617,2.0,,2024-01-18 21:13:08
P-001375,S3_Assembly,incorrect_torque,3999.190700943231,3.0,OP-301,2024-01-04 00:38:46
P-022189,S3_Assembly,misalignment,65043.713306156504,1.0,OP-104,2024-02-15 10:03:13
P-017999,S3_Assembly,missing_fastener,52681.77996695123,2.0,OP-203,2024-02-06 20:01:32
P-017330,S3_Assembly,misalignment,50723.860202816955,1.0,OP-104,2024-02-05 11:24:17
P-032338,S3_Assembly,missing_fastener,94736.25486520848,3.0,OP-301,2024-03-07 00:56:26
P-003023,S5_Packaging,label_error,10318.265510102858,1.0,OP-104,2024-01-08 09:58:18
P-001038,S1_CNC_Machining,dimensional_error,2345.2987635305885,2.0,,2024-01-02 21:05:09
P-028399,S1_CNC_Machining,surface_finish,64650.89662436943,3.0,,2024-02-15 03:31:18
P-034323,S1_CNC_Machining,surface_finish,78136.8826259389,1.0,,2024-02-24 12:16:59
P-040563,S1_CNC_Machining,surface_finish,92316.10480419689,1.0,,2024-03-05 08:35:38
P-021686,S2_Welding,porosity,63561.16425610397,1.0,,2024-02-14 09:21:36
P-017534,S2_Welding,spatter_damage,51323.364035791456,2.0,,2024-02-05 21:23:23
P-000630,S2_Welding,spatter_damage,1864.0584161403656,1.0,,2024-01-02 13:04:14
P-006024,S5_Packaging,label_error,20503.57100968762,1.0,OP-101,2024-01-15 11:43:13
P-037742,S3_Assembly,incorrect_torque,110562.56817498925,3.0,OP-302,2024-03-18 00:42:28
P-044103,S3_Assembly,missing_fastener,129182.3083115962,3.0,OP-301,2024-03-30 23:02:44
P-021505,S2_Welding,spatter_damage,63037.12123967019,3.0,,2024-02-14 00:36:54
P-018652,S3_Assembly,missing_fastener,54601.94480329566,3.0,OP-302,2024-02-08 04:01:45
P-044160,S2_Welding,spatter_damage,129345.69134513698,3.0,,2024-03-31 01:45:48
P-037350,S1_CNC_Machining,tool_wear_mark,85023.75354295917,1.0,,2024-02-29 07:03:23
P-010817,S1_CNC_Machining,surface_finish,24514.421094454578,1.0,,2024-01-18 06:34:01
P-043344,S2_Welding,weak_weld,126995.46986670376,1.0,,2024-03-29 10:35:13
P-001079,S5_Packaging,label_error,3669.4943460246704,2.0,OP-202,2024-01-03 19:09:41
P-016966,S3_Assembly,missing_fastener,49652.29059892728,2.0,OP-203,2024-02-04 17:31:51
P-036028,S3_Assembly,missing_fastener,105504.62751528608,1.0,OP-102,2024-03-14 12:24:13
P-013238,S3_Assembly,missing_fastener,38670.99488974675,3.0,OP-302,2024-01-28 02:30:56
P-041416,S3_Assembly,misalignment,121379.49564243377,1.0,OP-101,2024-03-25 12:59:35
P-041832,S2_Welding,spatter_damage,122575.468103566,1.0,,2024-03-26 08:55:52
P-045378,S1_CNC_Machining,tool_wear_mark,103327.37909650353,3.0,,2024-03-13 00:07:01
P-013452,S3_Assembly,incorrect_torque,39294.391640715614,1.0,OP-103,2024-01-28 12:54:48
P-039967,S2_Welding,porosity,117079.63842526176,1.0,,2024-03-22 13:19:22
P-039142,S1_CNC_Machining,surface_finish,89125.27513090162,3.0,,2024-03-03 03:25:00
P-017207,S2_Welding,weak_weld,50347.78335183871,3.0,,2024-02-05 05:07:17
P-036407,S3_Assembly,cosmetic_scratch,106622.55965880211,1.0,OP-103,2024-03-15 07:02:13
P-033423,S2_Welding,porosity,97833.93162993305,3.0,,2024-03-09 04:34:21
P-042954,S3_Assembly,incorrect_torque,,2.0,OP-203,2024-03-28 16:04:58
P-027327,S3_Assembly,misalignment,80008.66601156874,2.0,OP-202,2024-02-25 19:28:32
P-025325,S3_Assembly,cosmetic_scratch,74166.23627763994,2.0,OP-203,2024-02-21 18:06:23
P-000412,S1_CNC_Machining,tool_wear_mark,930.4530654667119,2.0,,2024-01-01 21:30:31
P-024988,S1_CNC_Machining,tool_wear_mark,56800.86611652438,2.0,,2024-02-09 16:40:50
P-006934,S3_Assembly,missing_fastener,20218.921953135392,1.0,OP-101,2024-01-15 06:58:44
P-025135,S1_CNC_Machining,surface_finish,57131.861300395525,3.0,,2024-02-09 22:11:35
P-012988,S1_CNC_Machining,surface_finish,29410.181871635334,2.0,,2024-01-21 16:10:34
P-021169,S1_CNC_Machining,tool_wear_mark,48009.882442512855,2.0,,2024-02-03 14:10:17
P-036380,S1_CNC_Machining,dimensional_error,82747.03834262516,2.0,,2024-02-27 17:06:38
P-002627,S3_Assembly,misalignment,7635.448647008061,1.0,OP-101,2024-01-06 13:15:21
P-028011,S1_CNC_Machining,dimensional_error,63769.64347666644,1.0,,2024-02-14 12:50:05
P-013285,S3_Assembly,incorrect_torque,38815.35302689118,3.0,OP-302,2024-01-28 04:55:01
P-033916,S3_Assembly,misalignment,,3.0,OP-301,2024-03-10 04:37:29
P-005856,S1_CNC_Machining,surface_finish,13272.265577866443,1.0,,2024-01-10 11:11:50
P-034886,S1_CNC_Machining,tool_wear_mark,79394.51932539875,1.0,,2024-02-25 09:14:55
P-041612,S2_Welding,porosity,121946.37482737689,3.0,,2024-03-25 22:26:20
P-021296,S3_Assembly,cosmetic_scratch,62443.67724189123,2.0,OP-202,2024-02-13 14:44:09
P-033096,S2_Welding,porosity,96895.27130354804,1.0,,2024-03-08 12:54:50
P-004093,S1_CNC_Machining,dimensional_error,9279.355044329763,,,2024-01-07 16:38:55
P-005399,S1_CNC_Machining,surface_finish,12241.9447368722,2.0,,2024-01-09 18:01:26
P-016220,S3_Assembly,misalignment,47465.3539646827,3.0,OP-301,2024-02-03 05:05:44
P-001510,S3_Assembly,missing_fastener,4383.627115092748,1.0,OP-103,2024-01-04 07:03:57
P-001717,S2_Welding,spatter_damage,4979.478371646081,2.0,,2024-01-04 16:59:56
P-003413,S3_Assembly,misalignment,9922.597505655202,3.0,OP-301,2024-01-08 03:22:22
P-030677,S1_CNC_Machining,dimensional_error,69794.29304087123,2.0,,2024-02-18 17:14:14
P-023527,S3_Assembly,misalignment,68932.7658485823,,OP-301,2024-02-18 02:52:38
P-037814,S5_Packaging,label_error,129395.53337422431,3.0,OP-301,2024-03-31 02:35:12
P-040359,S1_CNC_Machining,dimensional_error,91866.19080160988,3.0,,2024-03-05 01:06:39
P-022366,S2_Welding,weak_weld,65562.11055995597,2.0,,2024-02-15 18:41:55
P-002232,S5_Packaging,packaging_damage,,1.0,OP-102,2024-01-06 12:42:36
P-030719,S2_Welding,porosity,89974.7539317676,2.0,,2024-03-03 17:35:07
P-018520,S1_CNC_Machining,tool_wear_mark,42052.283315960725,1.0,,2024-01-30 10:52:41
P-014161,S3_Assembly,incorrect_torque,41388.897548570494,3.0,OP-302,2024-01-29 23:48:44
P-001781,S1_CNC_Machining,tool_wear_mark,4025.6151133892336,3.0,,2024-01-04 01:06:05
P-033654,S2_Welding,porosity,98501.13979398934,2.0,,2024-03-09 15:41:19
P-033407,S3_Assembly,misalignment,97808.23989856301,3.0,OP-301,2024-03-09 04:08:09
P-015265,S3_Assembly,cosmetic_scratch,44652.03480610325,1.0,OP-103,2024-02-01 06:11:55
P-034006,S3_Assembly,misalignment,99541.08668210139,1.0,OP-102,2024-03-10 09:00:52
P-009499,S1_CNC_Machining,tool_wear_mark,21568.71315374113,3.0,,2024-01-16 05:28:35
P-036587,S2_Welding,porosity,107152.93800315636,2.0,,2024-03-15 15:53:18
P-023830,S3_Assembly,cosmetic_scratch,69830.7371383449,2.0,OP-203,2024-02-18 17:50:41
P-012020,S2_Welding,porosity,35108.18926756958,2.0,,2024-01-25 15:08:24
P-034100,S3_Assembly,missing_fastener,99818.50064520177,1.0,OP-101,2024-03-10 13:38:05
P-027587,S1_CNC_Machining,dimensional_error,62805.38705209981,2.0,,2024-02-13 20:44:57
P-002269,S1_CNC_Machining,dimensional_error,5120.997269969594,2.0,,2024-01-04 19:20:41
P-034030,S3_Assembly,cosmetic_scratch,99616.4718464007,1.0,OP-104,2024-03-10 10:15:59
P-000688,S3_Assembly,misalignment,2030.760232872832,2.0,OP-201,2024-01-02 15:50:24
P-017503,S3_Assembly,cosmetic_scratch,51241.33064101182,2.0,OP-201,2024-02-05 20:01:30
P-009060,S3_Assembly,misalignment,26472.665827364464,2.0,OP-203,2024-01-19 15:13:01
P-033025,S2_Welding,spatter_damage,96695.94079420465,1.0,,2024-03-08 09:36:03
P-005834,S3_Assembly,incorrect_torque,17018.946809183562,3.0,OP-301,2024-01-13 01:39:08
P-024825,S3_Assembly,cosmetic_scratch,72713.0302447529,2.0,OP-202,2024-02-20 17:53:22
P-036942,S3_Assembly,missing_fastener,108204.67327113751,1.0,OP-102,2024-03-16 09:24:31
P-037268,S1_CNC_Machining,dimensional_error,84842.08506104695,3.0,,2024-02-29 04:02:32
P-027564,S1_CNC_Machining,surface_finish,62753.87570626852,2.0,,2024-02-13 19:53:38
P-004843,S2_Welding,spatter_damage,14071.240876018108,3.0,,2024-01-11 00:31:19
P-016932,S2_Welding,weak_weld,49546.44182768253,2.0,,2024-02-04 15:46:01
P-024952,S3_Assembly,cosmetic_scratch,73084.15203502403,3.0,OP-301,2024-02-21 00:04:22
P-043120,S3_Assembly,incorrect_torque,126363.61103350899,3.0,OP-302,2024-03-29 00:03:41
P-045843,S1_CNC_Machining,surface_finish,104388.51309840502,2.0,,2024-03-13 17:48:57
P-005843,S2_Welding,weak_weld,17034.957878868172,3.0,,2024-01-13 01:54:45
P-007271,S3_Assembly,misalignment,21184.74957613389,3.0,OP-301,2024-01-15 23:05:14
P-031352,S3_Assembly,cosmetic_scratch,91856.0022451017,3.0,OP-301,2024-03-05 00:56:18
P-041883,S3_Assembly,missing_fastener,122726.87869115654,1.0,OP-102,2024-03-26 11:27:01
P-014858,S1_CNC_Machining,dimensional_error,33747.65764437168,2.0,,2024-01-24 16:27:11
P-035144,S3_Assembly,misalignment,102899.8598363735,2.0,OP-203,2024-03-12 16:59:24
P-038160,S3_Assembly,incorrect_torque,111793.83656551094,2.0,OP-203,2024-03-18 21:14:06
P-044988,S1_CNC_Machining,surface_finish,102422.323375974,,,2024-03-12 09:02:28
P-007830,S5_Packaging,packaging_damage,26724.05877969262,2.0,OP-201,2024-01-19 19:23:46
P-017128,S1_CNC_Machining,dimensional_error,38860.43675204347,3.0,,2024-01-28 05:40:30
P-001495,S3_Assembly,misalignment,4337.492904962819,1.0,OP-103,2024-01-04 06:17:45
P-056798,S1_CNC_Machining,dimensional_error,129288.20535230087,3.0,,2024-03-31 00:48:14
P-004665,S1_CNC_Machining,tool_wear_mark,10574.191986125874,2.0,,2024-01-08 14:14:03
P-040574,S3_Assembly,missing_fastener,118865.32425952962,2.0,OP-201,2024-03-23 19:05:11
P-003171,S1_CNC_Machining,dimensional_error,7209.678268806459,1.0,,2024-01-06 06:10:07
P-030817,S1_CNC_Machining,tool_wear_mark,70109.86123108146,3.0,,2024-02-18 22:29:47
P-037930,S3_Assembly,incorrect_torque,111098.34664422415,1.0,OP-102,2024-03-18 09:38:08
P-023228,S1_CNC_Machining,surface_finish,52722.91896694061,2.0,,2024-02-06 20:43:01
P-004629,S3_Assembly,misalignment,13474.055369969828,2.0,OP-201,2024-01-10 14:34:05
P-047086,S1_CNC_Machining,tool_wear_mark,107192.99260459619,2.0,,2024-03-15 16:33:16
P-020835,S5_Packaging,label_error,71471.82967399692,2.0,OP-201,2024-02-19 21:12:11
P-001988,S1_CNC_Machining,tool_wear_mark,4485.511185637469,1.0,,2024-01-04 08:45:50
P-029473,S3_Assembly,misalignment,86324.99417322822,3.0,OP-302,2024-03-01 04:45:26
P-019745,S5_Packaging,packaging_damage,67716.83080290267,1.0,OP-101,2024-02-17 06:37:00
P-027929,S3_Assembly,incorrect_torque,81788.35961843596,3.0,OP-301,2024-02-27 01:07:53
P-003044,S1_CNC_Machining,tool_wear_mark,6926.664235519624,3.0,,2024-01-06 01:27:00
P-003091,S3_Assembly,incorrect_torque,8993.070073537758,1.0,OP-104,2024-01-07 11:52:49
P-041168,S3_Assembly,misalignment,120618.87423138558,3.0,OP-302,2024-03-25 00:18:34
P-010159,S1_CNC_Machining,dimensional_error,23046.42992039059,1.0,,2024-01-17 06:06:46
P-023350,S3_Assembly,incorrect_torque,68402.22059826077,2.0,OP-202,2024-02-17 18:02:01
P-008891,S3_Assembly,incorrect_torque,25974.45742929445,1.0,OP-103,2024-01-19 06:54:04
P-002941,S1_CNC_Machining,tool_wear_mark,6692.734670306043,2.0,,2024-01-05 21:32:45
P-007867,S3_Assembly,incorrect_torque,22934.08996952999,3.0,OP-302,2024-01-17 04:14:28
P-055996,S1_CNC_Machining,tool_wear_mark,127475.02348863028,2.0,,2024-03-29 18:35:24
P-030660,S5_Packaging,label_error,105054.85083449328,3.0,OP-301,2024-03-14 04:55:15
P-016773,S2_Welding,spatter_damage,49095.236783454304,1.0,,2024-02-04 08:14:45
P-028330,S1_CNC_Machining,surface_finish,64497.72538707316,,,2024-02-15 00:58:03
P-037432,S1_CNC_Machining,dimensional_error,85206.79714615794,1.0,,2024-02-29 10:06:18
P-011214,S3_Assembly,missing_fastener,32776.86614060186,,OP-301,2024-01-24 00:17:07
P-039997,S3_Assembly,cosmetic_scratch,117167.47663798358,2.0,OP-202,2024-03-22 14:47:14
P-001191,S1_CNC_Machining,tool_wear_mark,2696.0824664306365,3.0,,2024-01-03 02:56:26
P-013404,S3_Assembly,misalignment,39151.66982285045,1.0,OP-101,2024-01-28 10:31:15
P-003969,S1_CNC_Machining,tool_wear_mark,9004.775678017073,1.0,,2024-01-07 12:04:32
P-026932,S2_Welding,spatter_damage,78865.7905030388,3.0,,2024-02-25 00:25:34
P-034945,S3_Assembly,cosmetic_scratch,102320.69337078137,1.0,OP-103,2024-03-12 07:20:15
P-001835,S2_Welding,spatter_damage,5321.333743078226,3.0,,2024-01-04 22:41:15
P-018623,S1_CNC_Machining,dimensional_error,42277.39627082168,2.0,,2024-01-30 14:37:11
P-005409,S3_Assembly,incorrect_torque,15757.824584338987,3.0,OP-302,2024-01-12 04:38:00
P-009784,S3_Assembly,missing_fastener,28583.60321982775,3.0,OP-302,2024-01-21 02:23:39
P-024370,S2_Welding,porosity,71399.26197904957,2.0,,2024-02-19 19:58:53
P-029816,S3_Assembly,cosmetic_scratch,87331.7968104,2.0,OP-202,2024-03-01 21:31:48
P-021384,S3_Assembly,cosmetic_scratch,62690.15321383487,2.0,OP-201,2024-02-13 18:49:45
P-005850,S5_Packaging,label_error,19925.72194161201,3.0,OP-301,2024-01-15 02:05:55
P-016728,S3_Assembly,cosmetic_scratch,48959.47736681726,3.0,OP-302,2024-02-04 05:59:14
P-004972,S1_CNC_Machining,surface_finish,11268.835324543415,3.0,,2024-01-09 01:49:03
P-033642,S5_Packaging,label_error,115177.95128963239,3.0,OP-302,2024-03-21 05:38:20
P-006055,S1_CNC_Machining,surface_finish,13780.70580198241,2.0,,2024-01-10 19:40:48
P-048164,S1_CNC_Machining,tool_wear_mark,109682.54269110768,1.0,,2024-03-17 10:02:21
P-042161,S3_Assembly,misalignment,123542.77680521751,3.0,OP-302,2024-03-27 01:03:05
P-001660,S3_Assembly,incorrect_torque,4823.843590901455,2.0,OP-202,2024-01-04 14:23:53
P-029434,S1_CNC_Machining,dimensional_error,67015.3191137915,2.0,,2024-02-16 18:55:08
P-004285,S1_CNC_Machining,dimensional_error,9716.114072421777,3.0,,2024-01-07 23:56:03
P-035758,S1_CNC_Machining,dimensional_error,81346.6110661632,2.0,,2024-02-26 17:46:43
P-040078,S2_Welding,weak_weld,117391.46636321706,2.0,,2024-03-22 18:31:53
P-042494,S3_Assembly,missing_fastener,124508.2062908211,2.0,OP-203,2024-03-27 17:07:49
P-017051,S3_Assembly,missing_fastener,49902.85428010446,2.0,OP-201,2024-02-04 21:42:47
P-014370,S2_Welding,spatter_damage,41990.31211021279,1.0,,2024-01-30 09:50:10
P-051237,S1_CNC_Machining,dimensional_error,116799.44517330921,1.0,,2024-03-22 08:39:07
P-005552,S3_Assembly,incorrect_torque,16174.70766315059,1.0,OP-102,2024-01-12 11:34:53
P-007916,S1_CNC_Machining,dimensional_error,17955.35286331924,,,2024-01-13 17:15:33
P-016345,S1_CNC_Machining,dimensional_error,37110.11649004163,3.0,,2024-01-27 00:30:15
P-039410,S3_Assembly,cosmetic_scratch,115457.23596264012,1.0,OP-102,2024-03-21 10:17:17
P-038228,S3_Assembly,misalignment,111993.36274205714,3.0,OP-301,2024-03-19 00:33:10
P-024228,S3_Assembly,missing_fastener,70994.27362022323,1.0,OP-103,2024-02-19 13:14:03
P-003395,S1_CNC_Machining,tool_wear_mark,7705.804512788565,2.0,,2024-01-06 14:25:39
P-012815,S1_CNC_Machining,tool_wear_mark,29018.172279134684,1.0,,2024-01-21 09:38:34
P-000941,S3_Assembly,cosmetic_scratch,2767.466407061811,3.0,OP-301,2024-01-03 04:07:32
P-008644,S2_Welding,weak_weld,25244.7339351032,2.0,,2024-01-18 18:44:53
P-025539,S3_Assembly,misalignment,74797.19970127672,3.0,OP-301,2024-02-22 04:36:58
P-051864,S1_CNC_Machining,dimensional_error,118194.42298445998,1.0,,2024-03-23 07:53:56
P-032072,S3_Assembly,cosmetic_scratch,93944.78906936046,1.0,OP-103,2024-03-06 11:44:50
P-015000,S3_Assembly,missing_fastener,43863.322403318205,2.0,OP-201,2024-01-31 17:02:59
P-028194,S3_Assembly,incorrect_torque,82575.2441454878,2.0,OP-202,2024-02-27 14:15:01
P-008526,S5_Packaging,label_error,29133.004997565415,1.0,OP-102,2024-01-21 11:33:18
P-038988,S1_CNC_Machining,surface_finish,88784.61240526347,2.0,,2024-03-02 21:44:45
P-051924,S1_CNC_Machining,dimensional_error,,1.0,,2024-03-23 10:06:12
P-037152,S5_Packaging,label_error,127167.62252369663,1.0,OP-103,2024-03-29 13:27:18
P-016291,S3_Assembly,misalignment,,1.0,OP-104,2024-02-03 08:33:23
P-041724,S3_Assembly,missing_fastener,122260.96901132759,3.0,OP-301,2024-03-26 03:41:23
P-035567,S3_Assembly,missing_fastener,104135.9917746041,,OP-104,2024-03-13 13:35:43
P-042541,S1_CNC_Machining,tool_wear_mark,96800.07561758129,1.0,,2024-03-08 11:20:10
P-048094,S1_CNC_Machining,surface_finish,109532.6408386115,1.0,,2024-03-17 07:32:08
P-026468,S3_Assembly,misalignment,77520.00335633439,3.0,OP-301,2024-02-24 01:59:46
P-018602,S3_Assembly,incorrect_torque,54457.00651832167,3.0,OP-302,2024-02-08 01:37:03
P-034563,S2_Welding,weak_weld,101210.77131987679,1.0,,2024-03-11 12:51:05
P-038050,S3_Assembly,missing_fastener,111481.47835623202,2.0,OP-202,2024-03-18 16:01:35
P-025105,S2_Welding,porosity,73518.91547323437,1.0,,2024-02-21 07:18:51
P-037857,S1_CNC_Machining,surface_finish,86151.64725394081,3.0,,2024-03-01 01:51:49
P-027897,S3_Assembly,misalignment,81685.88547421795,3.0,OP-301,2024-02-26 23:26:15
P-030915,S1_CNC_Machining,dimensional_error,70334.80585873427,3.0,,2024-02-19 02:14:40
P-006823,S3_Assembly,cosmetic_scratch,19900.576472746223,3.0,OP-301,2024-01-15 01:40:15
P-026962,S1_CNC_Machining,dimensional_error,61332.7467274254,2.0,,2024-02-12 20:12:44
P-018717,S3_Assembly,incorrect_torque,54787.78374306541,1.0,OP-102,2024-02-08 07:07:38
P-016492,S1_CNC_Machining,surface_finish,37432.78194331066,3.0,,2024-01-27 05:52:56
P-007729,S3_Assembly,misalignment,22513.354532570032,2.0,OP-202,2024-01-16 21:13:37
P-029341,S3_Assembly,cosmetic_scratch,85935.64268485429,3.0,OP-301,2024-02-29 22:15:54
P-050185,S1_CNC_Machining,tool_wear_mark,114317.17741163062,2.0,,2024-03-20 15:17:38
P-000591,S2_Welding,spatter_damage,1743.518135448777,1.0,,2024-01-02 11:03:57
P-033592,S1_CNC_Machining,surface_finish,76495.98649095307,1.0,,2024-02-23 08:56:01
P-015556,S1_CNC_Machining,dimensional_error,35322.62206886544,2.0,,2024-01-25 18:42:13
P-052625,S1_CNC_Machining,surface_finish,119907.52010580702,,,2024-03-24 12:27:47
P-033933,S3_Assembly,cosmetic_scratch,99332.72738019048,3.0,OP-302,2024-03-10 05:32:28
P-032659,S3_Assembly,missing_fastener,95670.05663786187,2.0,OP-203,2024-03-07 16:30:10
P-040930,S3_Assembly,missing_fastener,119918.09994714966,1.0,OP-101,2024-03-24 12:37:43
P-033730,S3_Assembly,incorrect_torque,98720.76459118206,2.0,OP-203,2024-03-09 19:20:27
P-025444,S1_CNC_Machining,tool_wear_mark,57820.43040885557,1.0,,2024-02-10 09:40:01
P-025346,S2_Welding,spatter_damage,74230.38810525775,2.0,,2024-02-21 19:10:13
P-014781,S3_Assembly,incorrect_torque,43200.279996278936,3.0,OP-302,2024-01-31 06:00:06
P-004196,S3_Assembly,incorrect_torque,12220.495194157247,2.0,OP-202,2024-01-09 17:40:31
P-035420,S1_CNC_Machining,surface_finish,80586.15607877086,3.0,,2024-02-26 05:05:54
P-019695,S2_Welding,porosity,57693.34412059145,1.0,,2024-02-10 07:32:52
P-037986,S3_Assembly,incorrect_torque,111281.89139525534,1.0,OP-102,2024-03-18 12:42:23
P-033960,S3_Assembly,incorrect_torque,99413.06632087445,1.0,OP-104,2024-03-10 06:52:49
P-022757,S3_Assembly,incorrect_torque,66676.81770514682,1.0,OP-104,2024-02-16 13:16:34
P-012806,S3_Assembly,misalignment,37412.52261664328,3.0,OP-302,2024-01-27 05:32:07
P-019196,S3_Assembly,incorrect_torque,56203.375557233776,,OP-102,2024-02-09 06:43:43
P-018820,S1_CNC_Machining,dimensional_error,42711.04254945404,2.0,,2024-01-30 21:50:48
P-006807,S1_CNC_Machining,surface_finish,15453.238916705548,3.0,,2024-01-11 23:33:30
P-048177,S1_CNC_Machining,surface_finish,109712.68639305956,1.0,,2024-03-17 10:33:07
P-014535,S3_Assembly,missing_fastener,42475.40222075192,2.0,OP-203,2024-01-30 17:55:07
P-013734,S2_Welding,weak_weld,40102.60699548894,3.0,,2024-01-29 02:22:08
P-036552,S3_Assembly,incorrect_torque,107059.32340909715,2.0,OP-203,2024-03-15 14:19:40
P-017742,S3_Assembly,missing_fastener,51923.51978462715,1.0,OP-104,2024-02-06 07:23:53
P-038955,S1_CNC_Machining,dimensional_error,88712.93709771275,2.0,,2024-03-02 20:32:53
P-007727,S3_Assembly,missing_fastener,22507.346595511157,2.0,OP-201,2024-01-16 21:06:58
P-030748,S1_CNC_Machining,dimensional_error,,2.0,,2024-02-18 19:53:53
P-008018,S5_Packaging,label_error,27392.251302090073,1.0,OP-103,2024-01-20 06:32:01
P-030192,S3_Assembly,missing_fastener,88428.86950081142,2.0,OP-203,2024-03-02 15:48:37
P-003015,S3_Assembly,cosmetic_scratch,8777.835226268597,1.0,OP-101,2024-01-07 08:17:20
P-024343,S3_Assembly,cosmetic_scratch,71315.56084989125,2.0,OP-201,2024-02-19 18:35:49
P-013192,S1_CNC_Machining,dimensional_error,29874.44732436784,3.0,,2024-01-21 23:54:01
P-017010,S1_CNC_Machining,dimensional_error,38600.78217145389,3.0,,2024-01-28 01:21:13
P-015171,S2_Welding,spatter_damage,44375.8409925216,3.0,,2024-02-01 01:36:03
P-031366,S3_Assembly,misalignment,91889.96704976482,3.0,OP-302,2024-03-05 01:29:43
P-018365,S3_Assembly,misalignment,53774.09988571656,2.0,OP-202,2024-02-07 14:14:10
P-019508,S1_CNC_Machining,surface_finish,44300.38114631958,3.0,,2024-02-01 00:20:19
P-052675,S1_CNC_Machining,dimensional_error,120020.8554665942,2.0,,2024-03-24 14:20:59
P-002808,S3_Assembly,missing_fastener,8160.591830621044,2.0,OP-203,2024-01-06 22:00:13
P-023379,S2_Welding,spatter_damage,68488.33090552618,2.0,,2024-02-17 19:28:04
P-021896,S1_CNC_Machining,surface_finish,49727.994561276944,2.0,,2024-02-04 18:47:42
P-032508,S3_Assembly,incorrect_torque,95230.80689366559,,OP-103,2024-03-07 09:10:21
P-013915,S3_Assembly,missing_fastener,40673.06271324965,1.0,OP-101,2024-01-29 11:53:07
P-010094,S3_Assembly,misalignment,29493.76530228009,2.0,OP-203,2024-01-21 17:33:25
P-020394,S1_CNC_Machining,dimensional_error,46272.338945018455,1.0,,2024-02-02 09:12:31
P-031954,S3_Assembly,misalignment,93601.53812652313,3.0,OP-302,2024-03-06 06:01:40
P-028179,S1_CNC_Machining,dimensional_error,64152.507473578735,2.0,,2024-02-14 19:12:48
P-024703,S5_Packaging,packaging_damage,84610.15568211951,3.0,OP-301,2024-02-29 00:10:08
P-039043,S1_CNC_Machining,dimensional_error,88910.22753621665,3.0,,2024-03-02 23:50:25
P-003720,S3_Assembly,misalignment,10844.030533546123,2.0,OP-203,2024-01-08 18:43:41
P-034882,S3_Assembly,incorrect_torque,102143.69271983863,3.0,OP-301,2024-03-12 04:23:44
P-003794,S3_Assembly,cosmetic_scratch,11055.334936528512,3.0,OP-302,2024-01-08 22:15:48
P-021376,S3_Assembly,missing_fastener,62666.94576441143,2.0,OP-202,2024-02-13 18:26:57
P-039025,S3_Assembly,missing_fastener,114323.11882786777,2.0,OP-202,2024-03-20 15:23:23
P-000143,S3_Assembly,missing_fastener,464.81059552059304,1.0,OP-101,2024-01-01 13:44:35
P-025793,S3_Assembly,misalignment,75535.13515523153,2.0,OP-202,2024-02-22 16:55:32
P-010851,S1_CNC_Machining,surface_finish,24593.814308224784,1.0,,2024-01-18 07:53:46
P-051159,S1_CNC_Machining,tool_wear_mark,116626.61913722282,3.0,,2024-03-22 05:46:08
P-052465,S1_CNC_Machining,dimensional_error,119543.55624630842,1.0,,2024-03-24 06:23:23
P-003055,S2_Welding,weak_weld,8887.565997735723,1.0,,2024-01-07 10:07:42
P-041638,S3_Assembly,cosmetic_scratch,122020.10897936943,3.0,OP-301,2024-03-25 23:40:30
P-016933,S1_CNC_Machining,tool_wear_mark,38429.36917346604,3.0,,2024-01-27 22:28:59
P-026280,S1_CNC_Machining,surface_finish,59790.56606494572,2.0,,2024-02-11 18:30:31
P-020889,S1_CNC_Machining,surface_finish,47377.58626413437,3.0,,2024-02-03 03:37:49
P-033202,S3_Assembly,missing_fastener,,2.0,OP-202,2024-03-08 18:06:21
P-048418,S1_CNC_Machining,dimensional_error,110297.07652068722,2.0,,2024-03-17 20:16:38
P-030849,S3_Assembly,incorrect_torque,90404.46378576235,3.0,OP-301,2024-03-04 00:44:10
P-028870,S3_Assembly,missing_fastener,84580.71912381724,3.0,OP-302,2024-02-28 23:40:54
P-043550,S3_Assembly,missing_fastener,127587.07264858652,2.0,OP-203,2024-03-29 20:27:07
P-042953,S1_CNC_Machining,dimensional_error,97799.14688528194,3.0,,2024-03-09 03:58:51
P-004177,S2_Welding,weak_weld,12163.595718791825,,,2024-01-09 16:44:02
P-009827,S1_CNC_Machining,dimensional_error,22316.23657319198,2.0,,2024-01-16 17:56:42
P-023029,S3_Assembly,incorrect_torque,67461.72535480648,3.0,OP-302,2024-02-17 02:21:57
P-025026,S1_CNC_Machining,tool_wear_mark,56886.18017794459,2.0,,2024-02-09 18:06:25
P-013641,S5_Packaging,label_error,46764.07236396222,2.0,OP-201,2024-02-02 17:24:19
P-021668,S2_Welding,spatter_damage,63513.97645456151,1.0,,2024-02-14 08:33:28
P-016478,S2_Welding,porosity,48208.36022403326,2.0,,2024-02-03 17:28:09
P-005494,S1_CNC_Machining,surface_finish,12454.780534598598,2.0,,2024-01-09 21:35:12
P-020126,S5_Packaging,packaging_damage,69048.36423339705,3.0,OP-301,2024-02-18 04:48:22
P-037059,S5_Packaging,packaging_damage,126883.8086033542,1.0,OP-103,2024-03-29 08:43:50
P-021295,S3_Assembly,cosmetic_scratch,62441.79481434217,2.0,OP-203,2024-02-13 14:41:31
P-012952,S1_CNC_Machining,dimensional_error,29328.310922356763,2.0,,2024-01-21 14:48:30
P-016214,S2_Welding,spatter_damage,47443.95306303829,3.0,,2024-02-03 04:43:35
P-030368,S3_Assembly,misalignment,88960.4079308666,3.0,OP-302,2024-03-03 00:39:58
P-011382,S3_Assembly,misalignment,33263.813794895745,1.0,OP-102,2024-01-24 08:23:24
P-004668,S1_CNC_Machining,tool_wear_mark,10579.643509819347,2.0,,2024-01-08 14:19:44
P-022780,S1_CNC_Machining,tool_wear_mark,51722.23342909093,3.0,,2024-02-06 04:02:09
P-053885,S1_CNC_Machining,dimensional_error,122747.60957784097,1.0,,2024-03-26 11:47:49
P-031984,S1_CNC_Machining,tool_wear_mark,72805.49312673009,2.0,,2024-02-20 19:25:39
P-047209,S1_CNC_Machining,surface_finish,107473.03202113279,2.0,,2024-03-15 21:13:23
P-040248,S3_Assembly,cosmetic_scratch,117900.33218646374,3.0,OP-302,2024-03-23 03:00:46
P-018205,S3_Assembly,missing_fastener,53285.20802386428,3.0,OP-302,2024-02-07 06:05:03
P-010250,S5_Packaging,label_error,35051.62109019555,2.0,OP-201,2024-01-25 14:11:45
P-032903,S1_CNC_Machining,tool_wear_mark,74888.51841807755,1.0,,2024-02-22 06:08:11
P-009927,S2_Welding,weak_weld,28989.223221645047,1.0,,2024-01-21 09:08:59
P-010597,S5_Packaging,label_error,36299.56556831862,1.0,OP-103,2024-01-26 10:59:30
P-029012,S5_Packaging,label_error,99434.73900718833,1.0,OP-101,2024-03-10 07:14:31
P-001306,S2_Welding,weak_weld,3786.635093938643,2.0,,2024-01-03 21:06:26
P-022279,S5_Packaging,packaging_damage,76396.90752771178,1.0,OP-101,2024-02-23 07:16:28
P-019603,S1_CNC_Machining,surface_finish,44506.953565933174,3.0,,2024-02-01 03:46:43
P-042725,S3_Assembly,misalignment,125179.59613255355,3.0,OP-302,2024-03-28 04:19:34
P-007061,S1_CNC_Machining,tool_wear_mark,16022.763204613542,1.0,,2024-01-12 09:02:48
P-012368,S3_Assembly,incorrect_torque,36119.770770213625,1.0,OP-101,2024-01-26 07:59:23
P-009627,S3_Assembly,misalignment,28125.061378768074,,OP-201,2024-01-20 18:45:10
P-037422,S1_CNC_Machining,tool_wear_mark,85183.69184188131,1.0,,2024-02-29 09:43:43
P-030030,S1_CNC_Machining,dimensional_error,68351.61120134761,2.0,,2024-02-17 17:12:03
P-037879,S2_Welding,porosity,110957.46531027627,1.0,,2024-03-18 07:17:10
P-053248,S1_CNC_Machining,dimensional_error,121323.3497623583,1.0,,2024-03-25 12:03:20
P-002398,S5_Packaging,packaging_damage,8132.9862426622685,2.0,OP-201,2024-01-06 21:33:02
P-022299,S3_Assembly,incorrect_torque,65364.48267975207,2.0,OP-202,2024-02-15 15:24:42
P-018756,S3_Assembly,missing_fastener,54897.80646987339,1.0,OP-101,2024-02-08 08:57:54
P-029134,S3_Assembly,incorrect_torque,85331.96283610963,1.0,OP-102,2024-02-29 12:12:21
P-005355,S3_Assembly,misalignment,15607.250101830308,3.0,OP-302,2024-01-12 02:07:26
P-026564,S1_CNC_Machining,surface_finish,60430.3093958999,3.0,,2024-02-12 05:10:29
P-030361,S2_Welding,porosity,88934.85369724422,3.0,,2024-03-03 00:14:56
P-049624,S1_CNC_Machining,tool_wear_mark,113060.69089289894,2.0,,2024-03-19 18:20:22
P-034425,S2_Welding,spatter_damage,100810.55682721766,1.0,,2024-03-11 06:10:36
P-017139,S1_CNC_Machining,tool_wear_mark,38888.42829580761,1.0,,2024-01-28 06:07:55
P-030612,S1_CNC_Machining,surface_finish,69646.22599743068,2.0,,2024-02-18 14:45:52
P-006527,S3_Assembly,cosmetic_scratch,19024.100678575847,1.0,OP-103,2024-01-14 11:03:59
P-004378,S3_Assembly,missing_fastener,12734.93254208998,3.0,OP-301,2024-01-10 02:14:59
P-043306,S1_CNC_Machining,surface_finish,98605.91399875315,2.0,,2024-03-09 17:26:17
P-000305,S3_Assembly,cosmetic_scratch,948.5021019494485,2.0,OP-203,2024-01-01 21:48:33
P-031719,S2_Welding,spatter_damage,92915.28879584557,2.0,,2024-03-05 18:35:11
P-013466,S1_CNC_Machining,surface_finish,30539.422195047053,1.0,,2024-01-22 10:59:48
P-008299,S1_CNC_Machining,tool_wear_mark,18813.829309085366,1.0,,2024-01-14 07:33:56
P-028537,S3_Assembly,misalignment,83564.14419950734,1.0,OP-104,2024-02-28 06:43:44
P-053206,S1_CNC_Machining,surface_finish,121224.07779278985,1.0,,2024-03-25 10:24:04
P-014010,S2_Welding,spatter_damage,40945.758678342216,2.0,,2024-01-29 16:25:24
P-037269,S3_Assembly,missing_fastener,109165.2865229465,3.0,OP-302,2024-03-17 01:25:19
P-008709,S1_CNC_Machining,dimensional_error,19782.061560070644,3.0,,2024-01-14 23:41:43
P-023195,S1_CNC_Machining,surface_finish,52652.85524518595,2.0,,2024-02-06 19:32:35
P-043799,S2_Welding,weak_weld,128308.72931609092,1.0,,2024-03-30 08:28:53
P-001921,S2_Welding,porosity,5566.768797476346,3.0,,2024-01-05 02:46:40
P-009720,S1_CNC_Machining,dimensional_error,22078.352974631765,1.0,,2024-01-16 13:58:28
P-023376,S3_Assembly,incorrect_torque,68488.26068106617,2.0,OP-203,2024-02-17 19:28:38
P-026970,S1_CNC_Machining,surface_finish,61349.57378059867,2.0,,2024-02-12 20:29:47
P-004327,S1_CNC_Machining,surface_finish,9816.75687420681,3.0,,2024-01-08 01:36:29
P-001800,S1_CNC_Machining,tool_wear_mark,4068.085606013061,3.0,,2024-01-04 01:48:21
P-004667,S3_Assembly,missing_fastener,13589.56352541546,2.0,OP-202,2024-01-10 16:29:59
P-032002,S3_Assembly,cosmetic_scratch,93739.97824790816,1.0,OP-103,2024-03-06 08:19:45
P-026637,S2_Welding,porosity,78001.87806745441,,,2024-02-24 10:02:12
P-037358,S3_Assembly,incorrect_torque,109421.25518616966,3.0,OP-302,2024-03-17 05:41:33
P-044532,S1_CNC_Machining,tool_wear_mark,101391.1897272582,2.0,,2024-03-11 15:51:15
P-016467,S1_CNC_Machining,dimensional_error,37380.02903734671,3.0,,2024-01-27 05:00:05
P-022268,S1_CNC_Machining,surface_finish,50565.251249627734,1.0,,2024-02-05 08:45:41
P-030513,S3_Assembly,misalignment,89369.57106189619,1.0,OP-101,2024-03-03 07:29:05
P-013554,S1_CNC_Machining,tool_wear_mark,30734.374264661867,2.0,,2024-01-22 14:14:02
P-035303,S2_Welding,weak_weld,103343.42281135492,3.0,,2024-03-13 00:22:55
P-030232,S3_Assembly,incorrect_torque,88569.64018788541,2.0,OP-202,2024-03-02 18:10:05
P-017579,S1_CNC_Machining,dimensional_error,39892.92806220716,3.0,,2024-01-28 22:52:30
P-013748,S3_Assembly,cosmetic_scratch,,3.0,OP-301,2024-01-29 03:09:57
P-012426,S3_Assembly,incorrect_torque,36278.81390113256,1.0,OP-104,2024-01-26 10:38:42
P-019327,S3_Assembly,missing_fastener,56626.16240437042,1.0,OP-101,2024-02-09 13:46:10
P-004123,S5_Packaging,packaging_damage,14024.667592257969,3.0,OP-302,2024-01-10 23:44:18
P-031665,S3_Assembly,cosmetic_scratch,92771.58157935149,2.0,OP-202,2024-03-05 16:11:39
P-049996,S1_CNC_Machining,tool_wear_mark,113898.97977923095,1.0,,2024-03-20 08:18:47
P-019836,S1_CNC_Machining,dimensional_error,45031.46370625154,1.0,,2024-02-01 12:31:39
P-011676,S2_Welding,spatter_damage,34101.55335929434,3.0,,2024-01-24 22:21:38
P-026946,S3_Assembly,incorrect_torque,78909.85260897722,3.0,OP-302,2024-02-25 01:09:38
P-035065,S2_Welding,porosity,102662.9361260806,1.0,,2024-03-12 13:03:08
P-016070,S3_Assembly,incorrect_torque,47025.38545192703,2.0,OP-201,2024-02-02 21:45:27
P-018078,S5_Packaging,packaging_damage,62006.890593316224,1.0,OP-102,2024-02-13 07:27:01
P-028340,S1_CNC_Machining,tool_wear_mark,64519.74614978502,3.0,,2024-02-15 01:19:36
P-011705,S3_Assembly,missing_fastener,34182.88834472341,3.0,OP-302,2024-01-24 23:43:05
P-010630,S3_Assembly,incorrect_torque,31058.2889895215,2.0,OP-201,2024-01-22 19:38:01
P-029795,S3_Assembly,cosmetic_scratch,87278.5238342801,2.0,OP-201,2024-03-01 20:38:25
P-003528,S1_CNC_Machining,tool_wear_mark,8009.099754965078,2.0,,2024-01-06 19:29:22
P-009471,S2_Welding,porosity,27672.211030437535,1.0,,2024-01-20 11:11:45
P-034183,S3_Assembly,misalignment,100111.54814429718,2.0,OP-202,2024-03-10 18:31:32
P-037503,S1_CNC_Machining,dimensional_error,85363.90363629154,1.0,,2024-02-29 12:43:56
P-050133,S1_CNC_Machining,dimensional_error,114204.63363897725,1.0,,2024-03-20 13:24:54
P-036198,S3_Assembly,incorrect_torque,105995.01274447289,2.0,OP-201,2024-03-14 20:34:46
P-010835,S2_Welding,weak_weld,31653.17254846169,3.0,,2024-01-23 05:33:04
P-006827,S1_CNC_Machining,tool_wear_mark,15500.130534829004,3.0,,2024-01-12 00:20:12
P-041494,S1_CNC_Machining,tool_wear_mark,94429.16010802025,2.0,,2024-03-06 19:49:29
P-039821,S1_CNC_Machining,tool_wear_mark,90656.06923068638,3.0,,2024-03-04 04:56:19
P-013861,S1_CNC_Machining,tool_wear_mark,31483.07364029753,3.0,,2024-01-23 02:43:25
P-002777,S3_Assembly,misalignment,8064.6569012456075,2.0,OP-202,2024-01-06 20:25:05
P-007100,S1_CNC_Machining,dimensional_error,16115.075180032583,1.0,,2024-01-12 10:35:25
P-010170,S1_CNC_Machining,tool_wear_mark,23070.02105190487,1.0,,2024-01-17 06:29:34
P-012571,S2_Welding,porosity,36738.63522866621,2.0,,2024-01-26 18:18:36
P-013104,S1_CNC_Machining,dimensional_error,29673.440204055103,2.0,,2024-01-21 20:33:19
P-042779,S2_Welding,porosity,125324.5635080244,1.0,,2024-03-28 06:45:00
P-041543,S2_Welding,spatter_damage,121749.08625448869,2.0,,2024-03-25 19:08:39
P-027955,S5_Packaging,label_error,95809.75741744917,2.0,OP-203,2024-03-07 18:49:21
P-021428,S3_Assembly,missing_fastener,62818.86623583295,2.0,OP-201,2024-02-13 20:58:57
P-021010,S1_CNC_Machining,tool_wear_mark,47652.7153319674,1.0,,2024-02-03 08:12:21
P-012304,S3_Assembly,cosmetic_scratch,35940.167290290075,3.0,OP-301,2024-01-26 05:00:07
P-029291,S3_Assembly,misalignment,85787.09972242317,2.0,OP-203,2024-02-29 19:47:15
P-023426,S1_CNC_Machining,tool_wear_mark,53167.91797707784,3.0,,2024-02-07 04:07:25
P-009202,S3_Assembly,misalignment,26885.29110726577,2.0,OP-203,2024-01-19 22:04:54
P-024251,S2_Welding,spatter_damage,71054.50249497566,2.0,,2024-02-19 14:14:33
P-027233,S1_CNC_Machining,surface_finish,61975.67348983327,1.0,,2024-02-13 06:55:33
P-012946,S3_Assembly,cosmetic_scratch,37821.699199057,1.0,OP-103,2024-01-27 12:21:22
P-026513,S3_Assembly,misalignment,77654.57590644783,3.0,OP-301,2024-02-24 04:14:53
P-007116,S3_Assembly,misalignment,20727.79751127668,2.0,OP-203,2024-01-15 15:27:23
P-008758,S3_Assembly,incorrect_torque,25584.5856867145,3.0,OP-301,2024-01-19 00:24:52
P-024878,S1_CNC_Machining,tool_wear_mark,56548.22162217286,1.0,,2024-02-09 12:27:55
P-030446,S1_CNC_Machining,dimensional_error,69275.64133713295,1.0,,2024-02-18 08:36:02
P-026133,S5_Packaging,label_error,89522.53937274976,1.0,OP-103,2024-03-03 10:02:11
P-018884,S5_Packaging,label_error,64718.67689021805,3.0,OP-302,2024-02-15 04:38:34
P-024006,S1_CNC_Machining,dimensional_error,54463.80617548345,3.0,,2024-02-08 01:43:29
P-027333,S1_CNC_Machining,dimensional_error,62205.405173723346,1.0,,2024-02-13 10:45:28
P-022697,S1_CNC_Machining,surface_finish,51538.18067993819,3.0,,2024-02-06 00:58:09
P-021587,S2_Welding,porosity,63282.86491270175,3.0,,2024-02-14 04:43:18
P-040938,S3_Assembly,misalignment,119946.065032328,,OP-103,2024-03-24 13:05:34
P-001224,S5_Packaging,label_error,4192.4423389235935,3.0,OP-302,2024-01-04 03:52:32
P-020020,S2_Welding,porosity,58661.97693283138,3.0,,2024-02-10 23:42:25
P-022633,S3_Assembly,cosmetic_scratch,66315.67933235098,1.0,OP-101,2024-02-16 07:15:32
P-034049,S1_CNC_Machining,surface_finish,77528.7114543692,3.0,,2024-02-24 02:09:04
P-039841,S2_Welding,porosity,116671.00918318985,1.0,,2024-03-22 06:31:29
P-002320,S1_CNC_Machining,dimensional_error,5234.491205120706,2.0,,2024-01-04 21:14:07
P-044395,S1_CNC_Machining,tool_wear_mark,,1.0,,2024-03-11 10:37:01
P-033060,S3_Assembly,misalignment,96805.35054538539,1.0,OP-104,2024-03-08 11:25:31
P-005936,S2_Welding,porosity,17307.70484745653,1.0,,2024-01-13 06:27:51
P-022741,S3_Assembly,misalignment,66631.86591760383,1.0,OP-101,2024-02-16 12:31:29
P-019628,S3_Assembly,incorrect_torque,57503.179424807415,3.0,OP-302,2024-02-10 04:23:03
P-037601,S3_Assembly,misalignment,110125.45895943523,2.0,OP-202,2024-03-17 17:25:51
P-012842,S1_CNC_Machining,dimensional_error,29080.007172764486,1.0,,2024-01-21 10:40:02
P-016816,S1_CNC_Machining,surface_finish,38166.21128354828,2.0,,2024-01-27 18:06:21
P-020855,S1_CNC_Machining,dimensional_error,47304.04873359744,3.0,,2024-02-03 02:23:42
P-013064,S3_Assembly,misalignment,38169.592376465065,2.0,OP-201,2024-01-27 18:09:24
P-015333,S5_Packaging,label_error,52566.38764735211,2.0,OP-202,2024-02-06 18:05:53
P-040111,S3_Assembly,cosmetic_scratch,117492.23746387687,2.0,OP-201,2024-03-22 20:12:03
P-032933,S3_Assembly,cosmetic_scratch,96437.28262572421,3.0,OP-301,2024-03-08 05:17:00
P-004258,S5_Packaging,packaging_damage,14484.982863810525,1.0,OP-101,2024-01-11 07:25:23
P-026546,S1_CNC_Machining,surface_finish,60388.44229440662,,,2024-02-12 04:28:34
P-039643,S2_Welding,porosity,116113.09369233028,2.0,,2024-03-21 21:12:58
P-013747,S1_CNC_Machining,tool_wear_mark,31224.989923156198,,,2024-01-22 22:25:23
P-007863,S3_Assembly,missing_fastener,22917.063517184513,3.0,OP-302,2024-01-17 03:56:50
P-032629,S3_Assembly,misalignment,95581.88098602518,2.0,OP-203,2024-03-07 15:02:18
P-019119,S1_CNC_Machining,surface_finish,43379.361936662186,1.0,,2024-01-31 08:59:27
P-030212,S1_CNC_Machining,tool_wear_mark,68754.19809381558,3.0,,2024-02-17 23:53:48
P-007167,S2_Welding,spatter_damage,20876.57769776762,2.0,,2024-01-15 17:56:21
P-028999,S3_Assembly,missing_fastener,84950.11591080436,3.0,OP-302,2024-02-29 05:50:01
P-001726,S3_Assembly,misalignment,5014.742944768156,2.0,OP-201,2024-01-04 17:34:39
P-002531,S2_Welding,weak_weld,7337.418302603901,1.0,,2024-01-06 08:17:34
P-013033,S1_CNC_Machining,dimensional_error,29509.177387575346,2.0,,2024-01-21 17:49:28
P-016603,S5_Packaging,label_error,56901.74581691828,2.0,OP-202,2024-02-09 18:21:42
P-035155,S2_Welding,spatter_damage,102926.00156348596,2.0,,2024-03-12 17:25:48
P-014928,S1_CNC_Machining,tool_wear_mark,33910.05759881255,2.0,,2024-01-24 19:09:58
P-011423,S1_CNC_Machining,surface_finish,25904.18960164086,3.0,,2024-01-19 05:43:52
P-048259,S1_CNC_Machining,surface_finish,109892.45199416539,1.0,,2024-03-17 13:32:26
P-037470,S1_CNC_Machining,tool_wear_mark,85291.64586246225,1.0,,2024-02-29 11:31:31
P-003843,S1_CNC_Machining,surface_finish,8720.582323590754,1.0,,2024-01-07 07:20:28
P-015838,S3_Assembly,cosmetic_scratch,46339.74731998384,1.0,OP-101,2024-02-02 10:19:39
P-041559,S3_Assembly,cosmetic_scratch,121798.53872412172,2.0,OP-203,2024-03-25 19:58:22
P-037722,S2_Welding,weak_weld,110505.93118069785,3.0,,2024-03-17 23:46:15
P-022611,S2_Welding,porosity,66252.54236108884,1.0,,2024-02-16 06:12:45
P-026823,S3_Assembly,misalignment,78549.75613593655,2.0,OP-203,2024-02-24 19:09:37
P-014405,S1_CNC_Machining,tool_wear_mark,32717.176546643692,3.0,,2024-01-23 23:16:55
P-002234,S3_Assembly,missing_fastener,6474.036911929391,2.0,OP-203,2024-01-05 17:54:04
P-012973,S3_Assembly,missing_fastener,37898.043030801506,1.0,OP-103,2024-01-27 13:38:10
P-041628,S1_CNC_Machining,tool_wear_mark,94732.39563559968,3.0,,2024-03-07 00:52:31
P-042286,S3_Assembly,missing_fastener,123895.31087930125,1.0,OP-101,2024-03-27 06:55:32
P-033418,S1_CNC_Machining,surface_finish,76106.5778116517,3.0,,2024-02-23 02:26:57
P-028956,S1_CNC_Machining,tool_wear_mark,65956.84204729194,,,2024-02-16 01:16:27
P-000640,S1_CNC_Machining,dimensional_error,1445.567156378244,3.0,,2024-01-02 06:06:00
P-022622,S1_CNC_Machining,dimensional_error,51363.774954774635,2.0,,2024-02-05 22:03:41
P-016538,S3_Assembly,misalignment,48384.97323981981,2.0,OP-201,2024-02-03 20:24:28
P-054560,S1_CNC_Machining,surface_finish,124262.66163578189,1.0,,2024-03-27 13:02:32
P-030443,S1_CNC_Machining,surface_finish,69267.77115462713,1.0,,2024-02-18 08:27:16
P-031592,S1_CNC_Machining,dimensional_error,71913.82893555514,3.0,,2024-02-20 04:33:55
P-020745,S2_Welding,porosity,60807.52921652781,1.0,,2024-02-12 11:27:48
P-012000,S1_CNC_Machining,dimensional_error,27178.693536428655,3.0,,2024-01-20 02:59:03
P-009883,S2_Welding,porosity,28862.64651865734,1.0,,2024-01-21 07:02:29
P-005992,S1_CNC_Machining,tool_wear_mark,13638.778184196393,2.0,,2024-01-10 17:19:01
P-037263,S3_Assembly,cosmetic_scratch,109150.74571995944,3.0,OP-302,2024-03-17 01:11:06
P-028071,S2_Welding,weak_weld,82199.40857900631,1.0,,2024-02-27 07:59:06
P-013438,S3_Assembly,cosmetic_scratch,39250.60947749016,1.0,OP-104,2024-01-28 12:10:17
P-000404,S1_CNC_Machining,tool_wear_mark,,2.0,,2024-01-01 21:11:34
P-006296,S2_Welding,porosity,18354.473614083698,3.0,,2024-01-13 23:54:49
P-031590,S5_Packaging,packaging_damage,108236.90568816221,1.0,OP-104,2024-03-16 09:56:50
P-041198,S1_CNC_Machining,dimensional_error,,1.0,,2024-03-06 08:45:52
P-034413,S3_Assembly,cosmetic_scratch,100778.81340471699,3.0,OP-302,2024-03-11 05:38:26
P-054682,S1_CNC_Machining,tool_wear_mark,124534.20721307166,2.0,,2024-03-27 17:34:40
P-004701,S1_CNC_Machining,tool_wear_mark,10654.337137034567,2.0,,2024-01-08 15:34:46
P-023148,S5_Packaging,packaging_damage,79373.53529729071,1.0,OP-104,2024-02-25 08:53:39
P-008120,S3_Assembly,cosmetic_scratch,23707.610695215757,2.0,OP-203,2024-01-17 17:08:00
P-037703,S3_Assembly,cosmetic_scratch,110457.70688893944,3.0,OP-302,2024-03-17 22:57:48
P-047668,S1_CNC_Machining,tool_wear_mark,108521.43599360094,2.0,,2024-03-16 14:41:15
P-040253,S3_Assembly,missing_fastener,117913.80104455932,3.0,OP-302,2024-03-23 03:13:36
P-046414,S1_CNC_Machining,dimensional_error,105680.25425020902,2.0,,2024-03-14 15:20:17
P-020217,S2_Welding,spatter_damage,59270.41745455022,1.0,,2024-02-11 09:50:05
P-022566,S1_CNC_Machining,surface_finish,51234.41115407781,2.0,,2024-02-05 19:54:25
P-011285,S3_Assembly,misalignment,32975.14355343771,3.0,OP-301,2024-01-24 03:34:56
P-007979,S2_Welding,spatter_damage,23251.360617678904,1.0,,2024-01-17 09:31:22
P-055562,S1_CNC_Machining,dimensional_error,126516.10923217346,3.0,,2024-03-29 02:35:44
P-042344,S1_CNC_Machining,surface_finish,96353.52434988887,3.0,,2024-03-08 03:53:32
P-004280,S3_Assembly,missing_fastener,12460.425786438891,2.0,OP-203,2024-01-09 21:40:20
P-056624,S1_CNC_Machining,dimensional_error,128898.85574222828,2.0,,2024-03-30 18:19:20
P-001930,S1_CNC_Machining,surface_finish,4357.176275998821,1.0,,2024-01-04 06:37:21
P-021862,S1_CNC_Machining,tool_wear_mark,49651.142589365336,2.0,,2024-02-04 17:31:33
P-033354,S5_Packaging,packaging_damage,114208.60363517202,1.0,OP-104,2024-03-20 13:28:14
P-003446,S1_CNC_Machining,dimensional_error,7820.817128126759,2.0,,2024-01-06 16:21:13
P-015240,S3_Assembly,misalignment,44581.73700444314,3.0,OP-302,2024-02-01 05:01:58
P-055620,S1_CNC_Machining,tool_wear_mark,126644.77605473554,3.0,,2024-03-29 04:44:35
P-022552,S2_Welding,porosity,66089.03633949804,3.0,,2024-02-16 03:28:38
P-041273,S3_Assembly,misalignment,120930.45383375359,3.0,OP-302,2024-03-25 05:30:12
P-035818,S3_Assembly,cosmetic_scratch,104877.36992344512,3.0,OP-302,2024-03-14 01:57:37
P-050966,S1_CNC_Machining,dimensional_error,,3.0,,2024-03-21 22:26:34
P-008843,S5_Packaging,label_error,30238.01180527288,3.0,OP-301,2024-01-22 05:57:51
P-048657,S1_CNC_Machining,surface_finish,110858.1485974887,3.0,,2024-03-18 05:37:59
P-000400,S3_Assembly,misalignment,1223.1810486067327,3.0,OP-302,2024-01-02 02:23:16
P-022213,S3_Assembly,cosmetic_scratch,65113.38848542143,1.0,OP-103,2024-02-15 11:13:32
P-018125,S5_Packaging,packaging_damage,62155.92195876693,1.0,OP-103,2024-02-13 09:55:43
P-020130,S1_CNC_Machining,surface_finish,45686.828588032266,3.0,,2024-02-01 23:26:56
P-016510,S1_CNC_Machining,surface_finish,37473.220304295726,1.0,,2024-01-27 06:33:28
P-026263,S1_CNC_Machining,tool_wear_mark,59751.345824074895,2.0,,2024-02-11 17:50:58
P-039439,S3_Assembly,missing_fastener,115540.17481387423,1.0,OP-102,2024-03-21 11:39:57
P-003468,S3_Assembly,misalignment,10078.436720683305,3.0,OP-302,2024-01-08 05:58:24
P-024465,S1_CNC_Machining,tool_wear_mark,55506.351879068425,2.0,,2024-02-08 19:06:38
P-033563,S2_Welding,porosity,98246.5652068507,1.0,,2024-03-09 11:26:08
P-006952,S3_Assembly,misalignment,20273.84552128375,1.0,OP-104,2024-01-15 07:53:57
P-015354,S1_CNC_Machining,tool_wear_mark,34868.41485031209,1.0,,2024-01-25 11:08:01
P-024781,S1_CNC_Machining,dimensional_error,56270.658008147875,1.0,,2024-02-09 07:50:11
P-045500,S1_CNC_Machining,dimensional_error,103601.63430434467,3.0,,2024-03-13 04:41:32
P-011278,S5_Packaging,label_error,,3.0,OP-302,2024-01-28 01:59:24
P-020585,S2_Welding,spatter_damage,60362.776958856666,3.0,,2024-02-12 04:02:37
P-002829,S1_CNC_Machining,dimensional_error,6436.556562518991,2.0,,2024-01-05 17:16:17
P-036137,S1_CNC_Machining,dimensional_error,82205.87106008122,1.0,,2024-02-27 08:05:47
P-018730,S1_CNC_Machining,dimensional_error,42515.20166481129,2.0,,2024-01-30 18:34:52
P-010433,S3_Assembly,missing_fastener,30480.47722664814,1.0,OP-102,2024-01-22 10:00:11
P-026270,S1_CNC_Machining,dimensional_error,59769.33289003022,2.0,,2024-02-11 18:09:40
P-007099,S1_CNC_Machining,tool_wear_mark,16111.960838625766,1.0,,2024-01-12 10:31:42
P-029230,S3_Assembly,missing_fastener,85609.95185281365,2.0,OP-202,2024-02-29 16:49:40
P-021307,S3_Assembly,misalignment,62472.745786411186,2.0,OP-203,2024-02-13 15:12:41
P-031725,S1_CNC_Machining,dimensional_error,72225.6344413091,1.0,,2024-02-20 09:45:16
P-043052,S1_CNC_Machining,dimensional_error,98030.7099166723,1.0,,2024-03-09 07:50:21
P-012234,S2_Welding,spatter_damage,35728.50134705934,3.0,,2024-01-26 01:28:26
P-014445,S5_Packaging,packaging_damage,49551.41211177146,2.0,OP-202,2024-02-04 15:51:24
P-031984,S1_CNC_Machining,tool_wear_mark,72805.70810146451,2.0,,2024-02-20 19:25:39
P-031975,S1_CNC_Machining,tool_wear_mark,72784.41051757838,2.0,,2024-02-20 19:04:24
P-032286,S1_CNC_Machining,dimensional_error,73485.40473022326,,,2024-02-21 06:45:18
P-017663,S3_Assembly,incorrect_torque,51701.14532453863,3.0,OP-301,2024-02-06 03:41:00
P-000931,S2_Welding,porosity,2732.8664063500696,3.0,,2024-01-03 03:32:27
P-035476,S1_CNC_Machining,tool_wear_mark,80709.29736563358,1.0,,2024-02-26 07:09:35
P-002263,S2_Welding,spatter_damage,6551.740555684879,2.0,,2024-01-05 19:11:52
P-012953,S3_Assembly,incorrect_torque,37834.03564373299,1.0,OP-102,2024-01-27 12:33:37
P-020665,S1_CNC_Machining,surface_finish,46883.06899906786,2.0,,2024-02-02 19:22:44
P-010739,S2_Welding,spatter_damage,31378.89573503999,3.0,,2024-01-23 00:58:25
P-026868,S1_CNC_Machining,tool_wear_mark,61121.837716490314,2.0,,2024-02-12 16:41:27
P-000659,S1_CNC_Machining,dimensional_error,1489.0079892249082,1.0,,2024-01-02 06:49:15
P-012133,S3_Assembly,missing_fastener,35443.02337690813,2.0,OP-201,2024-01-25 20:43:30
P-005981,S3_Assembly,missing_fastener,17443.55508334317,1.0,OP-103,2024-01-13 08:43:18
P-025236,S3_Assembly,cosmetic_scratch,73914.19513553464,1.0,OP-104,2024-02-21 13:54:06
P-017080,S2_Welding,porosity,49978.81435847381,3.0,,2024-02-04 22:58:55
P-033490,S3_Assembly,cosmetic_scratch,98036.45365376103,1.0,OP-103,2024-03-09 07:56:18
P-016165,S2_Welding,spatter_damage,47297.346556623204,3.0,,2024-02-03 02:17:21
P-026555,S1_CNC_Machining,surface_finish,60410.00496017044,3.0,,2024-02-12 04:49:56
P-027135,S3_Assembly,missing_fastener,79451.15270597277,1.0,OP-104,2024-02-25 10:11:08
P-005009,S5_Packaging,label_error,17042.856204713717,3.0,OP-302,2024-01-13 02:03:03
P-026428,S1_CNC_Machining,tool_wear_mark,60123.82904986742,3.0,,2024-02-12 00:04:14
P-036588,S1_CNC_Machining,dimensional_error,83208.59943720211,3.0,,2024-02-28 00:48:28
P-014448,S5_Packaging,packaging_damage,49561.16997734218,2.0,OP-203,2024-02-04 16:01:06
P-049400,S1_CNC_Machining,dimensional_error,112550.6457486902,1.0,,2024-03-19 09:50:26
P-025010,S3_Assembly,misalignment,73246.85607844735,3.0,OP-301,2024-02-21 02:46:48
P-003138,S1_CNC_Machining,dimensional_error,7137.5154536710725,3.0,,2024-01-06 04:57:33
P-017546,S3_Assembly,missing_fastener,51367.885478582386,3.0,OP-302,2024-02-05 22:07:39
P-040779,S1_CNC_Machining,dimensional_error,92805.99787565194,2.0,,2024-03-05 16:45:43
P-034085,S3_Assembly,misalignment,99773.34177699877,1.0,OP-104,2024-03-10 12:52:53
P-023233,S2_Welding,spatter_damage,68053.10358523557,1.0,,2024-02-17 12:13:01
P-039807,S1_CNC_Machining,surface_finish,90627.69525353781,3.0,,2024-03-04 04:27:39
P-017664,S1_CNC_Machining,surface_finish,40083.07332146584,,,2024-01-29 02:02:56
P-036018,S3_Assembly,incorrect_torque,105474.20823591188,1.0,OP-103,2024-03-14 11:54:25
P-008207,S1_CNC_Machining,tool_wear_mark,18609.44951921584,3.0,,2024-01-14 04:09:53
P-016571,S3_Assembly,misalignment,48483.28693052262,2.0,OP-201,2024-02-03 22:03:14
P-003634,S1_CNC_Machining,surface_finish,8253.505524413844,3.0,,2024-01-06 23:33:14
P-021109,S3_Assembly,incorrect_torque,61903.36096916902,3.0,OP-301,2024-02-13 05:43:46
P-024377,S3_Assembly,missing_fastener,71420.99991124473,2.0,OP-202,2024-02-19 20:21:00
P-029994,S1_CNC_Machining,tool_wear_mark,68268.86615584178,2.0,,2024-02-17 15:49:20
P-039332,S2_Welding,spatter_damage,115225.30489807596,1.0,,2024-03-21 06:24:58
P-008261,S5_Packaging,packaging_damage,28211.78006682364,2.0,OP-203,2024-01-20 20:11:48
P-026631,S1_CNC_Machining,tool_wear_mark,60588.67838607179,1.0,,2024-02-12 07:48:59
P-018552,S1_CNC_Machining,surface_finish,42117.86520478073,1.0,,2024-01-30 11:57:56
P-023961,S2_Welding,spatter_damage,70218.79605752099,3.0,,2024-02-19 00:18:45
P-031624,S1_CNC_Machining,tool_wear_mark,,3.0,,2024-02-20 05:45:11
P-046614,S1_CNC_Machining,surface_finish,106126.35831776622,3.0,,2024-03-14 22:46:35
P-034682,S2_Welding,weak_weld,101546.30906132079,2.0,,2024-03-11 18:26:21
P-032021,S3_Assembly,misalignment,93791.58166825831,1.0,OP-102,2024-03-06 09:11:47
P-005407,S1_CNC_Machining,tool_wear_mark,12261.79037110642,2.0,,2024-01-09 18:21:47
P-038861,S3_Assembly,incorrect_torque,113832.2170442776,1.0,OP-104,2024-03-20 07:12:02
P-041590,S1_CNC_Machining,dimensional_error,94648.02788417661,3.0,,2024-03-06 23:27:40
P-029102,S1_CNC_Machining,tool_wear_mark,66280.2666854058,1.0,,2024-02-16 06:39:52
P-020695,S3_Assembly,cosmetic_scratch,60678.42850513212,1.0,OP-103,2024-02-12 09:18:03
P-047774,S1_CNC_Machining,surface_finish,108760.04218949778,2.0,,2024-03-16 18:39:46
P-038294,S1_CNC_Machining,tool_wear_mark,87203.2801330726,2.0,,2024-03-01 19:22:59
P-024038,S1_CNC_Machining,surface_finish,54536.89433426078,,,2024-02-08 02:56:54
P-018947,S3_Assembly,incorrect_torque,55452.822656467586,2.0,OP-201,2024-02-08 18:12:37
P-020062,S2_Welding,porosity,58782.56786987261,3.0,,2024-02-11 01:42:29
P-021368,S5_Packaging,packaging_damage,73287.92116399137,,OP-302,2024-02-21 03:27:37
P-011864,S1_CNC_Machining,surface_finish,26873.242479881446,2.0,,2024-01-19 21:53:01
P-027646,S1_CNC_Machining,surface_finish,62934.62342439148,3.0,,2024-02-13 22:54:23
P-043558,S3_Assembly,missing_fastener,127609.33407447048,2.0,OP-203,2024-03-29 20:49:18
P-016830,S3_Assembly,misalignment,49255.56998779752,1.0,OP-104,2024-02-04 10:55:26
P-019986,S3_Assembly,cosmetic_scratch,58568.961963652255,3.0,OP-301,2024-02-10 22:09:01
P-017028,S3_Assembly,incorrect_torque,49831.32120042981,2.0,OP-201,2024-02-04 20:31:43
P-007394,S1_CNC_Machining,dimensional_error,16761.340398064553,2.0,,2024-01-12 21:21:02
P-044678,S1_CNC_Machining,surface_finish,101719.51094488725,2.0,,2024-03-11 21:19:45
P-023284,S3_Assembly,cosmetic_scratch,68208.79382492455,2.0,OP-202,2024-02-17 14:48:58
P-009146,S3_Assembly,incorrect_torque,26722.586530549957,2.0,OP-202,2024-01-19 19:22:17
P-043951,S1_CNC_Machining,surface_finish,100062.06369219071,2.0,,2024-03-10 17:41:57
P-018106,S5_Packaging,packaging_damage,62092.568776785905,1.0,OP-101,2024-02-13 08:52:52
P-010907,S2_Welding,porosity,31858.090333953696,1.0,,2024-01-23 08:57:56
P-025874,S1_CNC_Machining,tool_wear_mark,58801.257315137984,3.0,,2024-02-11 02:00:59
P-056340,S1_CNC_Machining,surface_finish,128252.5076037804,1.0,,2024-03-30 07:32:14
P-014927,S3_Assembly,misalignment,43656.349420247774,1.0,OP-101,2024-01-31 13:36:02
P-001739,S5_Packaging,label_error,5968.249812058179,1.0,OP-104,2024-01-05 09:27:54
P-013575,S1_CNC_Machining,surface_finish,30782.79637307221,2.0,,2024-01-22 15:02:25
P-002294,S2_Welding,porosity,6635.530091869711,2.0,,2024-01-05 20:35:42
P-027107,S1_CNC_Machining,surface_finish,61665.69919494374,3.0,,2024-02-13 01:45:15
P-010048,S3_Assembly,misalignment,29353.3982102246,2.0,OP-203,2024-01-21 15:13:05
P-000463,S5_Packaging,packaging_damage,1594.9703088808008,1.0,OP-102,2024-01-02 08:34:42
P-029449,S1_CNC_Machining,surface_finish,67047.5934474107,2.0,,2024-02-16 19:27:16
P-036596,S3_Assembly,misalignment,107181.788578149,2.0,OP-201,2024-03-15 16:21:55
P-041086,S3_Assembly,missing_fastener,120375.22624324395,2.0,OP-203,2024-03-24 20:15:25
P-038005,S3_Assembly,missing_fastener,111341.77421583048,1.0,OP-101,2024-03-18 13:41:41
P-036333,S3_Assembly,cosmetic_scratch,106405.04900366568,3.0,OP-302,2024-03-15 03:24:44
P-032444,S3_Assembly,misalignment,95043.4900974168,3.0,OP-302,2024-03-07 06:03:05
P-024732,S3_Assembly,missing_fastener,72446.69291178668,1.0,OP-104,2024-02-20 13:26:17
P-041824,S3_Assembly,incorrect_torque,122555.61125520825,1.0,OP-101,2024-03-26 08:35:35
P-023018,S3_Assembly,incorrect_torque,67428.23720130563,3.0,OP-301,2024-02-17 01:48:40
P-036283,S5_Packaging,packaging_damage,124218.57755298556,1.0,OP-101,2024-03-27 12:18:07
P-014506,S1_CNC_Machining,dimensional_error,32950.531082048314,3.0,,2024-01-24 03:10:13
P-000841,S3_Assembly,misalignment,2473.6706233171353,3.0,OP-302,2024-01-02 23:13:20
P-030003,S1_CNC_Machining,surface_finish,68292.41104578634,2.0,,2024-02-17 16:11:57
P-021047,S3_Assembly,misalignment,61729.978642983166,3.0,OP-302,2024-02-13 02:49:55
P-004289,S3_Assembly,cosmetic_scratch,12483.202709488873,2.0,OP-202,2024-01-09 22:03:21
P-019579,S3_Assembly,cosmetic_scratch,57351.02552699447,3.0,OP-301,2024-02-10 01:50:44
P-043923,S2_Welding,weak_weld,128660.23248243934,2.0,,2024-03-30 14:20:33
P-018405,S1_CNC_Machining,dimensional_error,41788.82594477357,1.0,,2024-01-30 06:29:18
P-009858,S1_CNC_Machining,tool_wear_mark,22386.904447157733,2.0,,2024-01-16 19:06:32
P-028876,S1_CNC_Machining,tool_wear_mark,65770.67070271689,3.0,,2024-02-15 22:11:02
P-010402,S1_CNC_Machining,surface_finish,23584.344789940875,2.0,,2024-01-17 15:04:07
P-028157,S2_Welding,spatter_damage,,1.0,,2024-02-27 12:19:18
P-034347,S3_Assembly,missing_fastener,100586.64018578304,3.0,OP-302,2024-03-11 02:26:42
P-038242,S2_Welding,weak_weld,112022.64927606072,3.0,,2024-03-19 01:02:55
P-007301,S3_Assembly,incorrect_torque,21281.44144341764,3.0,OP-301,2024-01-16 00:41:06
P-003022,S3_Assembly,cosmetic_scratch,8800.490013240156,1.0,OP-101,2024-01-07 08:40:03
P-001124,S3_Assembly,cosmetic_scratch,3288.500948261258,1.0,OP-102,2024-01-03 12:48:30
P-003296,S1_CNC_Machining,surface_finish,7488.330689353434,1.0,,2024-01-06 10:48:00
P-011588,S1_CNC_Machining,tool_wear_mark,26267.379769100502,1.0,,2024-01-19 11:47:29
P-003204,S3_Assembly,misalignment,9311.60289605453,2.0,OP-202,2024-01-07 17:11:48
P-008405,S3_Assembly,incorrect_torque,24558.434417961154,1.0,OP-104,2024-01-18 07:18:35
P-020986,S1_CNC_Machining,dimensional_error,47598.618912851125,1.0,,2024-02-03 07:18:20
P-033451,S3_Assembly,cosmetic_scratch,97926.5385704882,3.0,OP-301,2024-03-09 06:07:02
P-006554,S3_Assembly,incorrect_torque,19100.828071511463,1.0,OP-104,2024-01-14 12:20:56
P-028460,S1_CNC_Machining,surface_finish,64785.78914530483,3.0,,2024-02-15 05:45:26
P-037584,S1_CNC_Machining,tool_wear_mark,85538.90483027353,2.0,,2024-02-29 15:39:21
P-017984,S2_Welding,weak_weld,52629.60457531836,2.0,,2024-02-06 19:09:31
P-048901,S1_CNC_Machining,tool_wear_mark,111416.28869352178,2.0,,2024-03-18 14:56:32
P-016314,S5_Packaging,packaging_damage,55969.898191855864,3.0,OP-302,2024-02-09 02:50:22
P-049682,S1_CNC_Machining,dimensional_error,113191.1935917215,2.0,,2024-03-19 20:31:12
P-013020,S2_Welding,weak_weld,,2.0,,2024-01-27 15:55:08
P-022459,S1_CNC_Machining,tool_wear_mark,50994.800077664295,2.0,,2024-02-05 15:54:28
P-043190,S1_CNC_Machining,tool_wear_mark,98337.85445418915,1.0,,2024-03-09 12:57:23
P-039160,S3_Assembly,incorrect_torque,114712.35711459685,2.0,OP-203,2024-03-20 21:52:49
P-022148,S5_Packaging,label_error,75930.94595764104,3.0,OP-302,2024-02-22 23:30:30
P-018188,S1_CNC_Machining,surface_finish,41261.24469099486,2.0,,2024-01-29 21:41:17
P-013851,S1_CNC_Machining,dimensional_error,31461.400563294297,3.0,,2024-01-23 02:21:13
P-031533,S5_Packaging,packaging_damage,108041.68903654946,1.0,OP-103,2024-03-16 06:41:50
P-017313,S2_Welding,weak_weld,50667.942910954924,1.0,,2024-02-05 10:28:00
P-034197,S2_Welding,weak_weld,100147.97178118676,2.0,,2024-03-10 19:07:29
P-050180,S1_CNC_Machining,tool_wear_mark,114307.23475803579,2.0,,2024-03-20 15:07:32
P-000877,S3_Assembly,cosmetic_scratch,2582.0460067829035,3.0,OP-302,2024-01-03 01:01:33
P-030934,S1_CNC_Machining,surface_finish,70375.98254978027,3.0,,2024-02-19 02:56:20
P-023938,S3_Assembly,incorrect_torque,70158.69947508519,3.0,OP-302,2024-02-18 23:18:40
P-015868,S3_Assembly,incorrect_torque,46432.77952713175,1.0,OP-101,2024-02-02 11:52:54
P-000519,S3_Assembly,incorrect_torque,1557.1083715814639,1.0,OP-102,2024-01-02 07:56:42
P-000610,S3_Assembly,missing_fastener,1811.2270369080284,1.0,OP-103,2024-01-02 12:11:18
P-008873,S1_CNC_Machining,dimensional_error,20156.695922225383,3.0,,2024-01-15 05:56:42
P-002649,S5_Packaging,label_error,9007.164411097694,1.0,OP-103,2024-01-07 12:07:07
P-041970,S1_CNC_Machining,surface_finish,,1.0,,2024-03-07 13:43:40
P-006804,S2_Welding,porosity,19838.26390209395,3.0,,2024-01-15 00:37:58
P-022016,S5_Packaging,packaging_damage,75456.46752633151,2.0,OP-202,2024-02-22 15:36:01
P-029358,S1_CNC_Machining,surface_finish,66843.76357564937,2.0,,2024-02-16 16:03:39
P-016964,S2_Welding,weak_weld,49639.2642539656,2.0,,2024-02-04 17:19:28
P-038187,S1_CNC_Machining,tool_wear_mark,86900.4120105433,2.0,,2024-03-01 14:20:38
P-031264,S3_Assembly,incorrect_torque,91600.62662888737,2.0,OP-201,2024-03-04 20:40:36
P-018874,S1_CNC_Machining,surface_finish,42834.09497809977,3.0,,2024-01-30 23:53:45
P-001305,S1_CNC_Machining,tool_wear_mark,2947.755319840206,1.0,,2024-01-03 07:07:40
P-030556,S2_Welding,porosity,89485.2409955804,1.0,,2024-03-03 09:24:50
P-038602,S3_Assembly,cosmetic_scratch,113065.553985251,2.0,OP-201,2024-03-19 18:25:24
P-043085,S3_Assembly,cosmetic_scratch,126257.38162145099,3.0,OP-301,2024-03-28 22:17:33
P-010438,S1_CNC_Machining,tool_wear_mark,23668.176999808198,2.0,,2024-01-17 16:27:43
P-000875,S5_Packaging,packaging_damage,2990.8058587729643,1.0,OP-101,2024-01-03 07:51:07
P-016501,S3_Assembly,cosmetic_scratch,48276.61881801063,2.0,OP-202,2024-02-03 18:36:38
P-009895,S5_Packaging,label_error,33811.876420375665,2.0,OP-201,2024-01-24 17:32:12
P-039276,S1_CNC_Machining,tool_wear_mark,89422.38032168557,1.0,,2024-03-03 08:22:11
P-030795,S3_Assembly,missing_fastener,90240.35477555652,2.0,OP-201,2024-03-03 21:59:55
P-029957,S2_Welding,spatter_damage,87737.84649596334,3.0,,2024-03-02 04:17:43
P-013705,S1_CNC_Machining,dimensional_error,31128.109593045272,2.0,,2024-01-22 20:48:17
P-030727,S2_Welding,spatter_damage,89997.86404939351,2.0,,2024-03-03 17:58:00
P-026644,S1_CNC_Machining,dimensional_error,60618.20892836108,1.0,,2024-02-12 08:17:45
P-004760,S1_CNC_Machining,tool_wear_mark,10788.66344838395,2.0,,2024-01-08 17:48:55
P-019336,S2_Welding,porosity,56650.74341665588,2.0,,2024-02-09 14:10:24
P-028532,S3_Assembly,cosmetic_scratch,83548.61866659927,1.0,OP-101,2024-02-28 06:28:11
P-007082,S5_Packaging,packaging_damage,24171.742033639126,3.0,OP-302,2024-01-18 00:51:44
P-018481,S3_Assembly,cosmetic_scratch,54107.21817195569,2.0,OP-201,2024-02-07 19:47:41
P-024313,S1_CNC_Machining,tool_wear_mark,55162.07416496594,1.0,,2024-02-08 13:22:17
P-016837,S1_CNC_Machining,dimensional_error,38211.322726927014,2.0,,2024-01-27 18:50:59
P-030699,S3_Assembly,cosmetic_scratch,89924.34748657851,2.0,OP-203,2024-03-03 16:44:02
P-019437,S1_CNC_Machining,tool_wear_mark,44101.16417286318,2.0,,2024-01-31 21:01:39
P-027583,S2_Welding,spatter_damage,80753.78486389128,1.0,,2024-02-26 07:53:29
P-009569,S5_Packaging,label_error,32708.351543777568,3.0,OP-302,2024-01-23 23:08:40
P-031974,S3_Assembly,cosmetic_scratch,93661.95013834164,1.0,OP-104,2024-03-06 07:02:26
P-041383,S1_CNC_Machining,tool_wear_mark,94178.20501743928,2.0,,2024-03-06 15:38:32
P-024823,S5_Packaging,label_error,85011.0577380898,1.0,OP-102,2024-02-29 06:50:36
P-002750,S3_Assembly,misalignment,7993.9841778606815,2.0,OP-203,2024-01-06 19:13:38
P-027343,S3_Assembly,cosmetic_scratch,80048.50457109597,2.0,OP-203,2024-02-25 20:08:33
P-056218,S1_CNC_Machining,dimensional_error,127979.71196931202,3.0,,2024-03-30 02:59:21
P-016186,S3_Assembly,incorrect_torque,47364.52987624075,3.0,OP-301,2024-02-03 03:24:35
P-053202,S1_CNC_Machining,surface_finish,121214.52382330921,1.0,,2024-03-25 10:14:33
P-022796,S5_Packaging,label_error,78144.11870476545,1.0,OP-101,2024-02-24 12:23:49
P-017927,S1_CNC_Machining,dimensional_error,40670.21948616451,1.0,,2024-01-29 11:50:26
P-013984,S2_Welding,porosity,40866.833907822576,2.0,,2024-01-29 15:06:59
P-011651,S1_CNC_Machining,surface_finish,26405.854152872776,2.0,,2024-01-19 14:05:25
P-024851,S1_CNC_Machining,tool_wear_mark,56489.2125524954,1.0,,2024-02-09 11:28:52
P-023846,S2_Welding,porosity,69877.22499789477,2.0,,2024-02-18 18:37:14
P-031041,S3_Assembly,misalignment,90957.68177718029,1.0,OP-104,2024-03-04 09:57:25
P-013631,S2_Welding,weak_weld,39801.423139419974,2.0,,2024-01-28 21:21:41
P-011174,S3_Assembly,cosmetic_scratch,32657.974249707513,3.0,OP-302,2024-01-23 22:18:15
P-030943,S3_Assembly,incorrect_torque,90669.48676836482,3.0,OP-301,2024-03-04 05:09:12
P-021717,S1_CNC_Machining,tool_wear_mark,49320.800837453,1.0,,2024-02-04 12:00:47
P-014157,S1_CNC_Machining,tool_wear_mark,32154.67312376926,1.0,,2024-01-23 13:55:09
P-045068,S1_CNC_Machining,tool_wear_mark,102601.00388295,1.0,,2024-03-12 12:00:38
P-030926,S3_Assembly,missing_fastener,90619.30205462381,3.0,OP-302,2024-03-04 04:18:58
P-003538,S3_Assembly,misalignment,10278.09935246803,1.0,OP-101,2024-01-08 09:18:34
P-039063,S1_CNC_Machining,surface_finish,88953.65756609154,3.0,,2024-03-03 00:33:17
P-000106,S1_CNC_Machining,dimensional_error,238.20613638439323,1.0,,2024-01-01 09:58:25
P-008341,S2_Welding,spatter_damage,24334.083860992225,3.0,,2024-01-18 03:33:49
P-003690,S3_Assembly,misalignment,10760.06756074018,2.0,OP-203,2024-01-08 17:19:49
P-010422,S5_Packaging,packaging_damage,35680.221685669465,3.0,OP-302,2024-01-26 00:40:04
P-005833,S3_Assembly,misalignment,17011.29636840103,3.0,OP-302,2024-01-13 01:31:47
P-016472,S2_Welding,spatter_damage,48192.585863184795,2.0,,2024-02-03 17:13:04
P-015609,S3_Assembly,misalignment,45658.21040177809,3.0,OP-301,2024-02-01 22:58:00
P-028755,S3_Assembly,missing_fastener,84232.62009863374,2.0,OP-202,2024-02-28 17:52:58
P-041420,S3_Assembly,cosmetic_scratch,121389.85577930097,1.0,OP-102,2024-03-25 13:10:03
P-042437,S3_Assembly,incorrect_torque,124336.79062818598,2.0,OP-201,2024-03-27 14:17:10
P-019005,S5_Packaging,label_error,65141.05387993247,1.0,OP-102,2024-02-15 11:40:48
P-027769,S1_CNC_Machining,dimensional_error,63214.794827711055,3.0,,2024-02-14 03:34:23
P-015046,S5_Packaging,packaging_damage,51598.98471849729,3.0,OP-302,2024-02-06 01:58:39
P-029583,S1_CNC_Machining,dimensional_error,67352.40792389415,3.0,,2024-02-17 00:32:44
P-037899,S3_Assembly,incorrect_torque,111024.01157378039,1.0,OP-103,2024-03-18 08:24:25
P-024438,S3_Assembly,cosmetic_scratch,71598.16463767133,3.0,OP-301,2024-02-19 23:18:12
P-029980,S1_CNC_Machining,dimensional_error,68239.50103918716,2.0,,2024-02-17 15:19:03
P-001606,S2_Welding,porosity,4661.502762675347,1.0,,2024-01-04 11:41:06
P-013688,S2_Welding,spatter_damage,39967.36852599186,3.0,,2024-01-29 00:07:26
P-024221,S1_CNC_Machining,surface_finish,54952.07584401452,1.0,,2024-02-08 09:52:21
P-014074,S1_CNC_Machining,surface_finish,31968.629695394695,1.0,,2024-01-23 10:48:52
P-021550,S2_Welding,spatter_damage,63171.28668834247,3.0,,2024-02-14 02:51:36
P-023697,S3_Assembly,incorrect_torque,69429.76413182257,1.0,OP-102,2024-02-18 11:09:52
P-038596,S3_Assembly,incorrect_torque,113048.70760009182,2.0,OP-203,2024-03-19 18:08:36
P-023727,S3_Assembly,misalignment,69518.55124346266,1.0,OP-103,2024-02-18 12:38:12
P-025131,S1_CNC_Machining,dimensional_error,57122.930989152774,2.0,,2024-02-09 22:03:19
P-040477,S3_Assembly,incorrect_torque,118576.65519423588,2.0,OP-203,2024-03-23 14:16:17
P-010232,S2_Welding,spatter_damage,29885.674231840723,3.0,,2024-01-22 00:05:41
P-017441,S1_CNC_Machining,tool_wear_mark,39577.06072804793,2.0,,2024-01-28 17:36:57
P-002369,S3_Assembly,incorrect_torque,6859.4883823697455,3.0,OP-302,2024-01-06 00:19:43
P-043143,S1_CNC_Machining,surface_finish,98232.1275310275,1.0,,2024-03-09 11:12:33
P-020645,S3_Assembly,incorrect_torque,60530.86213701585,1.0,OP-104,2024-02-12 06:51:19
P-039212,S3_Assembly,missing_fastener,114878.06707226095,3.0,OP-301,2024-03-21 00:37:57
P-012075,S3_Assembly,misalignment,35274.06516838238,2.0,OP-201,2024-01-25 17:54:29
P-039434,S1_CNC_Machining,surface_finish,89781.50642955581,2.0,,2024-03-03 14:21:03
P-001843,S2_Welding,weak_weld,5342.066710511767,3.0,,2024-01-04 23:01:44
P-026274,S3_Assembly,cosmetic_scratch,76954.38194197498,2.0,OP-202,2024-02-23 16:33:58
P-017403,S2_Welding,porosity,50940.79932101161,2.0,,2024-02-05 15:00:18
P-004934,S3_Assembly,missing_fastener,14376.148829063786,3.0,OP-302,2024-01-11 05:36:02
P-011274,S3_Assembly,cosmetic_scratch,32938.212313400196,3.0,OP-302,2024-01-24 02:58:10
P-031352,S3_Assembly,cosmetic_scratch,91856.33685271993,3.0,OP-301,2024-03-05 00:56:18
P-018704,S3_Assembly,cosmetic_scratch,54749.91014222897,1.0,OP-102,2024-02-08 06:29:26
P-012377,S3_Assembly,misalignment,36142.50077902054,1.0,OP-102,2024-01-26 08:22:18
P-021778,S3_Assembly,misalignment,63821.755276820164,1.0,OP-101,2024-02-14 13:42:01
P-003530,S3_Assembly,incorrect_torque,10255.895713619815,1.0,OP-101,2024-01-08 08:56:13
P-019460,S3_Assembly,missing_fastener,57020.711872633074,2.0,OP-203,2024-02-09 20:20:39
P-012817,S1_CNC_Machining,surface_finish,29023.67080434318,1.0,,2024-01-21 09:43:50
P-002226,S3_Assembly,cosmetic_scratch,6450.056651473804,2.0,OP-202,2024-01-05 17:30:01
P-002157,S5_Packaging,packaging_damage,7373.694830847938,1.0,OP-103,2024-01-06 08:53:23
P-037695,S1_CNC_Machining,dimensional_error,85789.86715281085,2.0,,2024-02-29 19:49:59
P-003231,S3_Assembly,incorrect_torque,9388.777112213136,2.0,OP-203,2024-01-07 18:28:38
P-034992,S1_CNC_Machining,surface_finish,79626.4263376385,1.0,,2024-02-25 13:06:43
P-039441,S1_CNC_Machining,surface_finish,89793.90026850699,2.0,,2024-03-03 14:34:13
P-019741,S3_Assembly,missing_fastener,57836.40566594331,1.0,OP-101,2024-02-10 09:56:49
P-038745,S3_Assembly,missing_fastener,113494.73504527868,3.0,OP-301,2024-03-20 01:34:58
P-018275,S3_Assembly,incorrect_torque,53501.493517531715,1.0,OP-103,2024-02-07 09:41:09
P-027044,S3_Assembly,missing_fastener,79188.68033391346,3.0,OP-301,2024-02-25 05:48:40
P-033500,S5_Packaging,packaging_damage,114682.41113437904,2.0,OP-202,2024-03-20 21:22:45
P-018817,S1_CNC_Machining,surface_finish,42704.56745717189,2.0,,2024-01-30 21:44:58
P-024535,S3_Assembly,misalignment,71883.09727857941,3.0,OP-301,2024-02-20 04:02:46
P-037727,S1_CNC_Machining,dimensional_error,85856.23506173457,2.0,,2024-02-29 20:56:27
P-006192,S2_Welding,porosity,18042.711742337084,2.0,,2024-01-13 18:42:59
P-028734,S3_Assembly,incorrect_torque,84169.95388244065,2.0,OP-203,2024-02-28 16:50:14
P-022341,S2_Welding,weak_weld,65480.95275470047,2.0,,2024-02-15 17:21:26
P-033220,S3_Assembly,cosmetic_scratch,97256.12637483125,2.0,OP-202,2024-03-08 18:55:56
P-034808,S3_Assembly,cosmetic_scratch,101919.71544916558,3.0,OP-301,2024-03-12 00:39:33
P-015361,S1_CNC_Machining,dimensional_error,34884.26247882041,1.0,,2024-01-25 11:24:15
P-004841,S1_CNC_Machining,tool_wear_mark,10975.476710432975,2.0,,2024-01-08 20:55:54
P-035978,S2_Welding,weak_weld,105348.25574081458,1.0,,2024-03-14 09:47:51
P-022695,S3_Assembly,misalignment,66504.8361504971,1.0,OP-102,2024-02-16 10:24:57
P-008595,S2_Welding,weak_weld,25093.996190435377,2.0,,2024-01-18 16:14:05
P-022368,S1_CNC_Machining,dimensional_error,50786.3454654125,1.0,,2024-02-05 12:26:41
P-005574,S3_Assembly,missing_fastener,16239.23931436731,1.0,OP-104,2024-01-12 12:38:48
P-034023,S3_Assembly,misalignment,99600.11534804368,1.0,OP-103,2024-03-10 10:00:28
P-023711,S2_Welding,porosity,69465.61884696569,1.0,,2024-02-18 11:45:44
P-041828,S3_Assembly,incorrect_torque,122568.72449318295,1.0,OP-103,2024-03-26 08:48:26
P-024129,S2_Welding,spatter_damage,70704.22937760461,1.0,,2024-02-19 08:24:32
P-039786,S1_CNC_Machining,tool_wear_mark,90579.37625034036,3.0,,2024-03-04 03:39:20
P-003418,S3_Assembly,incorrect_torque,9934.638835234948,3.0,OP-301,2024-01-08 03:34:15
P-020784,S1_CNC_Machining,surface_finish,47143.95535458349,3.0,,2024-02-02 23:44:17
P-039776,S1_CNC_Machining,dimensional_error,90556.17759075732,3.0,,2024-03-04 03:16:09
P-056495,S1_CNC_Machining,tool_wear_mark,128607.43243962519,1.0,,2024-03-30 13:27:16
P-023189,S3_Assembly,cosmetic_scratch,67929.39441698274,1.0,OP-103,2024-02-17 10:08:55
P-038523,S3_Assembly,misalignment,112845.3281863634,2.0,OP-203,2024-03-19 14:44:59
P-042260,S1_CNC_Machining,dimensional_error,96168.43665032602,3.0,,2024-03-08 00:48:17
P-022645,S5_Packaging,label_error,77636.30708927324,3.0,OP-301,2024-02-24 03:56:14
P-030228,S1_CNC_Machining,tool_wear_mark,68790.35798346075,3.0,,2024-02-18 00:29:55
P-054053,S1_CNC_Machining,dimensional_error,123128.47107135718,2.0,,2024-03-26 18:08:36
P-027062,S5_Packaging,label_error,92700.3522517729,2.0,OP-201,2024-03-05 15:00:19
P-004626,S1_CNC_Machining,dimensional_error,10486.3735691227,1.0,,2024-01-08 12:46:22
P-025623,S3_Assembly,missing_fastener,75045.3855044399,1.0,OP-101,2024-02-22 08:45:40
P-021387,S3_Assembly,incorrect_torque,62695.83370857217,2.0,OP-201,2024-02-13 18:55:47
P-016438,S1_CNC_Machining,dimensional_error,37316.73265419756,3.0,,2024-01-27 03:56:58
P-038362,S1_CNC_Machining,surface_finish,87354.75314858955,2.0,,2024-03-01 21:54:55
P-055828,S1_CNC_Machining,surface_finish,127096.66366657273,1.0,,2024-03-29 12:16:47
P-013684,S1_CNC_Machining,dimensional_error,31078.71545763576,2.0,,2024-01-22 19:58:20
P-043899,S1_CNC_Machining,surface_finish,99938.88564060786,2.0,,2024-03-10 15:38:25
P-017628,S1_CNC_Machining,surface_finish,40003.46728621121,3.0,,2024-01-29 00:43:41
P-027812,S3_Assembly,misalignment,81433.06496155607,2.0,OP-202,2024-02-26 19:13:12
P-017300,S3_Assembly,missing_fastener,50627.72235363617,1.0,OP-103,2024-02-05 09:47:54
P-000838,S3_Assembly,incorrect_torque,2461.799044315494,3.0,OP-302,2024-01-02 23:01:22
P-025574,S1_CNC_Machining,surface_finish,58113.55798107606,2.0,,2024-02-10 14:33:26
P-043694,S3_Assembly,incorrect_torque,128010.29653853452,3.0,OP-302,2024-03-30 03:30:40
P-011598,S3_Assembly,cosmetic_scratch,33885.32799729653,2.0,OP-201,2024-01-24 18:45:12
P-034684,S3_Assembly,missing_fastener,101560.27250037603,2.0,OP-201,2024-03-11 18:40:36
P-042939,S2_Welding,spatter_damage,125832.87931448994,2.0,,2024-03-28 15:13:15
P-037592,S3_Assembly,missing_fastener,110098.9208026063,2.0,OP-203,2024-03-17 16:59:13
P-036156,S1_CNC_Machining,tool_wear_mark,82249.21925841374,1.0,,2024-02-27 08:49:37
P-024099,S3_Assembly,incorrect_torque,70622.52488469005,1.0,OP-102,2024-02-19 07:02:30
P-024989,S5_Packaging,label_error,85525.36554078976,2.0,OP-203,2024-02-29 15:25:30
P-023926,S5_Packaging,label_error,81985.67641131698,3.0,OP-302,2024-02-27 04:26:00
P-048467,S1_CNC_Machining,surface_finish,110442.55769862267,3.0,,2024-03-17 22:42:23
P-015347,S3_Assembly,misalignment,44900.98081846397,1.0,OP-103,2024-02-01 10:20:38
P-040211,S3_Assembly,misalignment,117793.71923269163,3.0,OP-301,2024-03-23 01:13:23
P-025151,S1_CNC_Machining,surface_finish,57166.10571612393,3.0,,2024-02-09 22:45:43
P-014771,S3_Assembly,incorrect_torque,43174.43258494441,3.0,OP-302,2024-01-31 05:34:16
P-050744,S1_CNC_Machining,surface_finish,115680.06964211131,1.0,,2024-03-21 14:00:22
P-031007,S5_Packaging,label_error,106202.34432324528,3.0,OP-301,2024-03-15 00:02:15
P-016269,S1_CNC_Machining,dimensional_error,36936.620007139645,2.0,,2024-01-26 21:36:14
P-042455,S3_Assembly,cosmetic_scratch,124389.00165196232,,OP-202,2024-03-27 15:08:42
P-034396,S3_Assembly,incorrect_torque,100728.89836754705,3.0,OP-302,2024-03-11 04:49:08
P-033243,S1_CNC_Machining,surface_finish,75709.57196781233,2.0,,2024-02-22 19:49:28
P-014940,S5_Packaging,packaging_damage,51222.43727295179,2.0,OP-201,2024-02-05 19:42:17
P-033660,S2_Welding,spatter_damage,98519.58851308768,2.0,,2024-03-09 15:59:50
P-003294,S3_Assembly,misalignment,9575.832456265329,2.0,OP-201,2024-01-07 21:35:34
P-034934,S3_Assembly,cosmetic_scratch,102289.17660436787,1.0,OP-103,2024-03-12 06:48:56
P-009600,S2_Welding,porosity,28039.716636041627,2.0,,2024-01-20 17:19:33
P-026966,S1_CNC_Machining,tool_wear_mark,,2.0,,2024-02-12 20:21:12
P-034528,S2_Welding,weak_weld,101109.6918400594,1.0,,2024-03-11 11:09:26
P-007210,S2_Welding,porosity,21001.755074126424,2.0,,2024-01-15 20:01:32
P-027569,S1_CNC_Machining,tool_wear_mark,62765.414861128644,2.0,,2024-02-13 20:05:18
P-014544,S2_Welding,porosity,42492.60822911618,2.0,,2024-01-30 18:12:41
P-042756,S3_Assembly,missing_fastener,125265.13252424948,3.0,OP-302,2024-03-28 05:45:06
P-009181,S1_CNC_Machining,tool_wear_mark,20862.278372805573,2.0,,2024-01-15 17:42:32
P-018904,S1_CNC_Machining,tool_wear_mark,42895.21325972232,3.0,,2024-01-31 00:55:17
P-036158,S2_Welding,porosity,105873.3374039364,2.0,,2024-03-14 18:33:25
P-038290,S3_Assembly,missing_fastener,112171.72333087283,,OP-302,2024-03-19 03:31:50
P-003205,S3_Assembly,incorrect_torque,9308.627908597522,2.0,OP-202,2024-01-07 17:08:19
P-043509,S1_CNC_Machining,dimensional_error,99055.15634680745,,,2024-03-10 00:54:53
P-053994,S1_CNC_Machining,tool_wear_mark,122993.79758176529,2.0,,2024-03-26 15:54:00
P-030973,S3_Assembly,incorrect_torque,90752.12013364672,1.0,OP-104,2024-03-04 06:32:22
P-040119,S3_Assembly,incorrect_torque,117515.60601654477,2.0,OP-202,2024-03-22 20:35:12
P-030862,S1_CNC_Machining,surface_finish,70211.54333155505,3.0,,2024-02-19 00:12:00
P-020654,S3_Assembly,incorrect_torque,,1.0,OP-104,2024-02-12 07:18:29
P-009850,S1_CNC_Machining,tool_wear_mark,22370.033066274063,2.0,,2024-01-16 18:49:43
P-034069,S1_CNC_Machining,tool_wear_mark,77572.81056638768,3.0,,2024-02-24 02:53:16
P-039662,S3_Assembly,misalignment,116164.00165317915,2.0,OP-203,2024-03-21 22:03:51
P-006081,S1_CNC_Machining,tool_wear_mark,13840.389163233996,2.0,,2024-01-10 20:40:49
P-008974,S5_Packaging,packaging_damage,30657.59493208496,1.0,OP-104,2024-01-22 12:57:33
P-014095,S1_CNC_Machining,dimensional_error,32018.230632036702,1.0,,2024-01-23 11:38:09
P-036929,S3_Assembly,missing_fastener,108168.79530460625,1.0,OP-103,2024-03-16 08:48:37
P-023569,S3_Assembly,cosmetic_scratch,69056.20012653175,3.0,OP-301,2024-02-18 04:56:06
P-000569,S1_CNC_Machining,surface_finish,1286.5961484201068,3.0,,2024-01-02 03:26:38
P-027032,S1_CNC_Machining,surface_finish,61492.786327598325,,,2024-02-12 22:52:55
P-005187,S5_Packaging,label_error,17635.907558830175,1.0,OP-104,2024-01-13 11:56:23
P-005567,S2_Welding,porosity,16214.372387649051,1.0,,2024-01-12 12:14:40
P-035827,S1_CNC_Machining,tool_wear_mark,81503.28266122799,2.0,,2024-02-26 20:23:33
P-008335,S1_CNC_Machining,surface_finish,18893.046243050565,1.0,,2024-01-14 08:53:31
P-013482,S2_Welding,weak_weld,39372.07645191422,2.0,,2024-01-28 14:11:42
P-040549,S3_Assembly,cosmetic_scratch,118798.92804177065,2.0,OP-203,2024-03-23 17:58:39
P-023173,S1_CNC_Machining,tool_wear_mark,52603.12047292526,2.0,,2024-02-06 18:43:30
P-039656,S1_CNC_Machining,tool_wear_mark,90284.3998089916,3.0,,2024-03-03 22:44:47
P-009877,S1_CNC_Machining,dimensional_error,22427.18324106255,2.0,,2024-01-16 19:47:25
P-008361,S1_CNC_Machining,dimensional_error,18949.53382172409,1.0,,2024-01-14 09:49:15
P-015363,S3_Assembly,missing_fastener,44944.747808906955,1.0,OP-103,2024-02-01 11:05:00
P-001020,S1_CNC_Machining,dimensional_error,2307.136752419136,2.0,,2024-01-02 20:27:26
P-031873,S1_CNC_Machining,tool_wear_mark,72561.58235579768,2.0,,2024-02-20 15:21:09
P-035120,S1_CNC_Machining,surface_finish,79917.85165179195,2.0,,2024-02-25 17:57:24
P-033411,S3_Assembly,cosmetic_scratch,97812.58617778131,3.0,OP-302,2024-03-09 04:12:21
P-024735,S2_Welding,spatter_damage,72453.10488813109,1.0,,2024-02-20 13:32:59
P-013804,S3_Assembly,incorrect_torque,40347.950546898035,1.0,OP-104,2024-01-29 06:28:01
P-040411,S3_Assembly,missing_fastener,118366.51478833696,1.0,OP-103,2024-03-23 10:46:47
P-019183,S3_Assembly,incorrect_torque,56162.22534985763,3.0,OP-302,2024-02-09 06:02:11
P-008141,S1_CNC_Machining,surface_finish,18461.60783961529,3.0,,2024-01-14 01:41:50
P-038665,S3_Assembly,missing_fastener,113257.0707919331,2.0,OP-201,2024-03-19 21:37:24
P-028234,S1_CNC_Machining,dimensional_error,64283.507063315,2.0,,2024-02-14 21:23:18
P-038899,S3_Assembly,cosmetic_scratch,113948.4131628639,1.0,OP-102,2024-03-20 09:08:34
P-016207,S3_Assembly,incorrect_torque,47430.85222734578,3.0,OP-302,2024-02-03 04:30:41
P-022028,S2_Welding,spatter_damage,64555.60256827442,3.0,,2024-02-15 01:55:29
P-037331,S1_CNC_Machining,dimensional_error,84981.39628026212,1.0,,2024-02-29 06:21:18
P-030856,S3_Assembly,missing_fastener,90425.35397628971,3.0,OP-301,2024-03-04 01:05:26
P-008533,S5_Packaging,packaging_damage,29152.85406816525,1.0,OP-104,2024-01-21 11:52:39
P-029563,S2_Welding,weak_weld,86588.10687934076,1.0,,2024-03-01 09:08:36
P-035555,S3_Assembly,missing_fastener,104105.38568072942,1.0,OP-103,2024-03-13 13:05:21
P-039925,S3_Assembly,cosmetic_scratch,116967.38574060985,1.0,OP-103,2024-03-22 11:27:09
P-036951,S3_Assembly,cosmetic_scratch,108238.9818729987,1.0,OP-104,2024-03-16 09:58:55
P-003773,S1_CNC_Machining,tool_wear_mark,8564.454068439196,3.0,,2024-01-07 04:44:24
P-010732,S2_Welding,spatter_damage,31359.924573545606,3.0,,2024-01-23 00:40:18
P-035253,S2_Welding,spatter_damage,103195.20351121364,2.0,,2024-03-12 21:55:25
P-014169,S3_Assembly,cosmetic_scratch,41412.10863084392,3.0,OP-301,2024-01-30 00:11:48
P-041703,S3_Assembly,cosmetic_scratch,122210.35261800591,3.0,OP-301,2024-03-26 02:50:35
P-005014,S2_Welding,spatter_damage,14601.092254963924,1.0,,2024-01-11 09:21:21
P-000606,S3_Assembly,cosmetic_scratch,1801.5499391872481,1.0,OP-104,2024-01-02 12:01:58
P-013254,S3_Assembly,missing_fastener,38722.94272175711,3.0,OP-302,2024-01-28 03:22:48
P-031880,S3_Assembly,missing_fastener,93384.4370452445,3.0,OP-301,2024-03-06 02:24:24
P-039605,S3_Assembly,misalignment,116012.68210996331,2.0,OP-202,2024-03-21 19:32:25
P-054660,S1_CNC_Machining,tool_wear_mark,124485.22237852977,2.0,,2024-03-27 16:45:02
P-037748,S5_Packaging,label_error,129150.47802906284,3.0,OP-301,2024-03-30 22:30:40
P-041410,S3_Assembly,incorrect_torque,121361.58203082882,1.0,OP-103,2024-03-25 12:41:16
P-001894,S1_CNC_Machining,dimensional_error,4272.4915708570115,3.0,,2024-01-04 05:12:17
P-032761,S1_CNC_Machining,dimensional_error,74569.88213624508,3.0,,2024-02-22 00:49:52
P-051263,S1_CNC_Machining,surface_finish,116858.17965598166,1.0,,2024-03-22 09:37:58
P-023670,S3_Assembly,cosmetic_scratch,69370.49946401575,1.0,OP-102,2024-02-18 10:10:15
P-022262,S3_Assembly,misalignment,65259.0116198364,1.0,OP-104,2024-02-15 13:39:12
P-018170,S3_Assembly,misalignment,53189.689348700966,3.0,OP-302,2024-02-07 04:29:25
P-022426,S2_Welding,weak_weld,65731.3584921553,2.0,,2024-02-15 21:30:56
P-040873,S1_CNC_Machining,surface_finish,93018.14602044888,2.0,,2024-03-05 20:18:36
P-006647,S1_CNC_Machining,surface_finish,15105.653255869229,2.0,,2024-01-11 17:45:12
P-021303,S3_Assembly,misalignment,62464.05668202185,2.0,OP-201,2024-02-13 15:03:55
P-000349,S1_CNC_Machining,surface_finish,788.7504760022333,2.0,,2024-01-01 19:08:43
P-005614,S2_Welding,porosity,16370.84431172379,2.0,,2024-01-12 14:50:50
P-029306,S3_Assembly,missing_fastener,85828.41624107568,2.0,OP-202,2024-02-29 20:28:19
P-021131,S3_Assembly,missing_fastener,61968.2522673933,1.0,OP-103,2024-02-13 06:48:20
P-001433,S3_Assembly,misalignment,4162.242100295871,3.0,OP-301,2024-01-04 03:21:51
P-015113,S3_Assembly,incorrect_torque,44214.74744608753,3.0,OP-301,2024-01-31 22:55:02
P-004703,S1_CNC_Machining,dimensional_error,10658.464355290036,2.0,,2024-01-08 15:38:41
P-003589,S1_CNC_Machining,surface_finish,8147.493881829668,2.0,,2024-01-06 21:47:21
P-046788,S1_CNC_Machining,dimensional_error,106522.4601151261,3.0,,2024-03-15 05:22:39
P-013473,S3_Assembly,misalignment,39351.68073607021,1.0,OP-103,2024-01-28 13:51:45
P-002490,S5_Packaging,label_error,8500.18482268684,3.0,OP-301,2024-01-07 03:40:33
P-036381,S1_CNC_Machining,surface_finish,82749.99265938393,2.0,,2024-02-27 17:10:27
P-028440,S2_Welding,spatter_damage,83280.37617271974,3.0,,2024-02-28 02:00:49
P-012683,S1_CNC_Machining,dimensional_error,28727.880677952642,3.0,,2024-01-21 04:47:43
P-004055,S2_Welding,spatter_damage,11808.421886288403,1.0,,2024-01-09 10:48:43
P-008113,S1_CNC_Machining,surface_finish,18400.055307057,3.0,,2024-01-14 00:39:53
P-033577,S3_Assembly,cosmetic_scratch,98296.38219425142,1.0,OP-102,2024-03-09 12:16:51
P-011257,S1_CNC_Machining,tool_wear_mark,25523.194749159386,,,2024-01-18 23:23:32
P-043222,S3_Assembly,missing_fastener,126658.39923850451,3.0,OP-302,2024-03-29 04:58:28
P-026060,S3_Assembly,missing_fastener,76333.06012632532,1.0,OP-101,2024-02-23 06:13:15
P-017555,S1_CNC_Machining,dimensional_error,39836.74168301767,2.0,,2024-01-28 21:56:55
P-014367,S1_CNC_Machining,tool_wear_mark,32631.116278394446,2.0,,2024-01-23 21:50:37
P-036808,S3_Assembly,misalignment,107793.41570599859,3.0,OP-301,2024-03-16 02:33:42
P-043082,S3_Assembly,misalignment,126245.89479192982,3.0,OP-301,2024-03-28 22:06:10
P-015519,S1_CNC_Machining,tool_wear_mark,35245.35068746891,2.0,,2024-01-25 17:25:23
P-043565,S3_Assembly,misalignment,127634.05465598888,2.0,OP-201,2024-03-29 21:14:12
P-052867,S1_CNC_Machining,surface_finish,120449.04306364029,2.0,,2024-03-24 21:28:45
P-005658,S3_Assembly,incorrect_torque,16504.671821752734,2.0,OP-203,2024-01-12 17:04:29
P-034962,S2_Welding,spatter_damage,102365.65121612484,1.0,,2024-03-12 08:05:28
P-028180,S3_Assembly,cosmetic_scratch,82530.12118811917,1.0,OP-102,2024-02-27 13:30:32
P-024528,S3_Assembly,cosmetic_scratch,71859.9888321429,3.0,OP-301,2024-02-20 03:39:42
P-026055,S3_Assembly,misalignment,76317.16835275854,3.0,OP-302,2024-02-23 05:57:19
P-037384,S5_Packaging,label_error,127970.24692129303,3.0,OP-301,2024-03-30 02:50:43
P-019269,S3_Assembly,cosmetic_scratch,56428.0556684626,1.0,OP-102,2024-02-09 10:28:09
P-034544,S1_CNC_Machining,surface_finish,78635.32634903301,2.0,,2024-02-24 20:35:03
P-002303,S3_Assembly,incorrect_torque,6666.1137801850045,2.0,OP-201,2024-01-05 21:06:01
P-027852,S3_Assembly,cosmetic_scratch,81548.98493273347,2.0,OP-202,2024-02-26 21:09:12
P-044046,S1_CNC_Machining,dimensional_error,100298.46694685786,2.0,,2024-03-10 21:38:42
P-024954,S1_CNC_Machining,dimensional_error,56718.451291249876,2.0,,2024-02-09 15:18:47
P-032185,S3_Assembly,cosmetic_scratch,94275.41677016622,2.0,OP-203,2024-03-06 17:15:40
P-030871,S5_Packaging,packaging_damage,105724.0459115687,2.0,OP-203,2024-03-14 16:03:37
P-033911,S2_Welding,weak_weld,99255.76882999962,3.0,,2024-03-10 04:15:57
P-028160,S2_Welding,porosity,82469.99122438428,1.0,,2024-02-27 12:29:57
P-011837,S3_Assembly,incorrect_torque,34574.15001200817,1.0,OP-102,2024-01-25 06:14:08
P-041505,S3_Assembly,incorrect_torque,121639.5955361812,2.0,OP-203,2024-03-25 17:19:58
P-026951,S3_Assembly,misalignment,78923.36137493246,3.0,OP-302,2024-02-25 01:23:50
P-015192,S2_Welding,weak_weld,44438.81590822971,3.0,,2024-02-01 02:39:12
P-037539,S1_CNC_Machining,tool_wear_mark,85439.18196137284,1.0,,2024-02-29 13:59:22
P-050485,S1_CNC_Machining,surface_finish,115068.70856238114,3.0,,2024-03-21 03:49:02
P-034656,S3_Assembly,missing_fastener,101480.75177604353,2.0,OP-201,2024-03-11 17:20:54
P-034034,S1_CNC_Machining,surface_finish,77494.40009358748,3.0,,2024-02-24 01:34:00
P-041744,S3_Assembly,incorrect_torque,122326.12123705403,3.0,OP-301,2024-03-26 04:46:08
P-000564,S2_Welding,spatter_damage,1672.7726895546623,1.0,,2024-01-02 09:52:39
P-029286,S1_CNC_Machining,surface_finish,66687.20742611735,1.0,,2024-02-16 13:26:47
P-023020,S2_Welding,spatter_damage,67425.68046040845,3.0,,2024-02-17 01:45:20
P-001839,S3_Assembly,misalignment,5340.3084332598355,3.0,OP-301,2024-01-04 23:00:09
P-003598,S1_CNC_Machining,tool_wear_mark,8163.961430938357,3.0,,2024-01-06 22:04:26
P-026012,S3_Assembly,misalignment,76186.48136734105,3.0,OP-302,2024-02-23 03:46:17
P-033622,S2_Welding,porosity,98415.6239305511,2.0,,2024-03-09 14:15:40
P-031781,S5_Packaging,label_error,108852.56580802401,,OP-201,2024-03-16 20:12:25
P-009560,S5_Packaging,label_error,32679.40519545818,3.0,OP-302,2024-01-23 22:39:45
P-042754,S3_Assembly,cosmetic_scratch,125263.42399305949,3.0,OP-302,2024-03-28 05:43:12
P-000943,S1_CNC_Machining,dimensional_error,2136.680249607125,2.0,,2024-01-02 17:36:15
P-040589,S3_Assembly,cosmetic_scratch,118902.63891406383,2.0,OP-202,2024-03-23 19:42:57
P-040579,S1_CNC_Machining,surface_finish,92348.73287041631,1.0,,2024-03-05 09:08:52
P-024862,S2_Welding,porosity,72810.5862001691,,,2024-02-20 19:30:05
P-002686,S2_Welding,porosity,7802.857297221112,2.0,,2024-01-06 16:02:45
P-037872,S3_Assembly,misalignment,110944.44353638851,1.0,OP-104,2024-03-18 07:04:41
P-024142,S3_Assembly,misalignment,70743.9530521193,1.0,OP-102,2024-02-19 09:04:25
P-024587,S3_Assembly,incorrect_torque,72030.83786359841,1.0,OP-101,2024-02-20 06:30:23
P-023644,S1_CNC_Machining,surface_finish,53652.889154154356,1.0,,2024-02-07 12:12:27
P-052286,S1_CNC_Machining,tool_wear_mark,119138.67032732928,3.0,,2024-03-23 23:38:47
P-039808,S3_Assembly,incorrect_torque,116591.41416108342,3.0,OP-302,2024-03-22 05:11:47
P-038110,S3_Assembly,missing_fastener,111652.2927528484,2.0,OP-201,2024-03-18 18:52:07
P-040043,S1_CNC_Machining,surface_finish,91155.39880564799,1.0,,2024-03-04 13:15:37
P-010314,S3_Assembly,cosmetic_scratch,30134.554783388845,3.0,OP-302,2024-01-22 04:14:12
P-004227,S1_CNC_Machining,tool_wear_mark,9586.35327972373,2.0,,2024-01-07 21:46:26
P-048514,S1_CNC_Machining,tool_wear_mark,110544.04584724616,3.0,,2024-03-18 00:24:06
P-030625,S3_Assembly,missing_fastener,89697.76275073776,1.0,OP-101,2024-03-03 12:58:15
P-025522,S2_Welding,spatter_damage,,3.0,,2024-02-22 03:42:47
P-038435,S3_Assembly,cosmetic_scratch,112585.47725750139,1.0,OP-102,2024-03-19 10:25:47
P-024283,S3_Assembly,incorrect_torque,71148.53364630598,2.0,OP-203,2024-02-19 15:48:04
P-012974,S3_Assembly,incorrect_torque,37903.2044947436,1.0,OP-101,2024-01-27 13:42:51
P-015542,S2_Welding,spatter_damage,45457.06305926276,2.0,,2024-02-01 19:36:56
P-032422,S3_Assembly,cosmetic_scratch,94975.37064870943,3.0,OP-301,2024-03-07 04:55:06
P-012729,S1_CNC_Machining,dimensional_error,28831.79018836247,1.0,,2024-01-21 06:31:38
P-035609,S3_Assembly,missing_fastener,104256.63278439705,2.0,OP-201,2024-03-13 15:37:07
P-020877,S1_CNC_Machining,dimensional_error,47353.574667395274,,,2024-02-03 03:13:25
P-012547,S3_Assembly,incorrect_torque,36668.79474151894,2.0,OP-201,2024-01-26 17:09:13
P-031610,S1_CNC_Machining,tool_wear_mark,71953.06612511762,3.0,,2024-02-20 05:12:48
P-008760,S3_Assembly,missing_fastener,25589.02246645397,3.0,OP-301,2024-01-19 00:28:45
P-003113,S1_CNC_Machining,dimensional_error,7078.636160840522,3.0,,2024-01-06 03:58:34
P-016147,S2_Welding,spatter_damage,47246.10087597457,3.0,,2024-02-03 01:25:59
P-012041,S3_Assembly,incorrect_torque,35181.83229921324,2.0,OP-203,2024-01-25 16:21:43
P-021330,S2_Welding,weak_weld,62534.58982156183,2.0,,2024-02-13 16:14:45
P-006769,S5_Packaging,packaging_damage,23085.593564571314,1.0,OP-101,2024-01-17 06:46:01
P-038143,S2_Welding,porosity,111739.61445553401,2.0,,2024-03-18 20:19:44
P-036085,S3_Assembly,missing_fastener,105666.95122858245,2.0,OP-202,2024-03-14 15:07:25
P-000588,S5_Packaging,packaging_damage,1971.2640830043854,2.0,OP-201,2024-01-02 14:51:16
P-028049,S1_CNC_Machining,tool_wear_mark,63857.230986820396,2.0,,2024-02-14 14:17:05
P-043734,S2_Welding,spatter_damage,128120.30979052799,3.0,,2024-03-30 05:20:44
P-005245,S2_Welding,weak_weld,15289.47402715541,2.0,,2024-01-11 20:49:35
P-033572,S3_Assembly,missing_fastener,98280.26291798268,1.0,OP-103,2024-03-09 12:00:15
P-026079,S1_CNC_Machining,tool_wear_mark,59275.82701921393,1.0,,2024-02-11 09:55:45
P-037902,S1_CNC_Machining,dimensional_error,86256.42760401202,3.0,,2024-03-01 03:36:07
P-004558,S1_CNC_Machining,dimensional_error,10328.773653489647,1.0,,2024-01-08 10:08:23
P-033181,S5_Packaging,packaging_damage,113651.3439671391,3.0,OP-302,2024-03-20 04:11:11
P-022723,S1_CNC_Machining,dimensional_error,51595.35657997969,3.0,,2024-02-06 01:55:48
P-040463,S3_Assembly,cosmetic_scratch,118535.09069664266,1.0,OP-102,2024-03-23 13:34:52
P-025422,S5_Packaging,label_error,87030.7492664591,2.0,OP-202,2024-03-01 16:31:12
P-017292,S2_Welding,weak_weld,50602.727110644104,1.0,,2024-02-05 09:22:42
P-014638,S3_Assembly,misalignment,42782.20891516883,3.0,OP-302,2024-01-30 23:01:58
P-029725,S3_Assembly,misalignment,87073.51743932499,2.0,OP-203,2024-03-01 17:13:15
P-037597,S3_Assembly,missing_fastener,110115.84488897734,2.0,OP-203,2024-03-17 17:15:59
P-043592,S1_CNC_Machining,dimensional_error,99244.68503481371,3.0,,2024-03-10 04:04:38
P-007360,S3_Assembly,cosmetic_scratch,21457.196344414235,3.0,OP-301,2024-01-16 03:37:29
P-004239,S3_Assembly,cosmetic_scratch,12345.908969803804,2.0,OP-202,2024-01-09 19:45:28
P-005231,S3_Assembly,cosmetic_scratch,15254.512406185957,2.0,OP-203,2024-01-11 20:14:38
P-001183,S2_Welding,porosity,3443.9629883657462,2.0,,2024-01-03 15:23:59
P-006037,S1_CNC_Machining,tool_wear_mark,13738.734197796528,2.0,,2024-01-10 18:58:25
P-006101,S1_CNC_Machining,surface_finish,13883.10080762503,2.0,,2024-01-10 21:22:46
P-007860,S3_Assembly,misalignment,22911.34545431703,3.0,OP-301,2024-01-17 03:51:36
P-016495,S1_CNC_Machining,tool_wear_mark,37439.53192607973,3.0,,2024-01-27 05:59:39
P-015212,S2_Welding,spatter_damage,44496.87564652085,3.0,,2024-02-01 03:36:38
P-032785,S3_Assembly,cosmetic_scratch,96029.56872940772,3.0,OP-302,2024-03-07 22:29:32
P-031311,S3_Assembly,cosmetic_scratch,91743.01843332274,3.0,OP-301,2024-03-04 23:03:27
P-002325,S1_CNC_Machining,tool_wear_mark,5245.78248962443,2.0,,2024-01-04 21:25:55
P-034335,S1_CNC_Machining,tool_wear_mark,78167.97547804654,1.0,,2024-02-24 12:47:58
P-023083,S2_Welding,spatter_damage,67616.6992938087,3.0,,2024-02-17 04:56:21
P-016316,S3_Assembly,missing_fastener,47748.726700285275,1.0,OP-102,2024-02-03 09:48:19
P-008796,S5_Packaging,packaging_damage,30058.859908514794,3.0,OP-302,2024-01-22 02:58:39
P-001485,S5_Packaging,label_error,5064.660961364536,2.0,OP-203,2024-01-04 18:24:14
P-041912,S1_CNC_Machining,dimensional_error,95372.02213844474,1.0,,2024-03-07 11:31:39
P-023541,S3_Assembly,misalignment,68975.88175205167,3.0,OP-301,2024-02-18 03:35:39
P-016511,S3_Assembly,misalignment,48306.51116036906,2.0,OP-202,2024-02-03 19:06:08
P-034377,S2_Welding,porosity,100670.02879169195,3.0,,2024-03-11 03:50:16
P-041647,S2_Welding,porosity,122036.72368490149,3.0,,2024-03-25 23:56:36
P-004733,S3_Assembly,missing_fastener,13771.340545027706,2.0,OP-203,2024-01-10 19:31:19
P-016999,S1_CNC_Machining,tool_wear_mark,38575.904223167985,3.0,,2024-01-28 00:55:26
P-035111,S1_CNC_Machining,surface_finish,79898.85977636249,2.0,,2024-02-25 17:38:24
P-033687,S1_CNC_Machining,surface_finish,,1.0,,2024-02-23 12:34:02
P-031946,S3_Assembly,missing_fastener,93579.25277622801,3.0,OP-302,2024-03-06 05:39:24
P-007234,S5_Packaging,label_error,24689.306844337996,1.0,OP-104,2024-01-18 09:28:54
P-019867,S1_CNC_Machining,dimensional_error,45100.96001430398,1.0,,2024-02-01 13:40:45
P-019893,S2_Welding,spatter_damage,58288.37535077932,2.0,,2024-02-10 17:28:10
P-042697,S3_Assembly,missing_fastener,125096.19518409546,3.0,OP-301,2024-03-28 02:56:05
P-005883,S1_CNC_Machining,surface_finish,13389.805240912072,1.0,,2024-01-10 13:09:38
P-034142,S5_Packaging,packaging_damage,116852.96890655564,1.0,OP-104,2024-03-22 09:33:15
P-036924,S1_CNC_Machining,dimensional_error,84009.25217471745,2.0,,2024-02-28 14:09:17
P-016929,S2_Welding,porosity,49540.32485592736,2.0,,2024-02-04 15:40:32
P-029294,S3_Assembly,incorrect_torque,85793.83270903876,2.0,OP-202,2024-02-29 19:53:37
P-039473,S3_Assembly,incorrect_torque,115629.27886490458,1.0,OP-102,2024-03-21 13:09:18
P-046926,S1_CNC_Machining,tool_wear_mark,106831.57290037817,1.0,,2024-03-15 10:31:18
P-035906,S1_CNC_Machining,tool_wear_mark,81682.39631643119,3.0,,2024-02-26 23:22:04
P-015038,S3_Assembly,incorrect_torque,43973.24102777368,2.0,OP-202,2024-01-31 18:53:04
P-039593,S1_CNC_Machining,tool_wear_mark,90143.34558610301,2.0,,2024-03-03 20:23:02
P-004695,S5_Packaging,label_error,15978.422762838094,1.0,OP-102,2024-01-12 08:18:24
P-043099,S3_Assembly,cosmetic_scratch,126298.30050868215,3.0,OP-301,2024-03-28 22:58:24
P-016486,S3_Assembly,missing_fastener,48239.602309074675,2.0,OP-201,2024-02-03 17:59:27
P-008685,S2_Welding,weak_weld,25365.56325199265,2.0,,2024-01-18 20:45:20
P-000001,S1_CNC_Machining,dimensional_error,4.643583299640895,1.0,,2024-01-01 06:04:45
P-025062,S5_Packaging,packaging_damage,85787.30908286368,2.0,OP-203,2024-02-29 19:47:40
P-036657,S2_Welding,porosity,107348.41966523534,2.0,,2024-03-15 19:08:14
P-043705,S3_Assembly,missing_fastener,128040.26395995852,3.0,OP-302,2024-03-30 04:00:29
P-026542,S5_Packaging,packaging_damage,90954.951928262,1.0,OP-101,2024-03-04 09:55:19
P-051311,S1_CNC_Machining,dimensional_error,116961.33994628357,1.0,,2024-03-22 11:21:38
P-032018,S2_Welding,weak_weld,93778.38538785896,1.0,,2024-03-06 08:58:14
P-035261,S2_Welding,spatter_damage,103219.4899839906,3.0,,2024-03-12 22:19:14
P-002083,S3_Assembly,misalignment,,1.0,OP-102,2024-01-05 10:28:39
P-022220,S3_Assembly,missing_fastener,65133.090987332245,1.0,OP-103,2024-02-15 11:32:41
P-032009,S1_CNC_Machining,tool_wear_mark,72860.23388861133,2.0,,2024-02-20 20:20:26
P-009836,S3_Assembly,incorrect_torque,28735.486643573095,3.0,OP-302,2024-01-21 04:55:48
P-026833,S3_Assembly,incorrect_torque,78582.84596020842,2.0,OP-203,2024-02-24 19:42:26
P-027566,S5_Packaging,packaging_damage,94461.22122696677,2.0,OP-203,2024-03-06 20:21:14
P-031417,S2_Welding,spatter_damage,92033.94076860958,3.0,,2024-03-05 03:54:21
P-053742,S1_CNC_Machining,dimensional_error,,1.0,,2024-03-26 06:30:44
P-003168,S1_CNC_Machining,dimensional_error,7205.742998481927,3.0,,2024-01-06 06:05:57
P-008329,S2_Welding,weak_weld,24305.22420443423,3.0,,2024-01-18 03:05:25
P-018930,S5_Packaging,label_error,64878.521339397135,1.0,OP-102,2024-02-15 07:18:05
P-043449,S3_Assembly,missing_fastener,127296.34807968061,2.0,OP-202,2024-03-29 15:36:37
P-027145,S2_Welding,weak_weld,79472.75683308582,1.0,,2024-02-25 10:32:48
P-042257,S1_CNC_Machining,surface_finish,96164.32434475113,3.0,,2024-03-08 00:44:37
P-034622,S1_CNC_Machining,surface_finish,78806.64552536058,3.0,,2024-02-24 23:26:40
P-045998,S1_CNC_Machining,tool_wear_mark,104741.7221557228,3.0,,2024-03-13 23:42:00
P-002337,S3_Assembly,incorrect_torque,6765.2248341353215,3.0,OP-302,2024-01-05 22:44:46
P-000444,S3_Assembly,incorrect_torque,1349.8559225473223,3.0,OP-302,2024-01-02 04:30:15
P-032722,S5_Packaging,label_error,112093.40024423697,3.0,OP-301,2024-03-19 02:13:14
P-031046,S3_Assembly,incorrect_torque,90975.56355891241,1.0,OP-103,2024-03-04 10:15:05
P-002391,S3_Assembly,misalignment,6927.14980060421,3.0,OP-302,2024-01-06 01:26:53
P-008495,S3_Assembly,misalignment,24818.98758278282,1.0,OP-101,2024-01-18 11:39:21
P-040556,S1_CNC_Machining,tool_wear_mark,92300.24729571101,1.0,,2024-03-05 08:20:19
P-022947,S3_Assembly,cosmetic_scratch,67215.11175694053,3.0,OP-302,2024-02-16 22:15:22
P-040373,S2_Welding,weak_weld,118252.5964249085,1.0,,2024-03-23 08:52:34
P-051703,S1_CNC_Machining,tool_wear_mark,117839.92621521902,3.0,,2024-03-23 01:59:56
P-019277,S3_Assembly,incorrect_torque,56448.582199571014,1.0,OP-101,2024-02-09 10:48:46
P-043782,S1_CNC_Machining,dimensional_error,99673.46100117578,1.0,,2024-03-10 11:13:57
P-030464,S2_Welding,porosity,89221.50707692774,3.0,,2024-03-03 05:01:22
P-041661,S3_Assembly,missing_fastener,122082.50061673246,3.0,OP-302,2024-03-26 00:42:47
P-013531,S5_Packaging,label_error,46399.20743544745,1.0,OP-102,2024-02-02 11:19:15
P-042054,S3_Assembly,misalignment,123214.55142517757,2.0,OP-201,2024-03-26 19:34:45
P-041125,S3_Assembly,incorrect_torque,120496.35341913925,3.0,OP-301,2024-03-24 22:16:48
P-038672,S2_Welding,porosity,113272.38156165561,2.0,,2024-03-19 21:52:46
P-033901,S3_Assembly,missing_fastener,99231.6827660893,3.0,OP-301,2024-03-10 03:51:32
P-020738,S5_Packaging,packaging_damage,71142.6811864396,2.0,OP-201,2024-02-19 15:42:54
P-001302,S3_Assembly,missing_fastener,3781.6184384325425,2.0,OP-201,2024-01-03 21:01:58
P-025157,S3_Assembly,missing_fastener,73677.75872927894,1.0,OP-104,2024-02-21 09:57:29
P-011388,S1_CNC_Machining,dimensional_error,25821.90365365237,3.0,,2024-01-19 04:21:38
P-036935,S2_Welding,spatter_damage,,1.0,,2024-03-16 09:03:52
P-033491,S2_Welding,weak_weld,98035.97322739956,1.0,,2024-03-09 07:55:43
P-056827,S1_CNC_Machining,tool_wear_mark,129353.24723058248,3.0,,2024-03-31 01:53:42
P-042621,S3_Assembly,cosmetic_scratch,124866.54349794958,3.0,OP-301,2024-03-27 23:06:59
P-008816,S2_Welding,spatter_damage,25743.11201902122,3.0,,2024-01-19 03:02:38
P-036178,S2_Welding,spatter_damage,105932.00825614382,2.0,,2024-03-14 19:31:46
P-016263,S2_Welding,porosity,47586.160404018585,1.0,,2024-02-03 07:05:43
P-032044,S5_Packaging,packaging_damage,109746.65104139247,1.0,OP-101,2024-03-17 11:06:40
P-037536,S3_Assembly,missing_fastener,109938.50534673348,2.0,OP-203,2024-03-17 14:18:27
P-022058,S2_Welding,porosity,64645.588545199585,3.0,,2024-02-15 03:25:25
P-027858,S3_Assembly,missing_fastener,81570.19627003673,,OP-203,2024-02-26 21:30:04
P-007198,S5_Packaging,label_error,24577.203428604877,1.0,OP-101,2024-01-18 07:37:27
P-025797,S3_Assembly,missing_fastener,75551.43713948768,2.0,OP-203,2024-02-22 17:11:36
P-031211,S3_Assembly,missing_fastener,91442.17700391721,2.0,OP-202,2024-03-04 18:01:53
P-013005,S3_Assembly,misalignment,37994.87551047461,2.0,OP-201,2024-01-27 15:14:43
P-033331,S1_CNC_Machining,dimensional_error,75908.98841347135,3.0,,2024-02-22 23:09:28
P-014969,S3_Assembly,misalignment,43773.21597137314,2.0,OP-203,2024-01-31 15:33:33
P-001760,S2_Welding,porosity,5108.107864738854,2.0,,2024-01-04 19:08:08
P-043714,S1_CNC_Machining,surface_finish,99518.52824887756,1.0,,2024-03-10 08:38:33
P-013509,S3_Assembly,missing_fastener,39455.33815569508,2.0,OP-201,2024-01-28 15:35:22
P-018136,S1_CNC_Machining,dimensional_error,41138.893574764836,2.0,,2024-01-29 19:39:08
P-012967,S3_Assembly,misalignment,37877.894623137145,1.0,OP-101,2024-01-27 13:17:34
P-002268,S3_Assembly,misalignment,6573.868565789327,2.0,OP-203,2024-01-05 19:33:23
P-021159,S3_Assembly,misalignment,62048.21548825305,1.0,OP-103,2024-02-13 08:07:58
P-008321,S2_Welding,porosity,24277.76268114108,3.0,,2024-01-18 02:37:45
P-047109,S1_CNC_Machining,surface_finish,107245.03406945223,2.0,,2024-03-15 17:25:27
P-023653,S3_Assembly,incorrect_torque,69301.89588093912,1.0,OP-103,2024-02-18 09:02:07
P-002067,S2_Welding,porosity,5977.0361631106525,1.0,,2024-01-05 09:36:33
P-041032,S1_CNC_Machining,surface_finish,93380.76294642016,3.0,,2024-03-06 02:20:28
P-021040,S1_CNC_Machining,surface_finish,47723.50006873829,1.0,,2024-02-03 09:23:03
P-055849,S1_CNC_Machining,dimensional_error,127147.77991458913,1.0,,2024-03-29 13:07:54
P-031733,S1_CNC_Machining,tool_wear_mark,72243.7660145036,1.0,,2024-02-20 10:03:48
P-007067,S5_Packaging,label_error,24122.506114663316,3.0,OP-302,2024-01-18 00:02:12
P-043372,S3_Assembly,missing_fastener,127084.55244167936,1.0,OP-102,2024-03-29 12:05:01
P-002311,S2_Welding,porosity,6684.946082736392,2.0,,2024-01-05 21:24:37
P-007429,S1_CNC_Machining,tool_wear_mark,16837.58738796186,3.0,,2024-01-12 22:37:43
P-031884,S3_Assembly,misalignment,93396.37621178415,3.0,OP-301,2024-03-06 02:36:48
P-017679,S3_Assembly,incorrect_torque,51744.662202806045,3.0,OP-301,2024-02-06 04:24:46
P-036910,S3_Assembly,cosmetic_scratch,108118.70664291788,1.0,OP-101,2024-03-16 07:58:41
P-010434,S3_Assembly,missing_fastener,30486.350706134694,1.0,OP-102,2024-01-22 10:06:26
P-042906,S3_Assembly,incorrect_torque,125743.20102108148,1.0,OP-101,2024-03-28 13:43:01
P-030620,S2_Welding,weak_weld,89673.90477814584,,,2024-03-03 12:33:52
P-052068,S1_CNC_Machining,tool_wear_mark,118646.62140216483,2.0,,2024-03-23 15:26:26
P-043992,S1_CNC_Machining,surface_finish,100158.14786671296,2.0,,2024-03-10 19:18:18
P-024676,S1_CNC_Machining,surface_finish,56037.03748643084,3.0,,2024-02-09 03:57:10
P-026108,S3_Assembly,misalignment,76471.4841009587,1.0,OP-104,2024-02-23 08:31:36
P-022822,S1_CNC_Machining,dimensional_error,51814.922837774684,3.0,,2024-02-06 05:34:51
P-005239,S3_Assembly,cosmetic_scratch,15276.759148014511,2.0,OP-202,2024-01-11 20:36:40
P-021237,S3_Assembly,misalignment,62278.14978136102,1.0,OP-104,2024-02-13 11:58:19
P-036163,S3_Assembly,misalignment,105894.50201197829,2.0,OP-201,2024-03-14 18:54:26
P-014995,S5_Packaging,packaging_damage,51414.41037457896,3.0,OP-302,2024-02-05 22:54:01
P-015406,S3_Assembly,missing_fastener,45066.28072660775,1.0,OP-104,2024-02-01 13:06:30
P-027974,S1_CNC_Machining,dimensional_error,63686.40950497195,1.0,,2024-02-14 11:26:06
P-002231,S3_Assembly,incorrect_torque,6463.403361915197,2.0,OP-201,2024-01-05 17:43:12
P-007449,S3_Assembly,misalignment,21707.46932650585,1.0,OP-101,2024-01-16 07:47:19
P-037936,S2_Welding,spatter_damage,111109.82555014259,1.0,,2024-03-18 09:49:40
P-011247,S3_Assembly,misalignment,32864.16769318247,,OP-302,2024-01-24 01:44:27
P-008726,S5_Packaging,label_error,29792.809951422587,3.0,OP-301,2024-01-21 22:32:20
P-018177,S2_Welding,porosity,53203.46840046432,3.0,,2024-02-07 04:43:38
P-006118,S1_CNC_Machining,surface_finish,13920.461977712075,2.0,,2024-01-10 22:00:28
P-034417,S2_Welding,porosity,100786.13488710168,3.0,,2024-03-11 05:46:16
P-004148,S2_Welding,spatter_damage,12075.085790081925,2.0,,2024-01-09 15:15:22
P-015803,S1_CNC_Machining,dimensional_error,35886.53036702908,3.0,,2024-01-26 04:06:18
P-017836,S5_Packaging,packaging_damage,61164.329900947276,2.0,OP-201,2024-02-12 17:24:35
P-000140,S1_CNC_Machining,dimensional_error,314.9055312850712,1.0,,2024-01-01 11:14:45
P-029015,S3_Assembly,missing_fastener,84990.84980797736,1.0,OP-103,2024-02-29 06:30:52
P-047574,S1_CNC_Machining,dimensional_error,108309.27506372164,1.0,,2024-03-16 11:09:24
P-013441,S3_Assembly,cosmetic_scratch,39258.62628635764,1.0,OP-102,2024-01-28 12:18:11
P-045126,S1_CNC_Machining,tool_wear_mark,102734.38813871943,2.0,,2024-03-12 14:13:58
P-016809,S3_Assembly,misalignment,49200.87268546283,1.0,OP-102,2024-02-04 10:00:35
P-006675,S3_Assembly,misalignment,19462.09519769322,2.0,OP-203,2024-01-14 18:22:34
P-009071,S2_Welding,weak_weld,26497.55957997461,2.0,,2024-01-19 15:37:52
P-021130,S5_Packaging,label_error,72477.41521687989,1.0,OP-102,2024-02-20 13:57:22
P-053527,S1_CNC_Machining,surface_finish,121947.43985472899,3.0,,2024-03-25 22:27:07
P-018361,S3_Assembly,cosmetic_scratch,53758.97260057137,1.0,OP-103,2024-02-07 13:58:55
P-036947,S3_Assembly,misalignment,108221.56771118027,1.0,OP-101,2024-03-16 09:41:37
P-021282,S1_CNC_Machining,tool_wear_mark,48262.302544394515,2.0,,2024-02-03 18:22:30
P-004804,S1_CNC_Machining,tool_wear_mark,10892.012345309811,2.0,,2024-01-08 19:32:07
P-007814,S2_Welding,porosity,22761.06639449176,3.0,,2024-01-17 01:20:37
P-005787,S5_Packaging,packaging_damage,19694.068885941222,3.0,OP-301,2024-01-14 22:14:13
P-020965,S1_CNC_Machining,surface_finish,47549.74540034506,1.0,,2024-02-03 06:29:51
P-056008,S1_CNC_Machining,surface_finish,127502.27154470774,2.0,,2024-03-29 19:02:32
P-010049,S1_CNC_Machining,tool_wear_mark,22806.194127080773,3.0,,2024-01-17 02:05:53
P-021036,S3_Assembly,misalignment,61700.120781493395,3.0,OP-301,2024-02-13 02:20:15
P-009844,S3_Assembly,missing_fastener,28765.90038501207,3.0,OP-302,2024-01-21 05:26:12
P-025743,S3_Assembly,incorrect_torque,75397.14158581587,2.0,OP-203,2024-02-22 14:37:14
P-004599,S3_Assembly,misalignment,13387.45342966488,1.0,OP-102,2024-01-10 13:07:37
P-035425,S2_Welding,spatter_damage,103730.62388948408,1.0,,2024-03-13 06:50:57
P-037809,S1_CNC_Machining,surface_finish,86041.76922517635,3.0,,2024-03-01 00:01:42
P-032111,S5_Packaging,packaging_damage,109949.89275852268,2.0,OP-203,2024-03-17 14:29:27
P-016093,S3_Assembly,misalignment,47094.12236366116,3.0,OP-302,2024-02-02 22:53:50
P-005215,S3_Assembly,misalignment,15208.545754607143,2.0,OP-203,2024-01-11 19:28:44
P-004905,S3_Assembly,incorrect_torque,14290.903811940841,3.0,OP-301,2024-01-11 04:11:05
P-033614,S3_Assembly,misalignment,98395.25590433161,1.0,OP-103,2024-03-09 13:55:10
P-026638,S2_Welding,weak_weld,78005.78825165181,1.0,,2024-02-24 10:05:41
P-002922,S3_Assembly,incorrect_torque,8502.888367979649,3.0,OP-302,2024-01-07 03:42:28
P-026288,S3_Assembly,misalignment,76996.19148919015,2.0,OP-203,2024-02-23 17:15:50
P-035824,S1_CNC_Machining,tool_wear_mark,81496.98064102924,2.0,,2024-02-26 20:16:30
P-004674,S1_CNC_Machining,surface_finish,10595.443260800326,2.0,,2024-01-08 14:35:32
P-017621,S3_Assembly,missing_fastener,51578.08435422673,3.0,OP-301,2024-02-06 01:37:47
P-043310,S1_CNC_Machining,tool_wear_mark,98614.70612635995,2.0,,2024-03-09 17:35:06
P-027219,S1_CNC_Machining,surface_finish,,3.0,,2024-02-13 05:52:54
P-024623,S1_CNC_Machining,tool_wear_mark,55875.19637614429,3.0,,2024-02-09 01:15:08
P-018572,S1_CNC_Machining,tool_wear_mark,42164.0550209422,1.0,,2024-01-30 12:44:09
P-051098,S1_CNC_Machining,tool_wear_mark,116487.79068564327,3.0,,2024-03-22 03:27:35
P-026766,S1_CNC_Machining,dimensional_error,60894.0854746935,1.0,,2024-02-12 12:54:11
P-014225,S3_Assembly,missing_fastener,41570.472758318334,3.0,OP-301,2024-01-30 02:50:27
P-008664,S3_Assembly,incorrect_torque,25312.474315939227,2.0,OP-201,2024-01-18 19:52:26
P-050576,S1_CNC_Machining,dimensional_error,115295.56410995292,1.0,,2024-03-21 07:35:14
P-005860,S1_CNC_Machining,tool_wear_mark,13281.427530027837,1.0,,2024-01-10 11:21:38
P-001868,S1_CNC_Machining,surface_finish,4215.012316962922,3.0,,2024-01-04 04:14:52
P-030800,S3_Assembly,incorrect_torque,90251.10986971016,3.0,OP-301,2024-03-03 22:11:07
P-041023,S3_Assembly,missing_fastener,120198.09368620219,2.0,OP-202,2024-03-24 17:17:55
P-051473,S1_CNC_Machining,tool_wear_mark,117321.81966860945,2.0,,2024-03-22 17:21:47
P-006317,S1_CNC_Machining,dimensional_error,14360.697044534743,3.0,,2024-01-11 05:20:49
P-050607,S1_CNC_Machining,tool_wear_mark,115364.46221128864,1.0,,2024-03-21 08:44:18
P-039931,S1_CNC_Machining,dimensional_error,90898.66230729932,1.0,,2024-03-04 08:58:57
P-024706,S3_Assembly,cosmetic_scratch,72371.91387415485,1.0,OP-104,2024-02-20 12:11:41
P-028411,S3_Assembly,cosmetic_scratch,83202.34957067891,3.0,OP-301,2024-02-28 00:42:06
P-022809,S3_Assembly,missing_fastener,66816.6809005924,2.0,OP-203,2024-02-16 15:36:53
P-029173,S1_CNC_Machining,surface_finish,66434.98788747181,1.0,,2024-02-16 09:14:45
P-031239,S1_CNC_Machining,surface_finish,71074.78198899454,2.0,,2024-02-19 14:34:23
P-004115,S1_CNC_Machining,tool_wear_mark,9327.576283213286,2.0,,2024-01-07 17:28:04
P-007498,S3_Assembly,misalignment,21847.886814970705,1.0,OP-103,2024-01-16 10:07:36
P-014881,S5_Packaging,label_error,51020.885594855004,2.0,OP-203,2024-02-05 16:20:36
P-003112,S3_Assembly,missing_fastener,9050.20773271901,1.0,OP-103,2024-01-07 12:50:39
P-028580,S2_Welding,weak_weld,83701.18823091763,1.0,,2024-02-28 09:01:16
P-038615,S3_Assembly,missing_fastener,113109.60857553007,2.0,OP-203,2024-03-19 19:09:20
P-009953,S3_Assembly,misalignment,29073.62274714633,1.0,OP-103,2024-01-21 10:33:56
P-051819,S1_CNC_Machining,tool_wear_mark,118096.62303050069,1.0,,2024-03-23 06:16:19
P-044809,S1_CNC_Machining,surface_finish,102023.30435673933,3.0,,2024-03-12 02:23:07
P-015957,S1_CNC_Machining,tool_wear_mark,36231.0085443491,1.0,,2024-01-26 09:50:38
P-041070,S3_Assembly,missing_fastener,120326.40579365999,2.0,OP-203,2024-03-24 19:26:00
P-035315,S3_Assembly,missing_fastener,103382.34240263558,3.0,OP-301,2024-03-13 01:02:38
P-033061,S1_CNC_Machining,dimensional_error,75240.53405000451,1.0,,2024-02-22 12:00:15
P-043238,S2_Welding,porosity,126698.0965282382,3.0,,2024-03-29 05:38:32
P-009084,S5_Packaging,label_error,31042.6447731533,2.0,OP-203,2024-01-22 19:22:36
P-025636,S3_Assembly,misalignment,75080.04915952499,1.0,OP-103,2024-02-22 09:19:45
P-055386,S1_CNC_Machining,surface_finish,126118.4170072841,2.0,,2024-03-28 19:58:22
P-016970,S1_CNC_Machining,surface_finish,38513.265630597365,3.0,,2024-01-27 23:52:57
P-020697,S3_Assembly,incorrect_torque,60687.22725784285,1.0,OP-101,2024-02-12 09:26:48
P-019955,S5_Packaging,label_error,68435.84344083576,2.0,OP-203,2024-02-17 18:35:40
P-017496,S1_CNC_Machining,dimensional_error,39701.69818272824,2.0,,2024-01-28 19:41:45
P-007749,S2_Welding,porosity,22566.88225999281,3.0,,2024-01-16 22:07:16
P-056050,S1_CNC_Machining,tool_wear_mark,127594.90237210455,2.0,,2024-03-29 20:34:48
P-033199,S5_Packaging,packaging_damage,113719.79445443007,3.0,OP-301,2024-03-20 05:19:23
P-014792,S1_CNC_Machining,surface_finish,33597.610015119404,1.0,,2024-01-24 13:57:12
P-020777,S2_Welding,porosity,60912.245279510025,1.0,,2024-02-12 13:12:10
P-009477,S1_CNC_Machining,surface_finish,21522.443346396587,3.0,,2024-01-16 04:42:20
P-037915,S2_Welding,spatter_damage,111054.09289634248,1.0,,2024-03-18 08:53:40
P-006448,S1_CNC_Machining,dimensional_error,14651.610332310871,1.0,,2024-01-11 10:12:06
P-001687,S3_Assembly,incorrect_torque,4902.934313459599,2.0,OP-201,2024-01-04 15:43:22
P-015337,S3_Assembly,cosmetic_scratch,44868.54810054685,1.0,OP-101,2024-02-01 09:48:57
P-024003,S1_CNC_Machining,dimensional_error,54456.2402019904,3.0,,2024-02-08 01:36:29
P-008057,S2_Welding,weak_weld,23485.36185369305,1.0,,2024-01-17 13:25:33
P-004647,S5_Packaging,packaging_damage,15840.56641095969,3.0,OP-301,2024-01-12 06:00:35
P-023262,S5_Packaging,packaging_damage,79726.9942814197,2.0,OP-202,2024-02-25 14:47:22
P-018223,S2_Welding,spatter_damage,53329.04333155123,1.0,,2024-02-07 06:49:07
P-001336,S3_Assembly,misalignment,3887.3973773836915,3.0,OP-302,2024-01-03 22:47:12
P-028013,S3_Assembly,cosmetic_scratch,82037.9000724978,3.0,OP-301,2024-02-27 05:18:08
P-043651,S2_Welding,spatter_damage,127873.94650872466,3.0,,2024-03-30 01:13:42
P-052663,S1_CNC_Machining,dimensional_error,119994.37503548348,1.0,,2024-03-24 13:54:48
P-005285,S3_Assembly,missing_fastener,15409.808301901085,3.0,OP-301,2024-01-11 22:49:42
P-035845,S3_Assembly,cosmetic_scratch,104958.46137231238,3.0,OP-301,2024-03-14 03:17:58
P-013271,S3_Assembly,incorrect_torque,38768.322984188184,3.0,OP-301,2024-01-28 04:08:07
P-006025,S1_CNC_Machining,surface_finish,13712.414990471272,2.0,,2024-01-10 18:32:44
P-037937,S1_CNC_Machining,tool_wear_mark,86337.48208242774,3.0,,2024-03-01 04:57:34
P-034665,S5_Packaging,packaging_damage,118662.80109233716,2.0,OP-203,2024-03-23 15:43:10
P-041773,S3_Assembly,incorrect_torque,122402.83033428433,3.0,OP-301,2024-03-26 06:03:10
P-023388,S3_Assembly,missing_fastener,68519.60516245822,2.0,OP-202,2024-02-17 19:59:39
P-026681,S3_Assembly,misalignment,78128.37333694173,1.0,OP-102,2024-02-24 12:08:27
P-021983,S3_Assembly,missing_fastener,64424.46533349319,3.0,OP-302,2024-02-14 23:44:45
P-036312,S3_Assembly,misalignment,106344.0831973199,3.0,OP-301,2024-03-15 02:24:11
P-017209,S3_Assembly,incorrect_torque,50357.056220040446,3.0,OP-302,2024-02-05 05:16:46
P-007042,S1_CNC_Machining,dimensional_error,15980.507542646492,1.0,,2024-01-12 08:20:48
P-033631,S1_CNC_Machining,dimensional_error,76585.35284525152,1.0,,2024-02-23 10:25:05
P-005481,S2_Welding,weak_weld,15964.165583280821,1.0,,2024-01-12 08:04:29
P-040775,S3_Assembly,missing_fastener,119442.51217094876,3.0,OP-301,2024-03-24 04:42:25
P-048244,S1_CNC_Machining,tool_wear_mark,109860.1088274209,1.0,,2024-03-17 13:00:23
P-019311,S2_Welding,porosity,56574.6481427636,1.0,,2024-02-09 12:54:25
P-021999,S2_Welding,weak_weld,64468.728400597676,3.0,,2024-02-15 00:29:02
P-034765,S1_CNC_Machining,tool_wear_mark,79123.60637308183,,,2024-02-25 04:43:48
P-032574,S2_Welding,porosity,95419.96969758312,1.0,,2024-03-07 12:19:29
P-039370,S2_Welding,weak_weld,115330.734729475,1.0,,2024-03-21 08:10:57
P-008246,S2_Welding,porosity,24067.30231371747,3.0,,2024-01-17 23:06:53
P-004712,S3_Assembly,cosmetic_scratch,13709.728752846251,2.0,OP-203,2024-01-10 18:29:27
P-041816,S1_CNC_Machining,surface_finish,95158.79855055852,1.0,,2024-03-07 07:58:31
P-047423,S1_CNC_Machining,dimensional_error,107964.79146421858,3.0,,2024-03-16 05:24:48
P-024144,S1_CNC_Machining,surface_finish,,1.0,,2024-02-08 06:57:26
P-017457,S3_Assembly,misalignment,51109.452433683524,2.0,OP-201,2024-02-05 17:49:24
P-015343,S3_Assembly,missing_fastener,44892.25287874309,1.0,OP-102,2024-02-01 10:12:15
P-031024,S3_Assembly,misalignment,90902.70446929916,1.0,OP-104,2024-03-04 09:02:38
P-042852,S3_Assembly,incorrect_torque,125588.06921603937,1.0,OP-102,2024-03-28 11:07:37
P-019314,S2_Welding,porosity,56584.22879920169,1.0,,2024-02-09 13:04:36
P-033296,S5_Packaging,label_error,114028.12828262303,1.0,OP-102,2024-03-20 10:28:34
P-040654,S1_CNC_Machining,surface_finish,92518.84556027631,1.0,,2024-03-05 11:59:18
P-040141,S3_Assembly,cosmetic_scratch,117573.19778075343,2.0,OP-201,2024-03-22 21:33:22
P-056854,S1_CNC_Machining,dimensional_error,129412.02707792773,3.0,,2024-03-31 02:51:45
P-007353,S2_Welding,spatter_damage,21431.432003987633,3.0,,2024-01-16 03:11:40
P-005164,S3_Assembly,misalignment,15055.657483562452,2.0,OP-201,2024-01-11 16:55:29
P-026090,S1_CNC_Machining,tool_wear_mark,59299.50114375617,1.0,,2024-02-11 10:19:53
P-034110,S3_Assembly,missing_fastener,99854.08250706951,2.0,OP-203,2024-03-10 14:13:51
P-028321,S1_CNC_Machining,surface_finish,64478.7848857757,3.0,,2024-02-15 00:38:47
P-049487,S1_CNC_Machining,surface_finish,112749.6566146227,1.0,,2024-03-19 13:09:26
P-019037,S1_CNC_Machining,tool_wear_mark,43197.01462375917,3.0,,2024-01-31 05:57:25
P-038718,S3_Assembly,misalignment,113414.53249489483,3.0,OP-301,2024-03-20 00:14:45
P-019131,S5_Packaging,label_error,65586.16060455349,2.0,OP-202,2024-02-15 19:06:33
P-034321,S3_Assembly,missing_fastener,100520.36893794232,3.0,OP-301,2024-03-11 01:20:34
P-009645,S3_Assembly,missing_fastener,28176.790791845644,2.0,OP-201,2024-01-20 19:36:58
P-021226,S1_CNC_Machining,tool_wear_mark,48132.348913778194,2.0,,2024-02-03 16:12:17
P-055139,S1_CNC_Machining,tool_wear_mark,125569.99003837054,1.0,,2024-03-28 10:50:15
P-011885,S2_Welding,porosity,34712.81823831857,1.0,,2024-01-25 08:32:40
P-045320,S1_CNC_Machining,tool_wear_mark,103202.76009500738,2.0,,2024-03-12 22:02:26
P-054598,S1_CNC_Machining,dimensional_error,124347.49964121176,2.0,,2024-03-27 14:27:06
P-021855,S1_CNC_Machining,surface_finish,49636.50065769194,2.0,,2024-02-04 17:16:41
P-036903,S2_Welding,porosity,108097.97574435089,1.0,,2024-03-16 07:37:38
P-009154,S3_Assembly,misalignment,26743.047972648445,2.0,OP-203,2024-01-19 19:42:54
P-028342,S3_Assembly,missing_fastener,82998.2649575902,2.0,OP-202,2024-02-27 21:18:26
P-012343,S3_Assembly,misalignment,36049.32006355171,1.0,OP-101,2024-01-26 06:49:03
P-005135,S1_CNC_Machining,surface_finish,11645.132499547239,1.0,,2024-01-09 08:04:39
P-039298,S1_CNC_Machining,surface_finish,89474.2628478101,1.0,,2024-03-03 09:14:44
P-019856,S1_CNC_Machining,dimensional_error,45075.53101047987,1.0,,2024-02-01 13:15:47
P-045268,S1_CNC_Machining,surface_finish,103086.2854699822,2.0,,2024-03-12 20:06:35
P-038276,S3_Assembly,incorrect_torque,112133.96216781891,3.0,OP-302,2024-03-19 02:54:18
P-034968,S3_Assembly,incorrect_torque,102389.10233995583,1.0,OP-103,2024-03-12 08:28:40
P-021975,S3_Assembly,incorrect_torque,64401.88637016186,3.0,OP-301,2024-02-14 23:22:05
P-022814,S3_Assembly,misalignment,66828.52316836585,2.0,OP-203,2024-02-16 15:48:44
P-016474,S1_CNC_Machining,dimensional_error,37395.73927782989,3.0,,2024-01-27 05:16:01
P-008229,S1_CNC_Machining,dimensional_error,18661.43168333372,3.0,,2024-01-14 05:01:03
P-034711,S3_Assembly,incorrect_torque,101639.50790589965,2.0,OP-202,2024-03-11 19:59:10
P-027771,S1_CNC_Machining,tool_wear_mark,63219.414301346544,3.0,,2024-02-14 03:39:53
P-007700,S3_Assembly,missing_fastener,22429.732657899458,2.0,OP-202,2024-01-16 19:50:11
P-010294,S3_Assembly,incorrect_torque,30078.0957249839,3.0,OP-302,2024-01-22 03:17:43
P-008919,S3_Assembly,incorrect_torque,26054.70699369685,1.0,OP-103,2024-01-19 08:14:15
P-012428,S2_Welding,weak_weld,36278.06074014314,1.0,,2024-01-26 10:37:53
P-004675,S3_Assembly,missing_fastener,13606.274883149003,2.0,OP-202,2024-01-10 16:46:38
P-009888,S2_Welding,spatter_damage,28876.034624755488,1.0,,2024-01-21 07:16:06
P-010235,S3_Assembly,incorrect_torque,29902.726400976175,3.0,OP-302,2024-01-22 00:23:12
P-035822,S3_Assembly,cosmetic_scratch,104888.57903691393,3.0,OP-302,2024-03-14 02:08:58
P-023839,S2_Welding,porosity,69853.99387030886,2.0,,2024-02-18 18:13:41
P-027009,S1_CNC_Machining,tool_wear_mark,61438.71615819767,2.0,,2024-02-12 21:58:57
P-035151,S3_Assembly,missing_fastener,102917.22934761852,2.0,OP-201,2024-03-12 17:17:18
P-000522,S3_Assembly,missing_fastener,1568.494310127826,1.0,OP-102,2024-01-02 08:08:47
P-025327,S3_Assembly,missing_fastener,74174.19271204404,2.0,OP-203,2024-02-21 18:14:13
P-023177,S1_CNC_Machining,dimensional_error,52613.28515156522,2.0,,2024-02-06 18:53:01
P-022739,S2_Welding,porosity,66621.96373885675,1.0,,2024-02-16 12:21:37
P-056539,S1_CNC_Machining,tool_wear_mark,128706.13725906289,2.0,,2024-03-30 15:06:11
P-009729,S2_Welding,weak_weld,28417.82744026203,3.0,,2024-01-20 23:38:13
P-034805,S2_Welding,spatter_damage,101902.20454382182,3.0,,2024-03-12 00:22:27
P-034486,S5_Packaging,label_error,118052.62162994497,3.0,OP-301,2024-03-23 05:32:14
P-010829,S1_CNC_Machining,dimensional_error,24545.981786984248,1.0,,2024-01-18 07:06:09
P-009740,S3_Assembly,incorrect_torque,28457.66684153249,3.0,OP-301,2024-01-21 00:17:35
P-001986,S1_CNC_Machining,dimensional_error,4481.988825048823,1.0,,2024-01-04 08:42:19
P-055156,S1_CNC_Machining,tool_wear_mark,125605.8227097811,1.0,,2024-03-28 11:25:39
P-024799,S1_CNC_Machining,dimensional_error,56311.024966642326,1.0,,2024-02-09 08:30:41
P-020911,S2_Welding,weak_weld,61280.17455467644,2.0,,2024-02-12 19:20:20
P-043575,S3_Assembly,missing_fastener,127667.50003418274,2.0,OP-202,2024-03-29 21:47:30
P-024098,S1_CNC_Machining,tool_wear_mark,54671.074776708825,3.0,,2024-02-08 05:11:22
P-023589,S2_Welding,spatter_damage,69109.2067482814,3.0,,2024-02-18 05:49:00
P-035738,S2_Welding,porosity,104636.76826095313,2.0,,2024-03-13 21:56:50
P-039891,S3_Assembly,missing_fastener,116827.69796842203,1.0,OP-103,2024-03-22 09:07:33
P-001869,S2_Welding,spatter_damage,5416.165564178655,3.0,,2024-01-05 00:15:44
P-029225,S3_Assembly,cosmetic_scratch,85598.41959260401,2.0,OP-201,2024-02-29 16:37:57
P-017866,S2_Welding,porosity,52278.117666766,1.0,,2024-02-06 13:18:20
P-035486,S1_CNC_Machining,tool_wear_mark,80729.84243297947,1.0,,2024-02-26 07:30:15
P-040109,S3_Assembly,missing_fastener,117486.15574343348,2.0,OP-203,2024-03-22 20:06:05
P-016784,S1_CNC_Machining,dimensional_error,38094.328356137376,2.0,,2024-01-27 16:53:52
P-020198,S3_Assembly,misalignment,59187.89763619562,1.0,OP-102,2024-02-11 08:27:38
P-007725,S1_CNC_Machining,surface_finish,17489.06365770088,1.0,,2024-01-13 09:29:33
P-013107,S1_CNC_Machining,tool_wear_mark,29679.406718563052,2.0,,2024-01-21 20:39:41
P-025600,S3_Assembly,cosmetic_scratch,74977.5131379196,1.0,OP-101,2024-02-22 07:37:53
P-039672,S3_Assembly,cosmetic_scratch,116193.19257084874,3.0,OP-301,2024-03-21 22:33:12
P-016470,S2_Welding,porosity,48187.53362641023,2.0,,2024-02-03 17:07:15
P-025075,S3_Assembly,incorrect_torque,73442.30985345592,3.0,OP-302,2024-02-21 06:02:27
P-012060,S1_CNC_Machining,dimensional_error,27316.93339162057,3.0,,2024-01-20 05:16:34
P-047817,S1_CNC_Machining,tool_wear_mark,108853.97013733648,2.0,,2024-03-16 20:14:10
P-026988,S1_CNC_Machining,tool_wear_mark,61392.82983646769,2.0,,2024-02-12 21:12:48
P-002645,S3_Assembly,missing_fastener,7690.221573945824,,OP-202,2024-01-06 14:10:32
P-021132,S3_Assembly,incorrect_torque,61973.067208198096,1.0,OP-104,2024-02-13 06:53:08
P-013146,S3_Assembly,cosmetic_scratch,38406.41522145515,2.0,OP-201,2024-01-27 22:05:57
P-012049,S1_CNC_Machining,tool_wear_mark,27292.4476987907,3.0,,2024-01-20 04:51:58
P-019909,S3_Assembly,incorrect_torque,58338.81377630065,2.0,OP-201,2024-02-10 18:19:10
P-037047,S3_Assembly,incorrect_torque,108512.50147637753,2.0,OP-203,2024-03-16 14:32:53
P-016282,S2_Welding,weak_weld,47640.70040877833,1.0,,2024-02-03 08:00:27
P-027363,S3_Assembly,misalignment,80113.87219389858,2.0,OP-201,2024-02-25 21:13:51
P-023690,S3_Assembly,missing_fastener,69410.41511599408,1.0,OP-104,2024-02-18 10:50:08
P-055885,S1_CNC_Machining,dimensional_error,127231.20294827543,2.0,,2024-03-29 14:30:46
P-029646,S3_Assembly,missing_fastener,86832.05906555505,1.0,OP-102,2024-03-01 13:12:04
P-046888,S1_CNC_Machining,tool_wear_mark,106746.29203903045,1.0,,2024-03-15 09:06:08
P-018079,S1_CNC_Machining,dimensional_error,41015.159743750264,2.0,,2024-01-29 17:35:19
P-022966,S1_CNC_Machining,dimensional_error,,1.0,,2024-02-06 10:53:14
P-003747,S3_Assembly,incorrect_torque,10928.94423836318,2.0,OP-201,2024-01-08 20:08:55
P-021612,S3_Assembly,misalignment,63359.58036458243,3.0,OP-301,2024-02-14 05:59:28
P-022337,S2_Welding,porosity,65472.30163805041,2.0,,2024-02-15 17:12:38
P-056884,S1_CNC_Machining,tool_wear_mark,129479.42131906727,3.0,,2024-03-31 03:59:15
P-030763,S5_Packaging,label_error,105392.17845374865,1.0,OP-101,2024-03-14 10:32:02
P-003064,S2_Welding,weak_weld,8909.656716057983,1.0,,2024-01-07 10:29:39
P-020221,S3_Assembly,missing_fastener,59286.73908714005,1.0,OP-102,2024-02-11 10:06:45
P-013230,S1_CNC_Machining,dimensional_error,29958.115476289757,3.0,,2024-01-22 01:18:32
P-043183,S3_Assembly,misalignment,126543.16758611318,3.0,OP-302,2024-03-29 03:02:43
P-025628,S1_CNC_Machining,tool_wear_mark,58237.77325917114,2.0,,2024-02-10 16:38:11
P-016930,S2_Welding,weak_weld,49543.02612956291,2.0,,2024-02-04 15:43:25
P-012266,S1_CNC_Machining,tool_wear_mark,27776.000555331135,1.0,,2024-01-20 12:55:59
P-000194,S2_Welding,weak_weld,602.1691023657753,2.0,,2024-01-01 16:02:14
P-024583,S1_CNC_Machining,tool_wear_mark,55779.545382502234,3.0,,2024-02-08 23:39:27
P-019900,S1_CNC_Machining,tool_wear_mark,45176.396067813315,2.0,,2024-02-01 14:56:03
P-019527,S5_Packaging,label_error,66937.89126442367,2.0,OP-202,2024-02-16 17:37:50
P-028398,S2_Welding,porosity,83156.7526333553,,,2024-02-27 23:56:34
P-036713,S2_Welding,porosity,107514.19022459508,2.0,,2024-03-15 21:53:46
P-035585,S3_Assembly,incorrect_torque,104196.56612395946,2.0,OP-202,2024-03-13 14:36:49
P-021510,S3_Assembly,misalignment,63057.96125201106,3.0,OP-302,2024-02-14 00:57:59
P-003859,S3_Assembly,cosmetic_scratch,11245.322471059682,3.0,OP-302,2024-01-09 01:25:12
P-012410,S1_CNC_Machining,surface_finish,28111.971549220856,2.0,,2024-01-20 18:31:35
P-000935,S1_CNC_Machining,dimensional_error,2120.600837213246,2.0,,2024-01-02 17:20:06
P-042522,S3_Assembly,misalignment,124590.22161333922,2.0,OP-202,2024-03-27 18:30:38
P-042176,S2_Welding,spatter_damage,123578.77764485987,3.0,,2024-03-27 01:39:07
P-002435,S3_Assembly,misalignment,7057.922895251498,3.0,OP-302,2024-01-06 03:37:52
P-003332,S5_Packaging,packaging_damage,11326.95569596155,3.0,OP-301,2024-01-09 02:47:13
P-002285,S1_CNC_Machining,dimensional_error,5156.847724094587,2.0,,2024-01-04 19:56:46
P-040178,S3_Assembly,misalignment,117687.06178539459,3.0,OP-302,2024-03-22 23:26:58
P-012785,S3_Assembly,missing_fastener,37348.43100447316,3.0,OP-302,2024-01-27 04:28:48
P-001970,S2_Welding,weak_weld,5701.358030182712,3.0,,2024-01-05 05:01:34
P-024378,S2_Welding,spatter_damage,71420.92935763679,2.0,,2024-02-19 20:20:31
P-005122,S3_Assembly,missing_fastener,14930.515116500219,2.0,OP-203,2024-01-11 14:50:22
P-039484,S3_Assembly,incorrect_torque,115663.65461441924,1.0,OP-103,2024-03-21 13:44:02
P-020910,S3_Assembly,misalignment,61288.65847725385,2.0,OP-202,2024-02-12 19:28:48
P-056582,S1_CNC_Machining,dimensional_error,128802.68444979157,2.0,,2024-03-30 16:42:12
P-027234,S1_CNC_Machining,dimensional_error,61976.34345144027,1.0,,2024-02-13 06:56:42
P-005673,S3_Assembly,cosmetic_scratch,16547.837515516345,2.0,OP-202,2024-01-12 17:47:55
P-044156,S3_Assembly,missing_fastener,129349.5856412058,3.0,OP-302,2024-03-31 01:49:11
P-018085,S5_Packaging,label_error,62028.27783155927,1.0,OP-104,2024-02-13 07:48:28
P-042136,S2_Welding,spatter_damage,123459.5482208217,3.0,,2024-03-26 23:39:07
P-028185,S3_Assembly,missing_fastener,82548.31929495736,1.0,OP-104,2024-02-27 13:48:20
P-034076,S1_CNC_Machining,dimensional_error,77587.2796147858,3.0,,2024-02-24 03:07:34
P-030435,S2_Welding,weak_weld,89146.02109228747,3.0,,2024-03-03 03:46:07
P-006739,S3_Assembly,misalignment,19650.633725511154,2.0,OP-201,2024-01-14 21:30:46
P-029907,S3_Assembly,cosmetic_scratch,87595.31194017483,3.0,OP-301,2024-03-02 01:55:39
P-040768,S2_Welding,porosity,119412.47876421986,3.0,,2024-03-24 04:12:35
P-043932,S3_Assembly,misalignment,128693.83135470978,,OP-203,2024-03-30 14:54:05
P-046804,S1_CNC_Machining,dimensional_error,106560.81238991478,3.0,,2024-03-15 06:00:23
P-043130,S3_Assembly,cosmetic_scratch,126384.97309088653,3.0,OP-302,2024-03-29 00:24:43
P-007585,S1_CNC_Machining,tool_wear_mark,17173.196407719635,3.0,,2024-01-13 04:13:19
P-027969,S3_Assembly,cosmetic_scratch,81909.99826604493,3.0,OP-301,2024-02-27 03:09:54
P-031163,S1_CNC_Machining,tool_wear_mark,70898.27118056547,1.0,,2024-02-19 11:38:07
P-020044,S3_Assembly,misalignment,58738.5385587353,3.0,OP-301,2024-02-11 00:58:06
P-041935,S1_CNC_Machining,dimensional_error,95425.60384886172,1.0,,2024-03-07 12:25:40
P-017086,S2_Welding,porosity,49996.771518716385,3.0,,2024-02-04 23:17:02
P-004154,S2_Welding,spatter_damage,12092.616246651089,2.0,,2024-01-09 15:32:58
P-015777,S2_Welding,spatter_damage,46151.664238695026,1.0,,2024-02-02 07:11:56
P-026659,S1_CNC_Machining,tool_wear_mark,60651.49372074966,1.0,,2024-02-12 08:51:53
P-028882,S3_Assembly,missing_fastener,84608.55803827834,3.0,OP-302,2024-02-29 00:08:46
P-021456,S2_Welding,weak_weld,62890.37324099194,3.0,,2024-02-13 22:10:38
P-008675,S1_CNC_Machining,dimensional_error,19708.918590552465,,,2024-01-14 22:29:12
P-005662,S1_CNC_Machining,surface_finish,12833.623167647625,3.0,,2024-01-10 03:53:44
P-005682,S1_CNC_Machining,surface_finish,12876.111131426003,3.0,,2024-01-10 04:36:14
P-024865,S3_Assembly,incorrect_torque,72823.89087773739,2.0,OP-202,2024-02-20 19:43:34
P-043832,S2_Welding,spatter_damage,128404.59570598604,1.0,,2024-03-30 10:04:51
P-026408,S1_CNC_Machining,tool_wear_mark,60082.93004689873,3.0,,2024-02-11 23:22:46
P-030788,S3_Assembly,cosmetic_scratch,90215.65022728966,2.0,OP-201,2024-03-03 21:35:58
P-031452,S3_Assembly,missing_fastener,92144.96835324308,3.0,OP-302,2024-03-05 05:44:44
P-024768,S3_Assembly,misalignment,72549.57409561034,2.0,OP-203,2024-02-20 15:09:29
P-014082,S3_Assembly,missing_fastener,41160.38681365613,2.0,OP-201,2024-01-29 20:00:34
P-022486,S1_CNC_Machining,surface_finish,51062.31916143595,2.0,,2024-02-05 17:02:20
P-005555,S3_Assembly,cosmetic_scratch,16184.250857971536,1.0,OP-104,2024-01-12 11:44:38
P-043886,S1_CNC_Machining,surface_finish,99911.27963381517,,,2024-03-10 15:11:36
P-038831,S3_Assembly,missing_fastener,113752.5524768982,3.0,OP-302,2024-03-20 05:52:37
P-003107,S3_Assembly,cosmetic_scratch,9040.847533247677,1.0,OP-103,2024-01-07 12:41:00
P-029754,S5_Packaging,label_error,101990.85829305608,3.0,OP-302,2024-03-12 01:50:45
P-001295,S1_CNC_Machining,dimensional_error,2925.5469751484698,1.0,,2024-01-03 06:45:53
P-029329,S2_Welding,porosity,85894.10035234348,2.0,,2024-02-29 21:34:06
P-034324,S1_CNC_Machining,tool_wear_mark,78142.21558989353,1.0,,2024-02-24 12:22:28
P-026563,S1_CNC_Machining,tool_wear_mark,60427.90183461064,,,2024-02-12 05:07:31
P-040348,S1_CNC_Machining,tool_wear_mark,91839.53313970355,3.0,,2024-03-05 00:39:57
P-019484,S1_CNC_Machining,surface_finish,44245.7678548848,3.0,,2024-01-31 23:25:35
P-032873,S1_CNC_Machining,tool_wear_mark,74820.0235018797,3.0,,2024-02-22 05:00:30
P-011142,S1_CNC_Machining,surface_finish,25258.68377536639,2.0,,2024-01-18 18:58:49
P-043265,S1_CNC_Machining,surface_finish,98511.46402605757,2.0,,2024-03-09 15:51:39
P-043428,S2_Welding,weak_weld,127229.52705244166,2.0,,2024-03-29 14:29:26
P-039288,S1_CNC_Machining,tool_wear_mark,89451.96197545913,1.0,,2024-03-03 08:52:08
P-037730,S1_CNC_Machining,dimensional_error,85863.47352685226,2.0,,2024-02-29 21:03:17
P-053541,S1_CNC_Machining,surface_finish,121976.2027205415,3.0,,2024-03-25 22:56:05
P-037852,S3_Assembly,missing_fastener,110885.29787809266,3.0,OP-301,2024-03-18 06:04:50
P-020253,S3_Assembly,incorrect_torque,59386.1624524416,1.0,OP-103,2024-02-11 11:46:29
P-025355,S3_Assembly,misalignment,74261.77379485319,2.0,OP-201,2024-02-21 19:42:00
P-024229,S1_CNC_Machining,tool_wear_mark,54973.74117089983,1.0,,2024-02-08 10:13:16
P-032530,S5_Packaging,packaging_damage,111406.76040105498,2.0,OP-203,2024-03-18 14:46:40
P-008565,S1_CNC_Machining,surface_finish,19453.993272246837,2.0,,2024-01-14 18:14:12
P-011887,S2_Welding,porosity,34718.29539405626,1.0,,2024-01-25 08:38:46
P-042278,S3_Assembly,missing_fastener,123877.10530292003,1.0,OP-104,2024-03-27 06:37:36
P-013123,S2_Welding,porosity,38322.149175015176,2.0,,2024-01-27 20:42:35
P-014478,S1_CNC_Machining,dimensional_error,32882.67140736474,3.0,,2024-01-24 02:02:42
P-030514,S1_CNC_Machining,tool_wear_mark,69426.9457081471,1.0,,2024-02-18 11:06:32
P-003128,S5_Packaging,packaging_damage,10643.912274803746,2.0,OP-202,2024-01-08 15:24:07
P-015612,S3_Assembly,cosmetic_scratch,,3.0,OP-301,2024-02-01 23:04:00
P-003084,S3_Assembly,incorrect_torque,8974.206109161927,1.0,OP-102,2024-01-07 11:33:46
P-030057,S1_CNC_Machining,dimensional_error,68412.9079770908,2.0,,2024-02-17 18:13:08
P-001927,S3_Assembly,incorrect_torque,5591.652743871764,3.0,OP-301,2024-01-05 03:11:35
P-038082,S3_Assembly,cosmetic_scratch,111576.82286225655,2.0,OP-202,2024-03-18 17:36:21
P-045813,S1_CNC_Machining,surface_finish,104316.12293352958,2.0,,2024-03-13 16:35:44
P-039289,S3_Assembly,incorrect_torque,115107.51577052982,3.0,OP-302,2024-03-21 04:27:38
P-003375,S3_Assembly,missing_fastener,9812.504759170764,3.0,OP-302,2024-01-08 01:32:29
P-019266,S3_Assembly,misalignment,56417.37239272466,1.0,OP-103,2024-02-09 10:17:07
P-000706,S3_Assembly,cosmetic_scratch,2077.724972599093,2.0,OP-203,2024-01-02 16:37:33
P-007406,S3_Assembly,cosmetic_scratch,21590.985907424634,3.0,OP-302,2024-01-16 05:51:08
P-009295,S2_Welding,weak_weld,27157.092217701444,3.0,,2024-01-20 02:37:02
P-050807,S1_CNC_Machining,surface_finish,115827.19178204298,2.0,,2024-03-21 16:27:07
P-038141,S1_CNC_Machining,surface_finish,86795.33072774917,1.0,,2024-03-01 12:35:49
P-036761,S1_CNC_Machining,tool_wear_mark,83635.40682869167,1.0,,2024-02-28 07:55:18
P-006429,S5_Packaging,packaging_damage,21904.790120726633,1.0,OP-102,2024-01-16 11:04:33
P-000815,S1_CNC_Machining,tool_wear_mark,1844.2721005742599,1.0,,2024-01-02 12:44:19
P-020895,S2_Welding,spatter_damage,61234.52103391461,2.0,,2024-02-12 18:34:11
P-040823,S3_Assembly,cosmetic_scratch,119578.8534029129,1.0,OP-103,2024-03-24 06:58:25
P-041683,S1_CNC_Machining,surface_finish,94857.59047815167,3.0,,2024-03-07 02:57:54
P-043079,S3_Assembly,cosmetic_scratch,126237.28868037794,2.0,OP-201,2024-03-28 21:57:19
P-052569,S1_CNC_Machining,surface_finish,119782.429696852,1.0,,2024-03-24 10:22:49
P-021121,S3_Assembly,cosmetic_scratch,61943.829419795824,1.0,OP-104,2024-02-13 06:23:44
P-019600,S5_Packaging,label_error,67188.15036377551,2.0,OP-201,2024-02-16 21:48:13
P-047582,S1_CNC_Machining,tool_wear_mark,108327.0664744586,1.0,,2024-03-16 11:27:02
P-034154,S3_Assembly,misalignment,100025.08883498517,2.0,OP-202,2024-03-10 17:05:27
P-039118,S1_CNC_Machining,tool_wear_mark,89072.8823754607,3.0,,2024-03-03 02:32:49
P-020127,S3_Assembly,missing_fastener,58970.03082733792,3.0,OP-302,2024-02-11 04:49:44
P-003567,S2_Welding,spatter_damage,,1.0,,2024-01-08 10:31:54
P-004193,S1_CNC_Machining,surface_finish,9508.653089234975,2.0,,2024-01-07 20:28:13
P-042194,S3_Assembly,cosmetic_scratch,123638.33740792253,3.0,OP-302,2024-03-27 02:38:26
P-030348,S3_Assembly,misalignment,88902.4402818514,3.0,OP-301,2024-03-02 23:42:22
P-000868,S2_Welding,porosity,2547.9947745709396,3.0,,2024-01-03 00:28:20
P-039670,S3_Assembly,incorrect_torque,116189.35578054772,3.0,OP-302,2024-03-21 22:29:26
P-035504,S1_CNC_Machining,surface_finish,80772.26975005053,1.0,,2024-02-26 08:12:20
P-018022,S2_Welding,porosity,52741.946488668225,2.0,,2024-02-06 21:01:52
P-013550,S3_Assembly,missing_fastener,39574.198784029264,2.0,OP-202,2024-01-28 17:33:55
P-028775,S3_Assembly,incorrect_torque,84295.10950076023,2.0,OP-202,2024-02-28 18:54:43
P-024625,S3_Assembly,missing_fastener,72131.74906063685,1.0,OP-103,2024-02-20 08:12:08
P-055640,S1_CNC_Machining,surface_finish,126688.0470631982,3.0,,2024-03-29 05:28:02
P-042717,S3_Assembly,incorrect_torque,125156.1002350361,3.0,OP-301,2024-03-28 03:55:58
P-014827,S2_Welding,spatter_damage,43322.168815539444,1.0,,2024-01-31 08:02:07
P-048428,S1_CNC_Machining,dimensional_error,110319.71117071266,2.0,,2024-03-17 20:40:07
P-020801,S1_CNC_Machining,dimensional_error,47181.16872056094,3.0,,2024-02-03 00:21:26
P-028723,S5_Packaging,label_error,98426.9670155238,2.0,OP-203,2024-03-09 14:27:19
P-032602,S3_Assembly,misalignment,95507.57140305433,1.0,OP-103,2024-03-07 13:47:37
P-021369,S1_CNC_Machining,surface_finish,48455.65534049189,2.0,,2024-02-03 21:35:14
P-028161,S1_CNC_Machining,dimensional_error,64112.92535968772,2.0,,2024-02-14 18:33:20
P-017982,S2_Welding,weak_weld,52622.6632920852,2.0,,2024-02-06 19:02:19
P-006068,S2_Welding,porosity,17683.23426742322,1.0,,2024-01-13 12:43:40
P-019341,S5_Packaging,packaging_damage,66337.32685303364,1.0,OP-104,2024-02-16 07:37:02
P-035854,S3_Assembly,incorrect_torque,104979.47981636204,3.0,OP-302,2024-03-14 03:39:49
P-004210,S2_Welding,weak_weld,12252.340791021268,2.0,,2024-01-09 18:12:47
P-003899,S2_Welding,porosity,11354.182908269204,3.0,,2024-01-09 03:14:03
P-049177,S1_CNC_Machining,dimensional_error,112039.58820545473,3.0,,2024-03-19 01:19:07
P-049797,S1_CNC_Machining,surface_finish,113450.73761012725,3.0,,2024-03-20 00:50:15
P-001421,S3_Assembly,missing_fastener,4132.219479280487,3.0,OP-302,2024-01-04 02:52:07
P-026987,S2_Welding,spatter_damage,79011.89738107625,3.0,,2024-02-25 02:52:19
P-042755,S3_Assembly,incorrect_torque,125261.53604685377,3.0,OP-301,2024-03-28 05:41:34
P-045261,S1_CNC_Machining,tool_wear_mark,103071.90413725916,2.0,,2024-03-12 19:51:41
P-025907,S2_Welding,spatter_damage,75863.09512844375,3.0,,2024-02-22 22:23:03
P-020969,S2_Welding,spatter_damage,61494.0815878581,3.0,,2024-02-12 22:54:30
P-019421,S3_Assembly,misalignment,56907.761055837036,2.0,OP-203,2024-02-09 18:27:28
P-006799,S5_Packaging,packaging_damage,23206.16453937536,1.0,OP-104,2024-01-17 08:45:49
P-013412,S3_Assembly,missing_fastener,39170.498318128186,1.0,OP-103,2024-01-28 10:50:31
P-031669,S2_Welding,spatter_damage,92774.29760408492,2.0,,2024-03-05 16:14:32
P-008268,S1_CNC_Machining,surface_finish,18746.555454024656,1.0,,2024-01-14 06:26:52
P-021199,S2_Welding,weak_weld,62160.574353744756,1.0,,2024-02-13 10:00:13
P-022703,S2_Welding,weak_weld,66519.35934582504,1.0,,2024-02-16 10:39:48
P-023157,S2_Welding,weak_weld,67838.21436989946,1.0,,2024-02-17 08:37:57
P-035892,S2_Welding,porosity,105095.08145493778,3.0,,2024-03-14 05:34:42
P-014025,S1_CNC_Machining,surface_finish,31856.45398380207,1.0,,2024-01-23 08:56:32
P-004301,S3_Assembly,incorrect_torque,12525.474158646077,3.0,OP-302,2024-01-09 22:45:01
P-023135,S2_Welding,spatter_damage,67767.3682255455,1.0,,2024-02-17 07:27:08
P-031683,S1_CNC_Machining,surface_finish,72129.54347368535,1.0,,2024-02-20 08:09:46
P-018667,S1_CNC_Machining,surface_finish,42374.436623700785,2.0,,2024-01-30 16:14:23
P-028940,S3_Assembly,cosmetic_scratch,84773.65953668937,3.0,OP-302,2024-02-29 02:53:18
P-026305,S1_CNC_Machining,dimensional_error,59850.659942342216,2.0,,2024-02-11 19:30:49
P-018838,S3_Assembly,missing_fastener,55133.23086618559,1.0,OP-103,2024-02-08 12:53:36
P-006635,S2_Welding,spatter_damage,19337.968308776264,2.0,,2024-01-14 16:17:42
P-055913,S1_CNC_Machining,surface_finish,127287.2896742753,2.0,,2024-03-29 15:27:36
P-042731,S1_CNC_Machining,dimensional_error,97295.616791676,2.0,,2024-03-08 19:36:02
P-003546,S2_Welding,weak_weld,10292.95836637716,1.0,,2024-01-08 09:32:29
P-001322,S1_CNC_Machining,dimensional_error,2983.0894802743633,1.0,,2024-01-03 07:43:28
P-047659,S1_CNC_Machining,surface_finish,,2.0,,2024-03-16 14:23:20
P-029851,S1_CNC_Machining,surface_finish,67953.09162304968,1.0,,2024-02-17 10:32:47
P-009251,S1_CNC_Machining,dimensional_error,21019.468936266614,2.0,,2024-01-15 20:19:15
P-016778,S1_CNC_Machining,tool_wear_mark,38077.16215030726,2.0,,2024-01-27 16:36:49
P-012886,S3_Assembly,missing_fastener,37638.71247955156,1.0,OP-101,2024-01-27 09:18:38
P-019785,S3_Assembly,missing_fastener,57971.54719689909,1.0,OP-101,2024-02-10 12:11:23
P-014702,S3_Assembly,incorrect_torque,42977.10032084582,3.0,OP-301,2024-01-31 02:16:47
P-019728,S1_CNC_Machining,dimensional_error,44793.96629503343,1.0,,2024-02-01 08:33:49
P-021393,S1_CNC_Machining,tool_wear_mark,48512.21238611303,3.0,,2024-02-03 22:32:07
P-055194,S1_CNC_Machining,tool_wear_mark,125692.21465037,1.0,,2024-03-28 12:51:49
P-002833,S5_Packaging,packaging_damage,9637.675024268397,3.0,OP-302,2024-01-07 22:37:20
P-027496,S1_CNC_Machining,tool_wear_mark,62602.58520587704,2.0,,2024-02-13 17:22:45
P-007815,S3_Assembly,incorrect_torque,22771.57869488107,3.0,OP-302,2024-01-17 01:31:36
P-056891,S1_CNC_Machining,dimensional_error,129495.22052346208,3.0,,2024-03-31 04:15:08
P-025452,S3_Assembly,missing_fastener,74545.85707901028,3.0,OP-301,2024-02-22 00:25:39
P-012572,S3_Assembly,cosmetic_scratch,36742.83707484088,2.0,OP-201,2024-01-26 18:22:48
P-039657,S1_CNC_Machining,dimensional_error,90284.11591860147,3.0,,2024-03-03 22:44:26
P-054665,S1_CNC_Machining,dimensional_error,124497.55479598403,2.0,,2024-03-27 16:57:58
P-025296,S1_CNC_Machining,surface_finish,57491.54235649903,3.0,,2024-02-10 04:11:24
P-011359,S1_CNC_Machining,dimensional_error,25753.50308623876,3.0,,2024-01-19 03:13:27
P-003815,S3_Assembly,incorrect_torque,11115.902265019571,3.0,OP-302,2024-01-08 23:16:09
P-036160,S3_Assembly,missing_fastener,105888.0926487555,2.0,OP-203,2024-03-14 18:48:18
P-009730,S3_Assembly,missing_fastener,28431.89348348953,3.0,OP-301,2024-01-20 23:51:28
P-018038,S2_Welding,porosity,52790.0337053245,2.0,,2024-02-06 21:49:42
P-038551,S3_Assembly,missing_fastener,112918.00787882955,2.0,OP-202,2024-03-19 15:58:27
P-005902,S2_Welding,weak_weld,,3.0,,2024-01-13 04:46:41
P-019245,S5_Packaging,packaging_damage,65998.78293440011,3.0,OP-301,2024-02-16 01:58:27
P-004704,S5_Packaging,packaging_damage,16003.072627361249,1.0,OP-103,2024-01-12 08:43:23
P-028559,S1_CNC_Machining,dimensional_error,65011.158035222645,1.0,,2024-02-15 09:31:04
P-023282,S1_CNC_Machining,dimensional_error,52841.61343555664,,,2024-02-06 22:42:00
P-043986,S3_Assembly,missing_fastener,128852.39955754457,2.0,OP-202,2024-03-30 17:32:11
P-041790,S2_Welding,weak_weld,122446.40709183356,1.0,,2024-03-26 06:46:12
P-026053,S5_Packaging,packaging_damage,89271.10763393954,3.0,OP-302,2024-03-03 05:51:36
P-029532,S3_Assembly,cosmetic_scratch,86501.55431581514,1.0,OP-103,2024-03-01 07:41:22
P-042520,S3_Assembly,misalignment,124584.88677439609,2.0,OP-203,2024-03-27 18:25:11
P-038292,S1_CNC_Machining,tool_wear_mark,87199.0099260168,2.0,,2024-03-01 19:18:45
P-014904,S5_Packaging,label_error,51098.86057777828,2.0,OP-202,2024-02-05 17:38:44
P-003263,S2_Welding,weak_weld,9478.956644516566,2.0,,2024-01-07 19:58:42
P-029727,S1_CNC_Machining,surface_finish,67678.26909145038,,,2024-02-17 05:58:40
P-041477,S1_CNC_Machining,tool_wear_mark,94386.75211715203,2.0,,2024-03-06 19:07:02
P-032658,S1_CNC_Machining,dimensional_error,74332.8030424037,2.0,,2024-02-21 20:52:59
P-007437,S3_Assembly,missing_fastener,21672.264935583666,1.0,OP-102,2024-01-16 07:11:53
P-004677,S3_Assembly,cosmetic_scratch,13613.405263929615,2.0,OP-201,2024-01-10 16:52:58
P-000768,S3_Assembly,missing_fastener,,2.0,OP-202,2024-01-02 19:37:11
P-044092,S1_CNC_Machining,surface_finish,100401.53723146967,3.0,,2024-03-10 23:21:21
P-015578,S5_Packaging,label_error,53424.12326107293,1.0,OP-101,2024-02-07 08:24:14
P-030224,S5_Packaging,packaging_damage,103584.84640411023,3.0,OP-302,2024-03-13 04:24:38
P-035931,S3_Assembly,missing_fastener,105210.70807863335,1.0,OP-103,2024-03-14 07:30:22
P-021775,S5_Packaging,packaging_damage,74655.32967223918,3.0,OP-302,2024-02-22 02:15:45
P-023362,S3_Assembly,misalignment,68443.61430743973,2.0,OP-202,2024-02-17 18:43:40
P-015628,S3_Assembly,misalignment,45708.24603872815,3.0,OP-302,2024-02-01 23:48:17
P-012186,S1_CNC_Machining,dimensional_error,27597.476475161617,1.0,,2024-01-20 09:57:38
P-018119,S3_Assembly,cosmetic_scratch,53034.72009958208,3.0,OP-301,2024-02-07 01:54:36
P-023364,S3_Assembly,missing_fastener,68450.74118809676,2.0,OP-202,2024-02-17 18:50:20
P-024497,S3_Assembly,missing_fastener,71773.24500750244,3.0,OP-302,2024-02-20 02:13:23
P-001977,S2_Welding,weak_weld,5723.097094452571,3.0,,2024-01-05 05:22:38
P-022197,S5_Packaging,label_error,76118.69793612757,3.0,OP-302,2024-02-23 02:38:40
P-030842,S3_Assembly,misalignment,90389.14857001812,3.0,OP-301,2024-03-04 00:28:46
P-010255,S2_Welding,spatter_damage,29957.562764922335,3.0,,2024-01-22 01:17:25
P-016721,S3_Assembly,misalignment,48936.31730462109,3.0,OP-301,2024-02-04 05:36:08
P-039006,S3_Assembly,misalignment,114272.37170403337,2.0,OP-203,2024-03-20 14:32:07
P-001342,S3_Assembly,incorrect_torque,3900.7625317127713,3.0,OP-301,2024-01-03 23:01:10
P-051020,S1_CNC_Machining,dimensional_error,116309.4550327574,3.0,,2024-03-22 00:29:06
P-054104,S1_CNC_Machining,surface_finish,123239.0899842089,2.0,,2024-03-26 19:59:02
P-038913,S1_CNC_Machining,surface_finish,88612.43843433197,2.0,,2024-03-02 18:52:21
P-035228,S3_Assembly,incorrect_torque,103137.11016920496,2.0,OP-201,2024-03-12 20:57:18
P-034923,S3_Assembly,misalignment,102258.9904593912,1.0,OP-104,2024-03-12 06:18:40
P-032221,S3_Assembly,misalignment,94387.44564884869,2.0,OP-201,2024-03-06 19:07:49
P-034787,S3_Assembly,misalignment,101859.17015871743,3.0,OP-301,2024-03-11 23:39:36
P-021613,S1_CNC_Machining,surface_finish,49054.04388370118,1.0,,2024-02-04 07:33:40
P-027354,S2_Welding,spatter_damage,80079.3193470866,2.0,,2024-02-25 20:38:50
P-013255,S2_Welding,porosity,38716.62332266275,3.0,,2024-01-28 03:16:39
P-041252,S1_CNC_Machining,surface_finish,93887.43446375434,1.0,,2024-03-06 10:47:06
P-031660,S1_CNC_Machining,surface_finish,72078.601814076,1.0,,2024-02-20 07:18:13
P-031335,S5_Packaging,packaging_damage,,2.0,OP-203,2024-03-15 18:49:02
P-039834,S3_Assembly,cosmetic_scratch,116661.03188994898,1.0,OP-103,2024-03-22 06:20:43
P-041583,S2_Welding,weak_weld,121866.41373266425,2.0,,2024-03-25 21:05:59
P-043625,S3_Assembly,misalignment,127803.54166038855,3.0,OP-302,2024-03-30 00:03:44
P-017324,S1_CNC_Machining,surface_finish,39311.99731569649,1.0,,2024-01-28 13:11:51
P-006540,S1_CNC_Machining,tool_wear_mark,14864.957281791654,1.0,,2024-01-11 13:44:46
P-000380,S2_Welding,spatter_damage,1153.4971953276968,3.0,,2024-01-02 01:13:40
P-006135,S1_CNC_Machining,tool_wear_mark,13956.754474050167,3.0,,2024-01-10 22:36:41
P-027557,S2_Welding,spatter_damage,80683.13873803892,1.0,,2024-02-26 06:43:09
P-034394,S1_CNC_Machining,tool_wear_mark,78299.18986485283,2.0,,2024-02-24 14:59:12
P-001728,S5_Packaging,label_error,5929.9851423342625,1.0,OP-101,2024-01-05 08:49:51
P-012432,S2_Welding,porosity,36287.11382074508,1.0,,2024-01-26 10:47:12
P-020887,S5_Packaging,packaging_damage,71668.82562874701,3.0,OP-302,2024-02-20 00:29:11
P-025982,S3_Assembly,cosmetic_scratch,76089.59440065114,3.0,OP-302,2024-02-23 02:09:32
P-033662,S3_Assembly,incorrect_torque,98529.21003886334,2.0,OP-202,2024-03-09 16:08:46
P-013389,S2_Welding,weak_weld,39105.96878199681,1.0,,2024-01-28 09:45:40
P-002244,S3_Assembly,cosmetic_scratch,6500.174680513261,2.0,OP-203,2024-01-05 18:20:38
P-021184,S5_Packaging,packaging_damage,72650.57437048171,2.0,OP-203,2024-02-20 16:50:27
P-013455,S5_Packaging,packaging_damage,46164.51893671974,1.0,OP-101,2024-02-02 07:24:54
P-020728,S1_CNC_Machining,surface_finish,,2.0,,2024-02-02 21:38:53
P-035812,S3_Assembly,incorrect_torque,104860.96860096855,3.0,OP-302,2024-03-14 01:40:53
P-007300,S3_Assembly,incorrect_torque,21278.959907816778,3.0,OP-302,2024-01-16 00:38:37
P-017253,S2_Welding,weak_weld,50484.27842224548,1.0,,2024-02-05 07:24:39
P-029745,S1_CNC_Machining,tool_wear_mark,67718.37361254683,1.0,,2024-02-17 06:38:18
P-018561,S3_Assembly,misalignment,54346.55511646601,3.0,OP-301,2024-02-07 23:46:42
P-002882,S2_Welding,porosity,8373.381396196404,3.0,,2024-01-07 01:33:02
P-037281,S3_Assembly,incorrect_torque,109204.67150896559,3.0,OP-302,2024-03-17 02:04:57
P-015037,S2_Welding,porosity,43961.82454813143,2.0,,2024-01-31 18:42:09
P-046237,S1_CNC_Machining,surface_finish,105277.84528948195,1.0,,2024-03-14 08:38:03
P-053923,S1_CNC_Machining,dimensional_error,122831.96257053499,1.0,,2024-03-26 13:11:45
P-004074,S3_Assembly,cosmetic_scratch,11871.333793091213,1.0,OP-102,2024-01-09 11:51:40
P-056325,S1_CNC_Machining,surface_finish,128220.09992675408,1.0,,2024-03-30 06:59:59
P-045265,S1_CNC_Machining,dimensional_error,103081.07624205049,2.0,,2024-03-12 20:00:51
P-038727,S1_CNC_Machining,tool_wear_mark,88188.67957312142,1.0,,2024-03-02 11:48:15
P-041486,S3_Assembly,incorrect_torque,121587.17618506427,2.0,OP-203,2024-03-25 16:27:10
P-026805,S2_Welding,spatter_damage,78492.38201869102,2.0,,2024-02-24 18:12:07
P-045234,S1_CNC_Machining,surface_finish,103009.96148586595,2.0,,2024-03-12 18:49:41
P-013954,S5_Packaging,label_error,47828.38317533772,1.0,OP-103,2024-02-03 11:08:00
P-051361,S1_CNC_Machining,dimensional_error,117071.90239130241,1.0,,2024-03-22 13:11:24
P-029217,S1_CNC_Machining,dimensional_error,66533.76795491154,1.0,,2024-02-16 10:54:01
P-032510,S1_CNC_Machining,tool_wear_mark,73997.9535540489,2.0,,2024-02-21 15:17:35
P-043436,S1_CNC_Machining,tool_wear_mark,98893.70218100886,3.0,,2024-03-09 22:13:41
P-035321,S2_Welding,spatter_damage,103425.19256227232,3.0,,2024-03-13 01:45:09
P-041768,S3_Assembly,misalignment,122388.94092631129,3.0,OP-302,2024-03-26 05:48:37
P-043030,S2_Welding,weak_weld,126097.62612029162,2.0,,2024-03-28 19:38:04
P-011689,S3_Assembly,misalignment,34141.5599812936,3.0,OP-302,2024-01-24 23:01:38
P-034929,S3_Assembly,misalignment,102271.36609334622,1.0,OP-103,2024-03-12 06:31:25
P-040199,S3_Assembly,missing_fastener,117755.56290133674,3.0,OP-301,2024-03-23 00:35:42
P-035049,S1_CNC_Machining,surface_finish,79755.05299931993,2.0,,2024-02-25 15:14:57
P-003774,S1_CNC_Machining,surface_finish,8565.128624433099,3.0,,2024-01-07 04:45:14
P-034224,S2_Welding,spatter_damage,100228.99974327488,2.0,,2024-03-10 20:29:14
P-041335,S3_Assembly,missing_fastener,121143.32498996615,1.0,OP-103,2024-03-25 09:03:22
P-023607,S2_Welding,porosity,69163.23617096379,1.0,,2024-02-18 06:43:36
P-041040,S2_Welding,porosity,120232.01149669492,2.0,,2024-03-24 17:52:04
P-013189,S2_Welding,weak_weld,38528.45231791108,3.0,,2024-01-28 00:08:04
P-007174,S1_CNC_Machining,dimensional_error,16274.246294786515,1.0,,2024-01-12 13:14:11
P-019351,S3_Assembly,misalignment,56701.11570040267,2.0,OP-201,2024-02-09 15:01:00
P-004658,S5_Packaging,packaging_damage,15877.582532391616,1.0,OP-101,2024-01-12 06:37:14
P-029705,S1_CNC_Machining,surface_finish,67630.8496321733,3.0,,2024-02-17 05:10:44
P-037570,S2_Welding,weak_weld,110031.60877062277,,,2024-03-17 15:51:08
P-032434,S3_Assembly,cosmetic_scratch,95011.35824246985,3.0,OP-302,2024-03-07 05:31:04
P-055685,S1_CNC_Machining,surface_finish,126785.70364326153,1.0,,2024-03-29 07:06:01
P-043622,S1_CNC_Machining,tool_wear_mark,99309.97551224321,3.0,,2024-03-10 05:09:49
P-031907,S2_Welding,spatter_damage,93458.2081608166,3.0,,2024-03-06 03:38:09
P-023164,S3_Assembly,missing_fastener,67857.05759683512,1.0,OP-101,2024-02-17 08:57:21
P-011613,S5_Packaging,packaging_damage,39773.98697553909,2.0,OP-201,2024-01-28 20:53:50
P-051000,S1_CNC_Machining,surface_finish,116264.09811169216,3.0,,2024-03-21 23:44:14
P-000823,S5_Packaging,label_error,2818.997163163643,3.0,OP-301,2024-01-03 04:59:26
P-014377,S5_Packaging,packaging_damage,49310.69359839991,1.0,OP-103,2024-02-04 11:50:13
P-013862,S3_Assembly,cosmetic_scratch,40515.38877922554,1.0,OP-101,2024-01-29 09:15:28
P-028613,S1_CNC_Machining,dimensional_error,,1.0,,2024-02-15 11:30:47
P-011238,S3_Assembly,cosmetic_scratch,32842.09936547268,3.0,OP-301,2024-01-24 01:22:15
P-046143,S1_CNC_Machining,tool_wear_mark,105067.30870857008,3.0,,2024-03-14 05:06:54
P-010435,S3_Assembly,cosmetic_scratch,30486.60122045274,1.0,OP-104,2024-01-22 10:06:45
P-034011,S3_Assembly,misalignment,99561.9661765393,1.0,OP-102,2024-03-10 09:21:33
P-000669,S1_CNC_Machining,dimensional_error,1514.5766830553207,1.0,,2024-01-02 07:14:13
P-030117,S3_Assembly,incorrect_torque,88201.30689353227,1.0,OP-102,2024-03-02 12:01:07
P-038318,S3_Assembly,missing_fastener,112247.64698820996,3.0,OP-302,2024-03-19 04:47:57
P-044033,S3_Assembly,misalignment,128985.64360910899,2.0,OP-203,2024-03-30 19:45:20
P-016131,S3_Assembly,cosmetic_scratch,47204.76401817603,3.0,OP-301,2024-02-03 00:44:35
P-020379,S2_Welding,weak_weld,59773.37664164507,2.0,,2024-02-11 18:13:25
P-030282,S5_Packaging,packaging_damage,103778.06706871145,1.0,OP-101,2024-03-13 07:37:59
P-029484,S1_CNC_Machining,tool_wear_mark,67129.4168403688,2.0,,2024-02-16 20:49:01
P-023626,S3_Assembly,missing_fastener,69222.09181351565,1.0,OP-101,2024-02-18 07:42:33
P-027842,S3_Assembly,incorrect_torque,81523.14833593016,2.0,OP-202,2024-02-26 20:43:33
P-035580,S3_Assembly,incorrect_torque,104177.33053253444,2.0,OP-201,2024-03-13 14:17:38
P-039738,S2_Welding,spatter_damage,116383.06167580333,3.0,,2024-03-22 01:43:23
P-006156,S3_Assembly,misalignment,17940.676687599065,2.0,OP-202,2024-01-13 17:00:29
P-049197,S1_CNC_Machining,surface_finish,112082.54261488628,3.0,,2024-03-19 02:02:21
P-009856,S3_Assembly,cosmetic_scratch,28796.661673842405,3.0,OP-301,2024-01-21 05:56:16
P-042869,S3_Assembly,incorrect_torque,125639.16591871764,1.0,OP-103,2024-03-28 11:58:40
P-012818,S2_Welding,spatter_damage,37435.39984956587,3.0,,2024-01-27 05:55:19
P-000587,S3_Assembly,cosmetic_scratch,1740.6181584212409,1.0,OP-104,2024-01-02 11:00:23
P-017766,S2_Welding,weak_weld,51986.74014768262,1.0,,2024-02-06 08:26:48
P-033054,S3_Assembly,incorrect_torque,96789.7055143153,1.0,OP-101,2024-03-08 11:09:36
P-016326,S3_Assembly,incorrect_torque,47773.63276516891,1.0,OP-104,2024-02-03 10:13:52
P-008297,S1_CNC_Machining,dimensional_error,18810.03068617559,1.0,,2024-01-14 07:30:09
P-053139,S1_CNC_Machining,tool_wear_mark,121077.06738718307,1.0,,2024-03-25 07:56:34
P-011627,S1_CNC_Machining,tool_wear_mark,26351.41851110577,1.0,,2024-01-19 13:11:34
P-024607,S2_Welding,porosity,72077.72162124765,1.0,,2024-02-20 07:17:36
P-010794,S2_Welding,porosity,31539.699452934852,3.0,,2024-01-23 03:40:02
P-034027,S2_Welding,weak_weld,99608.89665732607,1.0,,2024-03-10 10:09:05
P-047731,S1_CNC_Machining,surface_finish,108661.73698506155,2.0,,2024-03-16 17:01:22
P-010167,S3_Assembly,incorrect_torque,29701.450462974222,2.0,OP-201,2024-01-21 21:00:58
P-011323,S2_Welding,porosity,33082.961389448625,3.0,,2024-01-24 05:22:47
P-025382,S3_Assembly,misalignment,74344.30220178163,2.0,OP-202,2024-02-21 21:04:27
P-036571,S2_Welding,porosity,107107.95317808814,2.0,,2024-03-15 15:08:05
P-038327,S3_Assembly,cosmetic_scratch,112275.07525763227,3.0,OP-302,2024-03-19 05:14:48
P-011498,S1_CNC_Machining,dimensional_error,26070.086806582138,1.0,,2024-01-19 08:29:50
P-041847,S3_Assembly,missing_fastener,122626.85668667352,1.0,OP-102,2024-03-26 09:46:34
P-024728,S3_Assembly,incorrect_torque,72439.16752524854,1.0,OP-102,2024-02-20 13:19:02
P-014737,S3_Assembly,incorrect_torque,43080.312415735825,3.0,OP-301,2024-01-31 04:00:23
P-036545,S5_Packaging,label_error,125164.91688102031,3.0,OP-301,2024-03-28 04:05:14
P-021774,S1_CNC_Machining,surface_finish,49448.09206521764,2.0,,2024-02-04 14:07:57
P-051539,S1_CNC_Machining,tool_wear_mark,117473.89478956869,2.0,,2024-03-22 19:54:18
P-027847,S5_Packaging,label_error,95446.7494110229,1.0,OP-104,2024-03-07 12:47:03
P-040945,S3_Assembly,incorrect_torque,119965.04053778616,1.0,OP-103,2024-03-24 13:24:40
P-004749,S1_CNC_Machining,dimensional_error,10764.722088217937,2.0,,2024-01-08 17:24:28
P-037744,S5_Packaging,label_error,129135.5430098512,3.0,OP-302,2024-03-30 22:15:38
P-012754,S1_CNC_Machining,tool_wear_mark,28884.501877174473,1.0,,2024-01-21 07:24:34
P-049990,S1_CNC_Machining,tool_wear_mark,113884.41760367817,1.0,,2024-03-20 08:04:33
P-034597,S1_CNC_Machining,surface_finish,78752.4675885003,3.0,,2024-02-24 22:31:59
P-005539,S3_Assembly,missing_fastener,16131.879302667796,1.0,OP-104,2024-01-12 10:52:13
P-018632,S1_CNC_Machining,surface_finish,42299.94327479883,2.0,,2024-01-30 14:59:30
P-031336,S3_Assembly,missing_fastener,91806.37584969672,3.0,OP-302,2024-03-05 00:06:32
P-031528,S2_Welding,porosity,92371.11430090261,1.0,,2024-03-05 09:31:11
P-036923,S1_CNC_Machining,tool_wear_mark,84005.38583925522,2.0,,2024-02-28 14:05:09
P-005434,S3_Assembly,cosmetic_scratch,15836.668437555056,3.0,OP-301,2024-01-12 05:56:43
P-007453,S1_CNC_Machining,surface_finish,16889.09825231747,3.0,,2024-01-12 23:29:27
P-014732,S1_CNC_Machining,dimensional_error,33464.47051687959,1.0,,2024-01-24 11:44:41
P-004119,S2_Welding,spatter_damage,11989.378449147782,1.0,,2024-01-09 13:48:53
P-014810,S3_Assembly,cosmetic_scratch,43286.47995229447,1.0,OP-104,2024-01-31 07:26:34
P-041394,S3_Assembly,incorrect_torque,121315.83306958165,1.0,OP-101,2024-03-25 11:55:31
P-022807,S5_Packaging,label_error,78179.10423564387,1.0,OP-103,2024-02-24 12:58:49
P-011569,S5_Packaging,packaging_damage,39628.09434034756,2.0,OP-201,2024-01-28 18:27:56
P-034755,S3_Assembly,misalignment,101770.14444638458,3.0,OP-302,2024-03-11 22:09:44
P-032106,S2_Welding,porosity,94040.81386044575,1.0,,2024-03-06 13:20:46
P-023703,S3_Assembly,cosmetic_scratch,69449.86746852864,1.0,OP-101,2024-02-18 11:29:29
P-028770,S5_Packaging,packaging_damage,98582.73801436824,2.0,OP-202,2024-03-09 17:03:05
P-000446,S2_Welding,porosity,1346.9457480750398,3.0,,2024-01-02 04:26:49
P-039250,S3_Assembly,missing_fastener,114999.17648951321,3.0,OP-302,2024-03-21 02:38:50
P-026881,S3_Assembly,misalignment,78723.54697272732,2.0,OP-202,2024-02-24 22:03:03
P-007586,S3_Assembly,incorrect_torque,22107.300872060932,2.0,OP-203,2024-01-16 14:27:22
P-012467,S1_CNC_Machining,dimensional_error,28236.07345597764,2.0,,2024-01-20 20:36:29
P-006260,S3_Assembly,cosmetic_scratch,18251.685803994726,3.0,OP-301,2024-01-13 22:11:54
P-023797,S5_Packaging,packaging_damage,81513.53600760578,2.0,OP-203,2024-02-26 20:33:14
P-024258,S3_Assembly,missing_fastener,71081.01566912458,2.0,OP-203,2024-02-19 14:41:04
P-015552,S3_Assembly,cosmetic_scratch,45491.658855711066,2.0,OP-202,2024-02-01 20:11:25
P-015506,S2_Welding,weak_weld,45352.31522546321,2.0,,2024-02-01 17:51:58
P-028939,S1_CNC_Machining,surface_finish,65916.94954575284,3.0,,2024-02-16 00:37:11
P-040073,S1_CNC_Machining,dimensional_error,91221.35926567012,2.0,,2024-03-04 14:21:06
P-037788,S3_Assembly,incorrect_torque,110697.10344790535,3.0,OP-301,2024-03-18 02:57:31
P-044224,S3_Assembly,cosmetic_scratch,129539.83790156982,3.0,OP-301,2024-03-31 04:59:55
P-029266,S3_Assembly,cosmetic_scratch,85718.16477788152,2.0,OP-203,2024-02-29 18:38:36
P-039978,S2_Welding,weak_weld,117111.29634853294,1.0,,2024-03-22 13:51:23
P-042416,S3_Assembly,misalignment,124271.6485951609,1.0,OP-102,2024-03-27 13:12:04
P-036538,S3_Assembly,missing_fastener,107011.52044535372,1.0,OP-103,2024-03-15 13:31:33
P-030916,S1_CNC_Machining,dimensional_error,70337.27843591777,3.0,,2024-02-19 02:17:25
P-012892,S2_Welding,porosity,37648.99621703825,1.0,,2024-01-27 09:28:55
P-043615,S1_CNC_Machining,dimensional_error,99295.74972072826,3.0,,2024-03-10 04:56:01
P-012986,S3_Assembly,incorrect_torque,37939.51441928539,2.0,OP-203,2024-01-27 14:19:24
P-013920,S1_CNC_Machining,dimensional_error,31611.809201511824,3.0,,2024-01-23 04:51:53
P-016818,S1_CNC_Machining,surface_finish,38170.79487362806,2.0,,2024-01-27 18:10:24
P-033849,S3_Assembly,incorrect_torque,99081.47297645391,3.0,OP-302,2024-03-10 01:21:48
P-021431,S1_CNC_Machining,dimensional_error,48595.2713036493,3.0,,2024-02-03 23:54:51
P-017624,S1_CNC_Machining,tool_wear_mark,39993.89458834955,3.0,,2024-01-29 00:34:18
P-047578,S1_CNC_Machining,surface_finish,108318.83274653145,1.0,,2024-03-16 11:18:59
P-000453,S1_CNC_Machining,dimensional_error,1021.8496582842059,3.0,,2024-01-01 23:02:05
P-031344,S2_Welding,porosity,91823.0716147471,3.0,,2024-03-05 00:22:46
P-021763,S3_Assembly,cosmetic_scratch,63780.96931234249,1.0,OP-102,2024-02-14 13:01:17
P-028060,S3_Assembly,missing_fastener,82171.87290558218,1.0,OP-104,2024-02-27 07:31:49
P-021922,S3_Assembly,missing_fastener,64241.59651930318,2.0,OP-203,2024-02-14 20:41:11
P-026372,S1_CNC_Machining,dimensional_error,60003.10180554467,2.0,,2024-02-11 22:02:48
P-043045,S1_CNC_Machining,dimensional_error,98014.08907372122,1.0,,2024-03-09 07:34:11
P-015328,S1_CNC_Machining,dimensional_error,34809.08892290537,1.0,,2024-01-25 10:09:29
P-002977,S2_Welding,spatter_damage,8660.373965056333,1.0,,2024-01-07 06:19:52
P-019688,S3_Assembly,incorrect_torque,57677.034327957765,1.0,OP-103,2024-02-10 07:17:23
P-024754,S2_Welding,weak_weld,72505.82188277775,2.0,,2024-02-20 14:25:41
P-041523,S3_Assembly,misalignment,121694.02775043147,2.0,OP-201,2024-03-25 18:13:49
P-027473,S2_Welding,spatter_damage,80437.69992516642,3.0,,2024-02-26 02:37:18
P-015689,S3_Assembly,misalignment,45891.58569086438,3.0,OP-301,2024-02-02 02:51:25
P-035406,S3_Assembly,cosmetic_scratch,103684.22522453424,3.0,OP-302,2024-03-13 06:04:42
P-017254,S1_CNC_Machining,surface_finish,39145.757169285826,1.0,,2024-01-28 10:25:16
P-036920,S1_CNC_Machining,surface_finish,83999.21686309174,1.0,,2024-02-28 13:59:02
P-020116,S1_CNC_Machining,surface_finish,45655.717816053926,3.0,,2024-02-01 22:55:49
P-025920,S3_Assembly,incorrect_torque,75912.52158853495,3.0,OP-301,2024-02-22 23:12:59
P-010680,S2_Welding,porosity,31208.935841029164,3.0,,2024-01-22 22:09:22
P-032204,S5_Packaging,packaging_damage,110268.88099596367,2.0,OP-201,2024-03-17 19:49:22
P-034174,S3_Assembly,missing_fastener,100083.88605806122,2.0,OP-203,2024-03-10 18:04:10
P-004035,S1_CNC_Machining,tool_wear_mark,9150.459022681061,2.0,,2024-01-07 14:30:21
P-036089,S5_Packaging,packaging_damage,123545.34688798634,3.0,OP-302,2024-03-27 01:05:40
P-022841,S1_CNC_Machining,dimensional_error,51858.54465743795,1.0,,2024-02-06 06:18:12
P-012646,S3_Assembly,missing_fastener,36958.81562671957,2.0,OP-202,2024-01-26 21:58:59
P-021772,S1_CNC_Machining,dimensional_error,49444.125809620506,2.0,,2024-02-04 14:04:13
P-006816,S3_Assembly,missing_fastener,19882.708907777887,3.0,OP-302,2024-01-15 01:22:21
P-003957,S3_Assembly,misalignment,11535.24171209357,1.0,OP-102,2024-01-09 06:15:04
P-000999,S5_Packaging,packaging_damage,3414.1653354515047,2.0,OP-203,2024-01-03 14:54:35
P-006821,S2_Welding,spatter_damage,19887.68332686503,3.0,,2024-01-15 01:27:26
P-003486,S1_CNC_Machining,dimensional_error,7912.124940916867,2.0,,2024-01-06 17:52:26
P-030940,S5_Packaging,label_error,105954.71577942713,2.0,OP-202,2024-03-14 19:54:17
P-007993,S1_CNC_Machining,dimensional_error,18126.47342219088,2.0,,2024-01-13 20:06:51
P-040106,S3_Assembly,incorrect_torque,117476.22161676423,2.0,OP-201,2024-03-22 19:56:04
P-029165,S1_CNC_Machining,dimensional_error,66418.77672465464,1.0,,2024-02-16 08:58:52
P-055183,S1_CNC_Machining,tool_wear_mark,125667.36913676815,1.0,,2024-03-28 12:27:30
P-050735,S1_CNC_Machining,tool_wear_mark,115661.30098210686,1.0,,2024-03-21 13:41:09
P-052825,S1_CNC_Machining,surface_finish,120353.84203425686,2.0,,2024-03-24 19:53:42
P-026461,S3_Assembly,missing_fastener,77500.84970737199,3.0,OP-301,2024-02-24 01:41:16
P-024590,S2_Welding,porosity,72035.21086279182,1.0,,2024-02-20 06:34:45
P-003376,S2_Welding,weak_weld,9806.744812572626,3.0,,2024-01-08 01:26:57
P-046737,S1_CNC_Machining,surface_finish,106406.90385583039,3.0,,2024-03-15 03:27:08
P-009000,S3_Assembly,misalignment,26292.096765424085,1.0,OP-101,2024-01-19 12:12:05
P-054439,S1_CNC_Machining,surface_finish,123991.80855494326,1.0,,2024-03-27 08:31:26
P-007873,S2_Welding,spatter_damage,22942.118464474384,3.0,,2024-01-17 04:22:04
P-028716,S1_CNC_Machining,dimensional_error,65417.15088189859,2.0,,2024-02-15 16:16:41
P-030245,S1_CNC_Machining,tool_wear_mark,68827.44936315893,3.0,,2024-02-18 01:07:48
P-030487,S3_Assembly,missing_fastener,89300.4001447505,1.0,OP-101,2024-03-03 06:20:41
P-028502,S1_CNC_Machining,dimensional_error,64882.934818170725,1.0,,2024-02-15 07:22:57
P-034797,S3_Assembly,missing_fastener,101888.86898751142,3.0,OP-302,2024-03-12 00:08:55
P-000388,S3_Assembly,cosmetic_scratch,1183.908028069719,3.0,OP-302,2024-01-02 01:44:11
P-029270,S2_Welding,spatter_damage,85720.56691863816,2.0,,2024-02-29 18:40:36
P-002589,S3_Assembly,cosmetic_scratch,7523.991312299771,1.0,OP-104,2024-01-06 11:23:39
P-051746,S1_CNC_Machining,dimensional_error,117934.78246115596,3.0,,2024-03-23 03:35:16
P-028480,S5_Packaging,label_error,97599.01586065016,3.0,OP-301,2024-03-09 00:38:44
P-005688,S3_Assembly,misalignment,16587.47042624251,2.0,OP-202,2024-01-12 18:27:21
P-010646,S2_Welding,weak_weld,31101.6696331423,2.0,,2024-01-22 20:21:57
P-031704,S1_CNC_Machining,dimensional_error,72177.76523229142,1.0,,2024-02-20 08:58:14
P-018018,S3_Assembly,missing_fastener,52741.269486117606,2.0,OP-202,2024-02-06 21:00:58
P-029812,S1_CNC_Machining,dimensional_error,67861.11029002913,1.0,,2024-02-17 09:01:10
P-013683,S3_Assembly,missing_fastener,39960.549893970274,3.0,OP-302,2024-01-29 00:00:42
P-039982,S1_CNC_Machining,dimensional_error,91016.35084643285,1.0,,2024-03-04 10:56:11
P-025310,S1_CNC_Machining,surface_finish,57525.521531011385,3.0,,2024-02-10 04:45:55
P-009235,S2_Welding,porosity,26980.973865305725,3.0,,2024-01-19 23:41:04
P-008646,S3_Assembly,missing_fastener,25254.88012866766,2.0,OP-201,2024-01-18 18:54:46
P-015844,S5_Packaging,packaging_damage,54334.59620097885,3.0,OP-302,2024-02-07 23:34:08
P-019791,S3_Assembly,cosmetic_scratch,57994.776022389364,1.0,OP-102,2024-02-10 12:35:00
P-037251,S2_Welding,porosity,109108.05948910688,3.0,,2024-03-17 00:28:26
P-021675,S2_Welding,spatter_damage,63532.68477609148,1.0,,2024-02-14 08:53:10
P-034262,S2_Welding,weak_weld,100343.756365208,3.0,,2024-03-10 22:23:17
P-002594,S3_Assembly,incorrect_torque,7533.921918475662,1.0,OP-102,2024-01-06 11:33:56
P-013354,S3_Assembly,incorrect_torque,39009.101842799886,1.0,OP-101,2024-01-28 08:09:24
P-013883,S3_Assembly,incorrect_torque,40584.96833343038,1.0,OP-101,2024-01-29 10:25:25
P-020897,S5_Packaging,label_error,71700.99980891559,3.0,OP-301,2024-02-20 01:00:46
P-007005,S5_Packaging,label_error,23904.48218387386,2.0,OP-201,2024-01-17 20:24:48
P-031856,S5_Packaging,label_error,109116.4715262236,3.0,OP-301,2024-03-17 00:36:22
P-041057,S2_Welding,spatter_damage,120288.24862941615,2.0,,2024-03-24 18:47:57
P-032840,S1_CNC_Machining,surface_finish,74746.8192749202,3.0,,2024-02-22 03:46:43
P-015204,S3_Assembly,incorrect_torque,44477.737291145444,3.0,OP-301,2024-02-01 03:18:03
P-033929,S2_Welding,weak_weld,99311.99991690919,3.0,,2024-03-10 05:12:18
P-007221,S3_Assembly,cosmetic_scratch,21042.673602811592,2.0,OP-202,2024-01-15 20:42:12
P-034873,S3_Assembly,cosmetic_scratch,102113.60403329905,3.0,OP-301,2024-03-12 03:53:26
P-016202,S1_CNC_Machining,surface_finish,36786.15098398794,2.0,,2024-01-26 19:06:30
P-040157,S3_Assembly,incorrect_torque,117624.62764769771,3.0,OP-302,2024-03-22 22:24:23
P-007474,S3_Assembly,missing_fastener,21776.496539456093,1.0,OP-102,2024-01-16 08:56:47
P-008932,S3_Assembly,cosmetic_scratch,26095.360661711817,1.0,OP-102,2024-01-19 08:55:42
P-038489,S1_CNC_Machining,tool_wear_mark,87645.77338198018,3.0,,2024-03-02 02:45:44
P-000181,S3_Assembly,cosmetic_scratch,569.6512292515407,2.0,OP-202,2024-01-01 15:29:22
P-019718,S1_CNC_Machining,dimensional_error,44768.86211527703,1.0,,2024-02-01 08:08:21
P-013298,S5_Packaging,packaging_damage,,2.0,OP-201,2024-02-01 21:46:06
P-005389,S1_CNC_Machining,tool_wear_mark,12219.862893321784,2.0,,2024-01-09 17:40:10
P-044004,S3_Assembly,incorrect_torque,128900.52915494419,2.0,OP-202,2024-03-30 18:20:25
P-042619,S1_CNC_Machining,dimensional_error,96980.42306741429,2.0,,2024-03-08 14:20:00
P-030059,S2_Welding,porosity,88021.6328196056,1.0,,2024-03-02 09:01:32
P-038126,S3_Assembly,missing_fastener,111703.530091536,2.0,OP-203,2024-03-18 19:43:14
P-030796,S3_Assembly,missing_fastener,90242.63848401397,2.0,OP-203,2024-03-03 22:02:20
P-007589,S1_CNC_Machining,dimensional_error,17184.084207158005,3.0,,2024-01-13 04:23:44
P-042664,S1_CNC_Machining,surface_finish,97083.62608555822,2.0,,2024-03-08 16:03:16
P-012878,S5_Packaging,label_error,44162.4877972207,2.0,OP-201,2024-01-31 22:02:06
P-035938,S3_Assembly,cosmetic_scratch,105229.67728306304,1.0,OP-103,2024-03-14 07:49:40
P-030216,S2_Welding,weak_weld,88517.29619085674,2.0,,2024-03-02 17:17:24
P-011679,S1_CNC_Machining,surface_finish,26467.541516523695,2.0,,2024-01-19 15:07:14
P-019061,S5_Packaging,packaging_damage,65334.30997016286,2.0,OP-202,2024-02-15 14:54:28
P-009848,S3_Assembly,cosmetic_scratch,28773.98888274237,3.0,OP-301,2024-01-21 05:34:15
P-015882,S1_CNC_Machining,dimensional_error,36060.94819640416,1.0,,2024-01-26 07:00:35
P-020150,S1_CNC_Machining,tool_wear_mark,45726.494706862846,3.0,,2024-02-02 00:06:39
P-018466,S2_Welding,weak_weld,54057.48089927048,2.0,,2024-02-07 18:57:00
P-015634,S1_CNC_Machining,surface_finish,35499.470459764365,2.0,,2024-01-25 21:39:01
P-024624,S5_Packaging,label_error,84328.33423454793,2.0,OP-201,2024-02-28 19:27:53
P-023610,S1_CNC_Machining,dimensional_error,53575.254591721256,1.0,,2024-02-07 10:55:30
P-041613,S1_CNC_Machining,dimensional_error,94700.90469182465,3.0,,2024-03-07 00:20:50
P-003751,S1_CNC_Machining,dimensional_error,8513.426895167337,3.0,,2024-01-07 03:53:51
P-036276,S3_Assembly,cosmetic_scratch,106229.013904307,3.0,OP-302,2024-03-15 00:28:44
P-008854,S2_Welding,porosity,25858.149380327326,3.0,,2024-01-19 04:57:45
P-034022,S2_Welding,porosity,99590.1749441168,1.0,,2024-03-10 09:50:25
P-033704,S2_Welding,weak_weld,98645.13132856275,2.0,,2024-03-09 18:04:58
P-049543,S1_CNC_Machining,dimensional_error,112875.29935931269,2.0,,2024-03-19 15:15:08
P-045294,S1_CNC_Machining,surface_finish,103142.02464326078,2.0,,2024-03-12 21:02:00
P-027203,S2_Welding,weak_weld,79645.74955731955,1.0,,2024-02-25 13:25:17
P-034305,S1_CNC_Machining,dimensional_error,78094.35970914227,1.0,,2024-02-24 11:34:32
P-013302,S1_CNC_Machining,tool_wear_mark,30119.94806111295,3.0,,2024-01-22 04:00:05
P-028191,S1_CNC_Machining,tool_wear_mark,64182.3480158145,2.0,,2024-02-14 19:42:32
P-010845,S2_Welding,porosity,31682.59723728388,3.0,,2024-01-23 06:02:45
P-000705,S3_Assembly,misalignment,2076.9659208089274,2.0,OP-203,2024-01-02 16:37:22
P-014224,S3_Assembly,incorrect_torque,41571.847107438756,3.0,OP-302,2024-01-30 02:52:19
P-047499,S1_CNC_Machining,surface_finish,108136.33002078458,1.0,,2024-03-16 08:16:46
P-016530,S1_CNC_Machining,tool_wear_mark,37519.55131527674,1.0,,2024-01-27 07:19:10
P-024957,S2_Welding,weak_weld,73092.58020194032,3.0,,2024-02-21 00:12:17
P-034903,S1_CNC_Machining,surface_finish,79430.57652742261,1.0,,2024-02-25 09:50:50
P-011723,S1_CNC_Machining,surface_finish,26562.99065573084,2.0,,2024-01-19 16:42:42
P-001041,S3_Assembly,missing_fastener,3049.9128199623055,1.0,OP-104,2024-01-03 08:49:36
P-016368,S1_CNC_Machining,dimensional_error,37156.87855717324,3.0,,2024-01-27 01:16:57
P-055600,S1_CNC_Machining,surface_finish,126598.83865673748,3.0,,2024-03-29 03:59:10
P-035604,S1_CNC_Machining,tool_wear_mark,80998.72106722785,1.0,,2024-02-26 11:58:56
P-007880,S3_Assembly,missing_fastener,22966.930249122088,3.0,OP-301,2024-01-17 04:46:47
P-033059,S1_CNC_Machining,tool_wear_mark,75235.14712443201,1.0,,2024-02-22 11:54:54
P-037637,S3_Assembly,missing_fastener,110241.05642850196,2.0,OP-201,2024-03-17 19:20:38
P-012665,S3_Assembly,cosmetic_scratch,37016.88915640595,3.0,OP-302,2024-01-26 22:56:31
P-002619,S2_Welding,porosity,7607.888293533524,,,2024-01-06 12:47:44
P-020057,S1_CNC_Machining,tool_wear_mark,45522.4991908646,2.0,,2024-02-01 20:42:07
P-022547,S3_Assembly,missing_fastener,66079.2743583299,3.0,OP-301,2024-02-16 03:19:00
P-044698,S1_CNC_Machining,surface_finish,101767.59300242277,3.0,,2024-03-11 22:07:29
P-015775,S1_CNC_Machining,tool_wear_mark,35822.63014852139,3.0,,2024-01-26 03:02:07
P-038456,S2_Welding,spatter_damage,112646.70714630806,1.0,,2024-03-19 11:26:44
P-022910,S3_Assembly,misalignment,67099.18882045255,2.0,OP-202,2024-02-16 20:19:32
P-023478,S2_Welding,porosity,,3.0,,2024-02-18 00:17:38
P-011433,S3_Assembly,misalignment,33406.30688439875,1.0,OP-101,2024-01-24 10:46:10
P-010920,S2_Welding,weak_weld,31894.43853364193,1.0,,2024-01-23 09:34:22
P-002314,S1_CNC_Machining,tool_wear_mark,5221.712528476277,2.0,,2024-01-04 21:01:31
P-049281,S1_CNC_Machining,surface_finish,112277.75845121134,3.0,,2024-03-19 05:17:36
P-026910,S2_Welding,weak_weld,78801.65937014302,3.0,,2024-02-24 23:21:55
P-011294,S3_Assembly,cosmetic_scratch,33002.16580149865,3.0,OP-301,2024-01-24 04:02:29
P-021178,S2_Welding,spatter_damage,62092.417341625514,1.0,,2024-02-13 08:52:12
P-032468,S1_CNC_Machining,surface_finish,73903.92749155374,1.0,,2024-02-21 13:43:48
P-003013,S1_CNC_Machining,surface_finish,6855.868462975665,3.0,,2024-01-06 00:15:50
P-005354,S1_CNC_Machining,dimensional_error,12140.216030089252,2.0,,2024-01-09 16:20:09
P-009309,S3_Assembly,misalignment,27206.972843954536,3.0,OP-302,2024-01-20 03:26:30
P-011199,S3_Assembly,cosmetic_scratch,32731.689383809182,3.0,OP-301,2024-01-23 23:31:46
P-040980,S3_Assembly,missing_fastener,120070.08157009895,2.0,OP-203,2024-03-24 15:10:02
P-009044,S3_Assembly,incorrect_torque,26430.266025386634,2.0,OP-203,2024-01-19 14:29:50
P-035801,S2_Welding,spatter_damage,104821.55421330675,3.0,,2024-03-14 01:01:10
P-027449,S2_Welding,weak_weld,80365.02575227185,3.0,,2024-02-26 01:25:21
P-050244,S1_CNC_Machining,dimensional_error,114452.23001518492,2.0,,2024-03-20 17:32:28
P-023374,S3_Assembly,misalignment,68476.32701010499,2.0,OP-202,2024-02-17 19:16:37
P-037121,S2_Welding,porosity,108726.60739940355,2.0,,2024-03-16 18:06:08
P-012322,S1_CNC_Machining,surface_finish,27909.804712195895,2.0,,2024-01-20 15:10:12
P-025800,S1_CNC_Machining,tool_wear_mark,58626.23640784051,3.0,,2024-02-10 23:06:29
P-042026,S2_Welding,spatter_damage,123133.15797675884,2.0,,2024-03-26 18:13:05
P-003062,S1_CNC_Machining,tool_wear_mark,6970.025307761929,3.0,,2024-01-06 02:09:51
P-031822,S3_Assembly,missing_fastener,93217.26395690603,3.0,OP-301,2024-03-05 23:37:06
P-012258,S3_Assembly,misalignment,35806.254489164305,3.0,OP-301,2024-01-26 02:46:12
P-022395,S1_CNC_Machining,surface_finish,50849.523541655006,1.0,,2024-02-05 13:29:41
P-008691,S2_Welding,porosity,25385.650317101532,2.0,,2024-01-18 21:05:12
P-044915,S1_CNC_Machining,tool_wear_mark,102260.67403576485,1.0,,2024-03-12 06:20:24
P-038016,S3_Assembly,cosmetic_scratch,111376.37600756816,2.0,OP-201,2024-03-18 14:16:13
P-027910,S2_Welding,weak_weld,81722.35255670731,3.0,,2024-02-27 00:02:44
P-053114,S1_CNC_Machining,dimensional_error,121018.03922343525,1.0,,2024-03-25 06:58:10
P-005300,S3_Assembly,incorrect_torque,15457.964407092173,3.0,OP-302,2024-01-11 23:37:48
P-036819,S1_CNC_Machining,dimensional_error,83763.71708102382,1.0,,2024-02-28 10:03:51
P-016181,S3_Assembly,cosmetic_scratch,47356.12670312746,3.0,OP-302,2024-02-03 03:15:44
P-016639,S1_CNC_Machining,dimensional_error,37768.45188701711,1.0,,2024-01-27 11:28:38
P-035741,S3_Assembly,misalignment,104656.31223065201,3.0,OP-301,2024-03-13 22:16:01
P-021989,S1_CNC_Machining,surface_finish,49934.66143760666,3.0,,2024-02-04 22:14:18
P-014763,S2_Welding,weak_weld,43144.871031818206,3.0,,2024-01-31 05:04:41
P-015484,S3_Assembly,incorrect_torque,45290.94723301649,2.0,OP-202,2024-02-01 16:51:08
P-021838,S3_Assembly,cosmetic_scratch,64001.50897823988,2.0,OP-202,2024-02-14 16:41:07
P-020581,S3_Assembly,incorrect_torque,60366.102510618,3.0,OP-301,2024-02-12 04:05:47
P-024041,S1_CNC_Machining,dimensional_error,54544.89643085447,3.0,,2024-02-08 03:04:26
P-044211,S2_Welding,weak_weld,129494.10851508364,3.0,,2024-03-31 04:14:00
P-018068,S3_Assembly,misalignment,52893.218909676456,3.0,OP-302,2024-02-06 23:33:06
P-012127,S3_Assembly,incorrect_torque,35436.34686947099,2.0,OP-203,2024-01-25 20:36:47
P-015789,S5_Packaging,packaging_damage,54124.382491041346,2.0,OP-202,2024-02-07 20:04:51
P-039799,S2_Welding,spatter_damage,116559.98531437971,3.0,,2024-03-22 04:39:46
P-004958,S3_Assembly,incorrect_torque,14443.139698226742,1.0,OP-101,2024-01-11 06:43:27
P-046258,S1_CNC_Machining,dimensional_error,105323.32948527382,1.0,,2024-03-14 09:23:22
P-037596,S3_Assembly,missing_fastener,110110.75795679247,2.0,OP-202,2024-03-17 17:10:19
P-015909,S3_Assembly,incorrect_torque,46549.42697376755,1.0,OP-101,2024-02-02 13:49:08
P-042799,S1_CNC_Machining,dimensional_error,97453.04170423585,3.0,,2024-03-08 22:12:52
P-039537,S1_CNC_Machining,tool_wear_mark,,2.0,,2024-03-03 18:15:28
P-015239,S1_CNC_Machining,dimensional_error,34611.64362792852,1.0,,2024-01-25 06:52:06
P-007647,S3_Assembly,misalignment,22284.975952771958,2.0,OP-202,2024-01-16 17:24:37
P-036750,S2_Welding,porosity,107622.017191945,3.0,,2024-03-15 23:41:50
P-016683,S3_Assembly,incorrect_torque,48838.30798646706,3.0,OP-301,2024-02-04 03:57:52
P-015215,S3_Assembly,incorrect_torque,44515.118839054,3.0,OP-301,2024-02-01 03:54:53
P-018380,S3_Assembly,misalignment,53814.210515986044,2.0,OP-203,2024-02-07 14:54:28
P-031361,S1_CNC_Machining,tool_wear_mark,71336.9737396103,2.0,,2024-02-19 18:56:37
P-002310,S3_Assembly,misalignment,6690.433072505926,2.0,OP-202,2024-01-05 21:30:40
P-005418,S3_Assembly,misalignment,15785.485738126656,3.0,OP-301,2024-01-12 05:05:05
P-021641,S3_Assembly,incorrect_torque,63442.809895704675,1.0,OP-104,2024-02-14 07:22:20
P-003299,S1_CNC_Machining,dimensional_error,7492.57579845472,1.0,,2024-01-06 10:52:37
P-004955,S1_CNC_Machining,dimensional_error,11231.214794266785,3.0,,2024-01-09 01:11:00
P-017290,S1_CNC_Machining,surface_finish,,1.0,,2024-01-28 11:51:17
P-017596,S1_CNC_Machining,surface_finish,39932.25704574911,3.0,,2024-01-28 23:32:42
P-024319,S1_CNC_Machining,tool_wear_mark,55175.86097586393,1.0,,2024-02-08 13:35:27
P-048566,S1_CNC_Machining,dimensional_error,110658.50522953593,3.0,,2024-03-18 02:18:48
P-039735,S3_Assembly,misalignment,116380.54233881546,,OP-301,2024-03-22 01:40:56
P-019423,S3_Assembly,incorrect_torque,56908.9155263276,2.0,OP-201,2024-02-09 18:29:18
P-000369,S1_CNC_Machining,surface_finish,833.1573075438988,2.0,,2024-01-01 19:53:23
P-033938,S2_Welding,weak_weld,99339.07671294296,3.0,,2024-03-10 05:38:54
P-040368,S3_Assembly,cosmetic_scratch,118246.29434407772,1.0,OP-104,2024-03-23 08:46:11
P-007354,S3_Assembly,cosmetic_scratch,21437.723755129304,3.0,OP-301,2024-01-16 03:18:01
P-038574,S3_Assembly,incorrect_torque,112984.06229278578,2.0,OP-203,2024-03-19 17:04:19
P-018555,S3_Assembly,misalignment,54331.95797417653,3.0,OP-302,2024-02-07 23:32:12
P-043722,S2_Welding,weak_weld,128088.97824610697,3.0,,2024-03-30 04:49:25
P-004260,S3_Assembly,misalignment,12400.027803388573,2.0,OP-201,2024-01-09 20:40:08
P-036273,S5_Packaging,packaging_damage,124185.26979052753,1.0,OP-103,2024-03-27 11:45:11
P-037068,S2_Welding,weak_weld,108576.02641852369,2.0,,2024-03-16 15:35:32
P-004106,S1_CNC_Machining,dimensional_error,9308.197724004147,2.0,,2024-01-07 17:08:02
P-048250,S1_CNC_Machining,dimensional_error,109874.25060404866,1.0,,2024-03-17 13:14:06
P-018391,S1_CNC_Machining,dimensional_error,41754.6404202428,3.0,,2024-01-30 05:54:40
P-028274,S1_CNC_Machining,dimensional_error,64369.755679070455,3.0,,2024-02-14 22:49:20
P-036758,S1_CNC_Machining,tool_wear_mark,83628.79393795828,1.0,,2024-02-28 07:48:26
P-022693,S5_Packaging,label_error,77815.66188986343,1.0,OP-102,2024-02-24 06:55:30
P-027925,S1_CNC_Machining,tool_wear_mark,63573.15070820403,1.0,,2024-02-14 09:33:31
P-004043,S1_CNC_Machining,surface_finish,9169.30143154642,,,2024-01-07 14:49:06
P-037087,S1_CNC_Machining,surface_finish,84411.10380752149,,,2024-02-28 20:50:42
P-022083,S3_Assembly,missing_fastener,64731.280881674546,3.0,OP-302,2024-02-15 04:51:10
P-038504,S3_Assembly,misalignment,112789.87040680372,1.0,OP-101,2024-03-19 13:50:12
P-008402,S3_Assembly,missing_fastener,24546.40921305295,1.0,OP-104,2024-01-18 07:06:03
P-043746,S1_CNC_Machining,surface_finish,99588.03581822698,1.0,,2024-03-10 09:48:03
P-037062,S3_Assembly,incorrect_torque,108562.99803474656,2.0,OP-203,2024-03-16 15:23:01
P-025725,S3_Assembly,cosmetic_scratch,75341.76583653071,1.0,OP-104,2024-02-22 13:41:31
P-016910,S5_Packaging,label_error,57956.57513596004,1.0,OP-104,2024-02-10 11:56:24
P-055179,S1_CNC_Machining,dimensional_error,125655.19992413382,1.0,,2024-03-28 12:15:13
P-040470,S3_Assembly,misalignment,118554.50165934714,1.0,OP-103,2024-03-23 13:54:31
P-048452,S1_CNC_Machining,tool_wear_mark,110407.42427529802,3.0,,2024-03-17 22:07:27
P-019078,S3_Assembly,incorrect_torque,55848.52459785454,3.0,OP-301,2024-02-09 00:49:00
P-004575,S3_Assembly,misalignment,13317.786127958294,1.0,OP-102,2024-01-10 11:57:41
P-033145,S2_Welding,weak_weld,97035.21205473309,2.0,,2024-03-08 15:15:08
P-007034,S1_CNC_Machining,dimensional_error,15959.545126777639,1.0,,2024-01-12 07:59:53
P-011661,S2_Welding,weak_weld,34055.388303160624,2.0,,2024-01-24 21:35:46
P-001961,S1_CNC_Machining,tool_wear_mark,4427.976783364559,,,2024-01-04 07:48:26
P-033990,S5_Packaging,label_error,116363.79539819597,3.0,OP-302,2024-03-22 01:23:55
P-036129,S1_CNC_Machining,surface_finish,82191.71782692292,1.0,,2024-02-27 07:51:20
P-042263,S1_CNC_Machining,tool_wear_mark,96176.43569557818,3.0,,2024-03-08 00:56:21
P-016596,S3_Assembly,misalignment,48559.475473396895,3.0,OP-301,2024-02-03 23:19:42
P-035354,S1_CNC_Machining,dimensional_error,80435.79949499638,3.0,,2024-02-26 02:35:32
P-017200,S1_CNC_Machining,tool_wear_mark,39021.23286026118,1.0,,2024-01-28 08:21:24
P-030395,S2_Welding,weak_weld,,3.0,,2024-03-03 01:52:15
P-043452,S2_Welding,weak_weld,127298.82026644395,2.0,,2024-03-29 15:38:57
P-014407,S3_Assembly,misalignment,42103.85775295157,1.0,OP-101,2024-01-30 11:43:31
P-039780,S2_Welding,weak_weld,116504.67718027816,3.0,,2024-03-22 03:45:10
P-011709,S2_Welding,weak_weld,34189.06251835424,3.0,,2024-01-24 23:49:19
P-036067,S3_Assembly,missing_fastener,,2.0,OP-203,2024-03-14 14:16:11
P-005208,S3_Assembly,cosmetic_scratch,15187.612223523349,2.0,OP-203,2024-01-11 19:07:18
P-047438,S1_CNC_Machining,surface_finish,108001.91279236159,3.0,,2024-03-16 06:01:39
P-020572,S1_CNC_Machining,dimensional_error,46671.62523931787,2.0,,2024-02-02 15:51:18
P-026295,S1_CNC_Machining,surface_finish,59826.6896622534,2.0,,2024-02-11 19:06:15
P-011007,S1_CNC_Machining,dimensional_error,24953.539925064644,1.0,,2024-01-18 13:53:25
P-030526,S1_CNC_Machining,dimensional_error,69451.46964612752,1.0,,2024-02-18 11:31:25
P-034354,S3_Assembly,cosmetic_scratch,100609.3798671867,3.0,OP-302,2024-03-11 02:49:14
P-039527,S3_Assembly,incorrect_torque,115790.30052322683,2.0,OP-202,2024-03-21 15:49:54
P-031895,S2_Welding,spatter_damage,93418.87295874463,3.0,,2024-03-06 02:58:51
P-042027,S1_CNC_Machining,tool_wear_mark,95633.99363767516,2.0,,2024-03-07 15:54:17
P-003352,S2_Welding,weak_weld,9737.883808588233,3.0,,2024-01-08 00:17:55
P-019109,S2_Welding,weak_weld,55937.41709399407,3.0,,2024-02-09 02:17:12
P-054607,S1_CNC_Machining,dimensional_error,124365.44787944562,2.0,,2024-03-27 14:45:46
P-018241,S2_Welding,weak_weld,53389.4369649901,1.0,,2024-02-07 07:49:05
P-001318,S3_Assembly,cosmetic_scratch,3827.5138525563984,2.0,OP-201,2024-01-03 21:47:38
P-016232,S3_Assembly,cosmetic_scratch,47506.729706457074,3.0,OP-301,2024-02-03 05:47:11
P-022927,S5_Packaging,label_error,78583.94526273251,2.0,OP-202,2024-02-24 19:44:04
P-040263,S1_CNC_Machining,dimensional_error,91649.19218606093,2.0,,2024-03-04 21:29:05
P-007975,S3_Assembly,cosmetic_scratch,23246.566483417482,1.0,OP-103,2024-01-17 09:26:47
P-002988,S3_Assembly,misalignment,8700.073293852323,1.0,OP-104,2024-01-07 06:59:34
P-014427,S1_CNC_Machining,tool_wear_mark,32768.34070865659,3.0,,2024-01-24 00:08:10
P-053663,S1_CNC_Machining,surface_finish,122254.80361649561,3.0,,2024-03-26 03:34:42
P-025414,S1_CNC_Machining,tool_wear_mark,57753.079776815466,1.0,,2024-02-10 08:33:14
P-004767,S1_CNC_Machining,surface_finish,10804.928553466309,2.0,,2024-01-08 18:04:43
P-056684,S1_CNC_Machining,tool_wear_mark,129035.40933916926,2.0,,2024-03-30 20:35:06
P-006523,S3_Assembly,incorrect_torque,19012.668701344443,,OP-102,2024-01-14 10:52:11
P-016155,S3_Assembly,misalignment,47276.20776304692,3.0,OP-302,2024-02-03 01:56:20
P-023410,S5_Packaging,label_error,80229.31145094994,3.0,OP-301,2024-02-25 23:09:25
P-054665,S1_CNC_Machining,dimensional_error,124498.1824730292,2.0,,2024-03-27 16:57:58
P-026902,S3_Assembly,missing_fastener,78786.26211239291,3.0,OP-301,2024-02-24 23:05:58
P-003369,S1_CNC_Machining,dimensional_error,,1.0,,2024-01-06 13:26:57
P-006033,S1_CNC_Machining,dimensional_error,13731.486336865666,2.0,,2024-01-10 18:51:48
P-053993,S1_CNC_Machining,surface_finish,122991.33226474868,2.0,,2024-03-26 15:51:03
P-042490,S3_Assembly,misalignment,124498.74766541629,2.0,OP-201,2024-03-27 16:58:24
P-023648,S1_CNC_Machining,surface_finish,53661.572340446706,1.0,,2024-02-07 12:22:04
P-002617,S3_Assembly,missing_fastener,7606.387745896529,1.0,OP-102,2024-01-06 12:46:51
P-027872,S1_CNC_Machining,tool_wear_mark,63454.00581168085,1.0,,2024-02-14 07:34:01
P-005980,S3_Assembly,cosmetic_scratch,17441.848783050486,1.0,OP-101,2024-01-13 08:42:06
P-021881,S3_Assembly,cosmetic_scratch,64117.90114097499,2.0,OP-202,2024-02-14 18:38:17
P-017846,S2_Welding,weak_weld,52227.38528454723,1.0,,2024-02-06 12:27:07
P-007551,S1_CNC_Machining,surface_finish,17101.419614617796,3.0,,2024-01-13 03:01:22
P-006481,S3_Assembly,cosmetic_scratch,18896.480082250953,1.0,OP-102,2024-01-14 08:56:15
P-028689,S3_Assembly,misalignment,84045.42309411886,2.0,OP-201,2024-02-28 14:45:44
P-011631,S3_Assembly,cosmetic_scratch,33978.36353604925,2.0,OP-203,2024-01-24 20:18:31
P-029084,S3_Assembly,cosmetic_scratch,85198.73907412031,1.0,OP-102,2024-02-29 09:59:05
P-040213,S1_CNC_Machining,surface_finish,91539.54613066911,2.0,,2024-03-04 19:39:17
P-039509,S3_Assembly,incorrect_torque,115740.79017739187,2.0,OP-202,2024-03-21 15:00:23
P-043957,S2_Welding,porosity,128758.43883339188,2.0,,2024-03-30 15:58:43
P-027985,S3_Assembly,cosmetic_scratch,81954.84445256215,3.0,OP-301,2024-02-27 03:55:16
P-011204,S1_CNC_Machining,surface_finish,25407.298749113717,2.0,,2024-01-18 21:27:35
P-000115,S5_Packaging,label_error,408.3658017176024,1.0,OP-101,2024-01-01 12:47:56
P-009935,S1_CNC_Machining,surface_finish,22551.46944808045,2.0,,2024-01-16 21:51:33
P-007102,S3_Assembly,cosmetic_scratch,,2.0,OP-202,2024-01-15 14:45:07
P-004352,S3_Assembly,missing_fastener,12661.034263494621,3.0,OP-302,2024-01-10 01:00:32
P-039953,S3_Assembly,missing_fastener,117044.70537122882,,OP-102,2024-03-22 12:44:58
P-004333,S1_CNC_Machining,surface_finish,9831.162050340727,3.0,,2024-01-08 01:51:16
P-038938,S1_CNC_Machining,tool_wear_mark,88671.500545173,2.0,,2024-03-02 19:51:32
P-038842,S2_Welding,weak_weld,113777.61101651496,1.0,,2024-03-20 06:17:49
P-002220,S1_CNC_Machining,surface_finish,5008.46534900021,2.0,,2024-01-04 17:28:43
P-036730,S1_CNC_Machining,surface_finish,83534.92608357644,1.0,,2024-02-28 06:15:02
P-003849,S3_Assembly,cosmetic_scratch,11213.254561362743,3.0,OP-302,2024-01-09 00:53:43
P-034935,S3_Assembly,missing_fastener,102293.75318317841,1.0,OP-101,2024-03-12 06:53:41
P-022545,S3_Assembly,misalignment,66072.50745177678,3.0,OP-301,2024-02-16 03:12:38
P-032401,S2_Welding,porosity,94906.45958583207,3.0,,2024-03-07 03:46:16
P-000882,S3_Assembly,missing_fastener,2595.3605668113146,3.0,OP-302,2024-01-03 01:15:30
P-042847,S1_CNC_Machining,surface_finish,97555.71493876944,3.0,,2024-03-08 23:55:29
P-035690,S3_Assembly,cosmetic_scratch,104498.28549151981,,OP-201,2024-03-13 19:38:20
P-022496,S1_CNC_Machining,surface_finish,51082.28866360661,2.0,,2024-02-05 17:22:34
P-020578,S1_CNC_Machining,dimensional_error,46684.73235897719,2.0,,2024-02-02 16:04:29
P-025346,S2_Welding,spatter_damage,74230.52607238693,2.0,,2024-02-21 19:10:13
P-056003,S1_CNC_Machining,tool_wear_mark,127490.57431057122,2.0,,2024-03-29 18:51:03
P-006065,S1_CNC_Machining,surface_finish,13806.234251600008,2.0,,2024-01-10 20:06:39
P-013327,S3_Assembly,misalignment,38926.03946368716,1.0,OP-103,2024-01-28 06:45:39
P-021050,S3_Assembly,incorrect_torque,61735.81610074452,3.0,OP-302,2024-02-13 02:56:04
P-022191,S5_Packaging,label_error,76094.90147135634,3.0,OP-301,2024-02-23 02:15:03
P-042645,S2_Welding,spatter_damage,124931.78668727315,3.0,,2024-03-28 00:11:36
P-022976,S1_CNC_Machining,dimensional_error,52157.23682734244,1.0,,2024-02-06 11:16:47
P-007019,S1_CNC_Machining,tool_wear_mark,15929.050024736192,1.0,,2024-01-12 07:29:16
P-055123,S1_CNC_Machining,tool_wear_mark,125536.63786877347,1.0,,2024-03-28 10:16:09
P-002670,S2_Welding,porosity,7755.912580694155,2.0,,2024-01-06 15:16:17
P-037690,S3_Assembly,cosmetic_scratch,110410.43559562285,3.0,OP-302,2024-03-17 22:10:25
P-053995,S1_CNC_Machining,surface_finish,122995.66254042301,2.0,,2024-03-26 15:55:35
P-012348,S3_Assembly,misalignment,36066.75354457709,1.0,OP-103,2024-01-26 07:07:02
P-003047,S5_Packaging,packaging_damage,10398.24193360027,1.0,OP-103,2024-01-08 11:18:42
P-033646,S3_Assembly,misalignment,98483.58208577146,2.0,OP-202,2024-03-09 15:23:31
P-000866,S3_Assembly,cosmetic_scratch,2549.8244052092136,3.0,OP-301,2024-01-03 00:30:05
P-028128,S3_Assembly,missing_fastener,82382.76545025108,1.0,OP-101,2024-02-27 11:02:59
P-001538,S1_CNC_Machining,surface_finish,3465.728460227904,2.0,,2024-01-03 15:45:27
P-020021,S2_Welding,weak_weld,58658.61069095488,3.0,,2024-02-10 23:38:25
P-046643,S1_CNC_Machining,tool_wear_mark,106193.13702368163,3.0,,2024-03-14 23:52:46
P-000969,S1_CNC_Machining,surface_finish,2194.8122281623732,2.0,,2024-01-02 18:35:01
P-022981,S5_Packaging,packaging_damage,78763.60118997555,3.0,OP-302,2024-02-24 22:43:11
P-020778,S3_Assembly,misalignment,60927.55330642724,1.0,OP-101,2024-02-12 13:27:14
P-030290,S2_Welding,spatter_damage,88729.77983928607,2.0,,2024-03-02 20:49:32
P-025754,S1_CNC_Machining,tool_wear_mark,58529.01160848015,2.0,,2024-02-10 21:29:25
P-031314,S1_CNC_Machining,dimensional_error,71233.76387201126,2.0,,2024-02-19 17:13:40
P-018028,S3_Assembly,incorrect_torque,52762.88516301643,2.0,OP-203,2024-02-06 21:23:09
P-021101,S1_CNC_Machining,surface_finish,47856.337068737885,1.0,,2024-02-03 11:36:02
P-029045,S3_Assembly,missing_fastener,85079.686882891,1.0,OP-103,2024-02-29 08:00:04
P-018029,S5_Packaging,packaging_damage,61853.001354806394,3.0,OP-302,2024-02-13 04:52:51
P-000008,S2_Welding,spatter_damage,29.34831092284756,1.0,,2024-01-01 06:29:13
P-037374,S1_CNC_Machining,tool_wear_mark,85078.84575307136,1.0,,2024-02-29 07:59:13
P-056787,S1_CNC_Machining,tool_wear_mark,129261.2336574409,3.0,,2024-03-31 00:21:26
P-018039,S3_Assembly,incorrect_torque,52798.33003346925,2.0,OP-203,2024-02-06 21:58:42
P-046327,S1_CNC_Machining,surface_finish,105478.28165045746,1.0,,2024-03-14 11:57:54
P-039641,S3_Assembly,cosmetic_scratch,116109.44626819437,2.0,OP-201,2024-03-21 21:09:11
P-025009,S3_Assembly,incorrect_torque,73241.85109361469,3.0,OP-302,2024-02-21 02:41:43
P-039485,S3_Assembly,cosmetic_scratch,115665.90051876739,1.0,OP-103,2024-03-21 13:45:27
P-009979,S2_Welding,spatter_damage,29144.97335597774,1.0,,2024-01-21 11:44:41
P-041000,S1_CNC_Machining,dimensional_error,93304.92775998004,3.0,,2024-03-06 01:04:28
P-006536,S1_CNC_Machining,tool_wear_mark,14855.743686881431,1.0,,2024-01-11 13:36:04
P-020404,S1_CNC_Machining,dimensional_error,,1.0,,2024-02-02 09:36:15
P-039316,S1_CNC_Machining,dimensional_error,89515.73979266713,1.0,,2024-03-03 09:55:37
P-027047,S2_Welding,weak_weld,79187.15306091524,3.0,,2024-02-25 05:46:57
P-037604,S2_Welding,porosity,110126.26786931072,2.0,,2024-03-17 17:25:51
P-030286,S3_Assembly,incorrect_torque,88722.88302551673,2.0,OP-202,2024-03-02 20:43:13
P-014729,S2_Welding,spatter_damage,43049.28861467956,3.0,,2024-01-31 03:29:07
P-041682,S3_Assembly,cosmetic_scratch,122147.95241136647,3.0,OP-302,2024-03-26 01:47:44
P-001774,S3_Assembly,incorrect_torque,5156.765404978699,2.0,OP-202,2024-01-04 19:57:02
P-006729,S2_Welding,porosity,19616.336140123673,,,2024-01-14 20:56:04
P-013144,S3_Assembly,cosmetic_scratch,38395.48193876588,2.0,OP-203,2024-01-27 21:55:24
P-050036,S1_CNC_Machining,tool_wear_mark,113985.51917315672,1.0,,2024-03-20 09:45:44
P-024280,S1_CNC_Machining,dimensional_error,55089.20082959583,1.0,,2024-02-08 12:08:58
P-026167,S3_Assembly,incorrect_torque,76650.01411520186,1.0,OP-101,2024-02-23 11:30:05
P-040462,S2_Welding,spatter_damage,118525.54248810337,1.0,,2024-03-23 13:25:28
P-053268,S1_CNC_Machining,surface_finish,121367.23184758416,1.0,,2024-03-25 12:47:38
P-043417,S1_CNC_Machining,dimensional_error,98850.22287104517,2.0,,2024-03-09 21:30:28
P-014664,S2_Welding,porosity,42856.21555801436,3.0,,2024-01-31 00:15:43
P-001370,S2_Welding,weak_weld,3977.036889954579,3.0,,2024-01-04 00:16:51
P-054170,S1_CNC_Machining,tool_wear_mark,123383.1137042274,3.0,,2024-03-26 22:22:51
P-039180,S3_Assembly,cosmetic_scratch,114777.4474371681,3.0,OP-302,2024-03-20 22:57:07
P-043840,S2_Welding,porosity,128424.3389977059,1.0,,2024-03-30 10:24:39
P-012473,S3_Assembly,misalignment,36415.738159927976,1.0,OP-103,2024-01-26 12:56:01
P-018591,S3_Assembly,missing_fastener,54428.4463376527,3.0,OP-301,2024-02-08 01:08:52
P-002349,S3_Assembly,misalignment,6799.887300413435,3.0,OP-302,2024-01-05 23:20:21
P-000762,S1_CNC_Machining,dimensional_error,1725.7844639556836,1.0,,2024-01-02 10:45:21
P-034251,S2_Welding,spatter_damage,100308.7894004753,2.0,,2024-03-10 21:48:34
P-009820,S3_Assembly,incorrect_torque,28692.8120803063,3.0,OP-301,2024-01-21 04:12:25
P-004202,S1_CNC_Machining,dimensional_error,9528.412189531995,2.0,,2024-01-07 20:47:58
P-006467,S1_CNC_Machining,dimensional_error,14695.821437577419,1.0,,2024-01-11 10:55:44
P-012779,S3_Assembly,incorrect_torque,37334.28510955869,3.0,OP-302,2024-01-27 04:14:09
P-022889,S2_Welding,porosity,67031.83320268164,2.0,,2024-02-16 19:11:30
P-046240,S1_CNC_Machining,surface_finish,105281.84855352012,1.0,,2024-03-14 08:41:52
P-023521,S3_Assembly,cosmetic_scratch,68916.6831262743,3.0,OP-301,2024-02-18 02:36:32
P-036196,S3_Assembly,misalignment,105990.63460462351,2.0,OP-202,2024-03-14 20:30:31
P-043636,S3_Assembly,misalignment,127832.59172326446,3.0,OP-302,2024-03-30 00:32:09
P-027740,S3_Assembly,cosmetic_scratch,81219.17821680223,2.0,OP-201,2024-02-26 15:39:23
P-054952,S1_CNC_Machining,tool_wear_mark,125149.10875185458,3.0,,2024-03-28 03:49:10
P-045287,S1_CNC_Machining,tool_wear_mark,103128.93008302963,2.0,,2024-03-12 20:49:16
P-054961,S1_CNC_Machining,tool_wear_mark,125168.35700496842,3.0,,2024-03-28 04:08:11
P-021056,S1_CNC_Machining,dimensional_error,47756.08231441655,1.0,,2024-02-03 09:56:17
P-017369,S3_Assembly,incorrect_torque,50849.87764935139,1.0,OP-102,2024-02-05 13:30:12
P-011577,S2_Welding,spatter_damage,33818.96193450037,2.0,,2024-01-24 17:39:08
P-040408,S2_Welding,spatter_damage,118354.0342519566,1.0,,2024-03-23 10:34:29
P-020933,S2_Welding,porosity,61349.52283816188,2.0,,2024-02-12 20:29:11
P-021844,S5_Packaging,packaging_damage,74914.49734136063,1.0,OP-102,2024-02-22 06:34:40
P-005813,S1_CNC_Machining,surface_finish,13174.38923116165,1.0,,2024-01-10 09:34:11
P-039062,S1_CNC_Machining,tool_wear_mark,88948.34705323006,3.0,,2024-03-03 00:28:06
P-027147,S2_Welding,weak_weld,79479.25738996998,1.0,,2024-02-25 10:38:59
P-003185,S2_Welding,spatter_damage,9247.821678036735,2.0,,2024-01-07 16:07:53
P-014588,S2_Welding,weak_weld,42620.73589702815,2.0,,2024-01-30 20:20:44
P-043495,S1_CNC_Machining,dimensional_error,99025.04292791172,3.0,,2024-03-10 00:24:49
P-015493,S5_Packaging,packaging_damage,53135.43351905088,3.0,OP-301,2024-02-07 03:35:18
P-054383,S1_CNC_Machining,tool_wear_mark,123860.92530464282,1.0,,2024-03-27 06:21:23
P-003804,S1_CNC_Machining,dimensional_error,8632.016434556006,3.0,,2024-01-07 05:51:57
P-022582,S3_Assembly,misalignment,66177.09299795858,3.0,OP-302,2024-02-16 04:57:17
P-026914,S1_CNC_Machining,tool_wear_mark,61223.58047359158,2.0,,2024-02-12 18:23:07
P-031694,S5_Packaging,label_error,108563.07783819987,2.0,OP-201,2024-03-16 15:23:29
P-015936,S3_Assembly,cosmetic_scratch,46628.99189725227,2.0,OP-202,2024-02-02 15:09:13
P-009463,S2_Welding,porosity,27648.83599716064,1.0,,2024-01-20 10:49:03
P-005094,S3_Assembly,missing_fastener,14844.4249710914,1.0,OP-104,2024-01-11 13:24:39
P-004387,S3_Assembly,misalignment,12762.6523069097,3.0,OP-302,2024-01-10 02:42:57
P-040142,S2_Welding,spatter_damage,117571.44856205063,2.0,,2024-03-22 21:31:29
P-031178,S5_Packaging,packaging_damage,106787.81658239223,1.0,OP-102,2024-03-15 09:48:04
P-022930,S3_Assembly,misalignment,67159.63268604173,,OP-203,2024-02-16 21:19:37
P-012594,S1_CNC_Machining,surface_finish,28524.259622741043,3.0,,2024-01-21 01:24:03
P-041031,S1_CNC_Machining,dimensional_error,93378.8409852889,3.0,,2024-03-06 02:18:22
P-054834,S1_CNC_Machining,tool_wear_mark,124877.92877437061,3.0,,2024-03-27 23:17:31
P-040239,S2_Welding,porosity,117865.040563048,3.0,,2024-03-23 02:25:25
P-015440,S1_CNC_Machining,surface_finish,35064.60323932763,2.0,,2024-01-25 14:24:49
P-016751,S3_Assembly,missing_fastener,49031.64071708429,1.0,OP-102,2024-02-04 07:11:14
P-005851,S5_Packaging,label_error,19930.284450132818,3.0,OP-302,2024-01-15 02:10:26
P-008784,S1_CNC_Machining,tool_wear_mark,19953.885335223167,3.0,,2024-01-15 02:34:09
P-036249,S2_Welding,weak_weld,106142.01723458582,3.0,,2024-03-14 23:02:15
P-037568,S2_Welding,spatter_damage,110025.19501661831,2.0,,2024-03-17 15:45:32
P-018256,S2_Welding,weak_weld,53433.19032169166,1.0,,2024-02-07 08:32:41
P-036493,S5_Packaging,packaging_damage,124960.36881418066,3.0,OP-301,2024-03-28 00:40:42
P-036780,S2_Welding,weak_weld,107708.77165832942,3.0,,2024-03-16 01:09:09
P-012238,S5_Packaging,packaging_damage,41981.03684975973,1.0,OP-101,2024-01-30 09:40:37
P-013075,S2_Welding,spatter_damage,38194.88696231367,2.0,,2024-01-27 18:34:35
P-049305,S1_CNC_Machining,tool_wear_mark,112329.40046807613,1.0,,2024-03-19 06:09:19
P-053489,S1_CNC_Machining,tool_wear_mark,121860.98423562737,2.0,,2024-03-25 21:01:05
P-000673,S3_Assembly,cosmetic_scratch,1981.7412787142187,2.0,OP-203,2024-01-02 15:01:21
P-007721,S2_Welding,weak_weld,22488.07358670092,2.0,,2024-01-16 20:48:19
P-021812,S3_Assembly,cosmetic_scratch,63918.30803011218,2.0,OP-203,2024-02-14 15:18:43
P-000189,S3_Assembly,incorrect_torque,584.3565882571002,2.0,OP-203,2024-01-01 15:44:03
P-030379,S3_Assembly,incorrect_torque,88988.96633537015,3.0,OP-302,2024-03-03 01:09:19
P-021954,S5_Packaging,label_error,75267.2368113889,1.0,OP-102,2024-02-22 12:27:26
P-040881,S3_Assembly,cosmetic_scratch,119774.67867446231,1.0,OP-104,2024-03-24 10:15:05
P-014611,S3_Assembly,incorrect_torque,42696.42504970036,2.0,OP-203,2024-01-30 21:36:35
P-036906,S1_CNC_Machining,tool_wear_mark,83967.08240020773,1.0,,2024-02-28 13:26:59
P-029238,S3_Assembly,incorrect_torque,85627.37004679554,2.0,OP-201,2024-02-29 17:07:42
P-011229,S1_CNC_Machining,tool_wear_mark,25462.717166337396,3.0,,2024-01-18 22:22:41
P-020558,S1_CNC_Machining,surface_finish,46638.85730087718,2.0,,2024-02-02 15:18:26
P-029742,S2_Welding,spatter_damage,87114.99949699568,2.0,,2024-03-01 17:55:00
P-035097,S3_Assembly,missing_fastener,102768.08068057967,2.0,OP-203,2024-03-12 14:48:21
P-042912,S3_Assembly,cosmetic_scratch,125758.58507154326,1.0,OP-102,2024-03-28 13:58:55
P-008445,S5_Packaging,label_error,28866.06146391077,1.0,OP-101,2024-01-21 07:05:34
P-031654,S5_Packaging,label_error,108433.92628165413,1.0,OP-104,2024-03-16 13:13:37
P-026118,S3_Assembly,misalignment,76501.66111389863,1.0,OP-103,2024-02-23 09:01:30
P-007857,S3_Assembly,incorrect_torque,22900.29980105531,3.0,OP-302,2024-01-17 03:40:39
P-035373,S5_Packaging,label_error,121102.43834015493,1.0,OP-103,2024-03-25 08:22:51
P-040949,S2_Welding,weak_weld,119969.75151189402,1.0,,2024-03-24 13:30:11
P-027039,S5_Packaging,packaging_damage,92629.16190688538,1.0,OP-104,2024-03-05 13:48:57
P-039296,S3_Assembly,missing_fastener,115126.71798774964,3.0,OP-302,2024-03-21 04:46:15
P-004359,S3_Assembly,cosmetic_scratch,,3.0,OP-302,2024-01-10 01:18:28
P-006386,S3_Assembly,incorrect_torque,18627.133048707485,3.0,OP-301,2024-01-14 04:26:58
P-013469,S3_Assembly,cosmetic_scratch,39341.50794231342,1.0,OP-102,2024-01-28 13:41:22
P-034973,S3_Assembly,misalignment,102400.00231498519,1.0,OP-104,2024-03-12 08:39:36
P-041984,S3_Assembly,missing_fastener,123020.43862319384,2.0,OP-203,2024-03-26 16:20:17
P-029863,S1_CNC_Machining,surface_finish,67977.86053345179,1.0,,2024-02-17 10:58:01
P-027624,S3_Assembly,missing_fastener,80877.78690225282,1.0,OP-101,2024-02-26 09:57:46
P-019582,S3_Assembly,incorrect_torque,57368.65098508668,3.0,OP-301,2024-02-10 02:08:11
P-026944,S3_Assembly,misalignment,78906.24619363995,3.0,OP-301,2024-02-25 01:06:35
P-036266,S5_Packaging,label_error,124158.24876985238,1.0,OP-101,2024-03-27 11:18:28
P-010377,S1_CNC_Machining,surface_finish,23530.542867733635,2.0,,2024-01-17 14:10:28
P-032323,S2_Welding,porosity,94689.04612872559,3.0,,2024-03-07 00:09:30
P-009292,S3_Assembly,misalignment,27153.814801959725,3.0,OP-302,2024-01-20 02:33:50
P-029892,S1_CNC_Machining,surface_finish,68042.43737788218,1.0,,2024-02-17 12:02:50
P-022519,S3_Assembly,missing_fastener,65993.7290459867,3.0,OP-302,2024-02-16 01:54:11
P-010884,S1_CNC_Machining,tool_wear_mark,,1.0,,2024-01-18 09:09:27
P-043322,S1_CNC_Machining,tool_wear_mark,98639.5131332399,2.0,,2024-03-09 17:59:48
P-035848,S2_Welding,weak_weld,104952.9921262962,3.0,,2024-03-14 03:12:53
P-006221,S3_Assembly,missing_fastener,18136.13277449241,2.0,OP-203,2024-01-13 20:16:36
P-035770,S3_Assembly,misalignment,104737.70633234017,3.0,OP-302,2024-03-13 23:37:17
P-005043,S5_Packaging,label_error,17174.453317874082,3.0,OP-301,2024-01-13 04:14:38
P-006069,S3_Assembly,cosmetic_scratch,17691.97055788762,1.0,OP-103,2024-01-13 12:51:31
P-028142,S1_CNC_Machining,dimensional_error,64066.56224429244,2.0,,2024-02-14 17:46:38
P-017906,S5_Packaging,label_error,61400.49002303708,2.0,OP-203,2024-02-12 21:20:13
P-031437,S3_Assembly,cosmetic_scratch,92105.49672819636,3.0,OP-302,2024-03-05 05:05:47
P-003981,S3_Assembly,cosmetic_scratch,11598.124363721812,1.0,OP-104,2024-01-09 07:18:19
P-000260,S1_CNC_Machining,dimensional_error,585.8699804462141,2.0,,2024-01-01 15:46:13
P-032618,S1_CNC_Machining,tool_wear_mark,74241.21381226028,2.0,,2024-02-21 19:20:47
P-007843,S3_Assembly,misalignment,22862.923491966354,3.0,OP-302,2024-01-17 03:03:07
P-022678,S3_Assembly,missing_fastener,66449.93131108531,1.0,OP-103,2024-02-16 09:29:41
P-008194,S3_Assembly,missing_fastener,23916.408885197878,2.0,OP-202,2024-01-17 20:36:54
P-045237,S1_CNC_Machining,dimensional_error,103018.16414467711,2.0,,2024-03-12 18:58:26
P-037082,S3_Assembly,missing_fastener,108620.0560488344,2.0,OP-201,2024-03-16 16:19:59
P-020773,S2_Welding,weak_weld,60899.88271080809,1.0,,2024-02-12 12:59:45
P-033997,S3_Assembly,incorrect_torque,99515.26063092107,1.0,OP-103,2024-03-10 08:35:37
P-011616,S2_Welding,weak_weld,33928.09424805253,2.0,,2024-01-24 19:28:30
P-005292,S1_CNC_Machining,dimensional_error,11999.825429474851,1.0,,2024-01-09 13:59:53
P-038766,S2_Welding,porosity,113549.53823414251,3.0,,2024-03-20 02:29:21
P-035178,S1_CNC_Machining,surface_finish,80041.47938202758,2.0,,2024-02-25 20:01:17
P-014221,S1_CNC_Machining,surface_finish,32304.18010862026,2.0,,2024-01-23 16:24:18
P-002375,S3_Assembly,misalignment,6876.428857852704,3.0,OP-301,2024-01-06 00:35:57
P-011406,S1_CNC_Machining,dimensional_error,,3.0,,2024-01-19 05:04:03
P-019223,S3_Assembly,incorrect_torque,56288.20920360465,1.0,OP-102,2024-02-09 08:08:08
P-011419,S3_Assembly,missing_fastener,33366.47786501127,1.0,OP-101,2024-01-24 10:06:24
P-028441,S1_CNC_Machining,surface_finish,64743.58338002767,3.0,,2024-02-15 05:03:48
P-004908,S2_Welding,spatter_damage,14291.251243051775,3.0,,2024-01-11 04:11:42
P-017115,S1_CNC_Machining,dimensional_error,38835.87012047222,3.0,,2024-01-28 05:15:33
P-011437,S1_CNC_Machining,surface_finish,25936.937420660826,1.0,,2024-01-19 06:17:03
P-030574,S3_Assembly,cosmetic_scratch,89540.20539032081,1.0,OP-102,2024-03-03 10:19:48
P-038480,S2_Welding,spatter_damage,112717.10270194324,1.0,,2024-03-19 12:37:03
P-004342,S5_Packaging,label_error,14734.753306189372,1.0,OP-104,2024-01-11 11:35:14
P-034887,S3_Assembly,missing_fastener,102154.782335178,3.0,OP-302,2024-03-12 04:34:21
P-023276,S3_Assembly,incorrect_torque,68192.15836105657,2.0,OP-201,2024-02-17 14:32:32
P-012532,S3_Assembly,incorrect_torque,36619.2619663334,2.0,OP-202,2024-01-26 16:18:58
P-011655,S1_CNC_Machining,surface_finish,26413.594803651755,2.0,,2024-01-19 14:13:14
P-005802,S2_Welding,porosity,16915.20247122455,3.0,,2024-01-12 23:55:40
P-028720,S1_CNC_Machining,tool_wear_mark,65423.677630392755,2.0,,2024-02-15 16:23:59
P-022866,S5_Packaging,packaging_damage,78366.45110816421,2.0,OP-201,2024-02-24 16:06:15
P-003217,S5_Packaging,label_error,10926.25919724864,2.0,OP-203,2024-01-08 20:06:15
P-030753,S3_Assembly,cosmetic_scratch,90082.4735899537,2.0,OP-203,2024-03-03 19:22:07
P-033602,S3_Assembly,missing_fastener,98367.24188513847,1.0,OP-101,2024-03-09 13:26:47
P-003890,S1_CNC_Machining,tool_wear_mark,8824.162362248828,1.0,,2024-01-07 09:04:33
P-024515,S1_CNC_Machining,tool_wear_mark,55622.25406312597,2.0,,2024-02-08 21:01:57
P-051071,S1_CNC_Machining,surface_finish,116427.50201369701,3.0,,2024-03-22 02:27:30
P-033895,S3_Assembly,incorrect_torque,99212.61578913049,3.0,OP-302,2024-03-10 03:32:55
P-020345,S1_CNC_Machining,tool_wear_mark,46165.81809730508,1.0,,2024-02-02 07:25:33
P-038671,S2_Welding,porosity,113269.26700386559,2.0,,2024-03-19 21:49:23
P-012353,S5_Packaging,label_error,42359.43206167437,2.0,OP-203,2024-01-30 15:59:54
P-014710,S1_CNC_Machining,surface_finish,33413.47975819421,1.0,,2024-01-24 10:53:47
P-018280,S3_Assembly,missing_fastener,53519.2149254661,1.0,OP-102,2024-02-07 09:58:51
P-002540,S3_Assembly,cosmetic_scratch,7367.444251106845,1.0,OP-104,2024-01-06 08:47:36
P-014475,S3_Assembly,misalignment,42304.03282184665,2.0,OP-203,2024-01-30 15:04:19
P-018590,S3_Assembly,cosmetic_scratch,54420.993838030154,3.0,OP-302,2024-02-08 01:01:04
P-005082,S3_Assembly,cosmetic_scratch,14812.210739670221,1.0,OP-101,2024-01-11 12:51:50
P-022222,S3_Assembly,misalignment,65139.69068021841,1.0,OP-101,2024-02-15 11:39:45
P-019627,S2_Welding,spatter_damage,57489.22246956847,3.0,,2024-02-10 04:09:24
P-039174,S3_Assembly,missing_fastener,114762.62169323495,3.0,OP-302,2024-03-20 22:42:41
P-022310,S2_Welding,weak_weld,,2.0,,2024-02-15 15:53:21
P-025005,S3_Assembly,missing_fastener,73233.94212888452,3.0,OP-302,2024-02-21 02:34:21
P-003570,S3_Assembly,missing_fastener,10367.097744304,,OP-102,2024-01-08 10:46:43
P-030557,S1_CNC_Machining,surface_finish,69521.47292555842,1.0,,2024-02-18 12:41:47
P-009513,S3_Assembly,incorrect_torque,27791.67267403351,1.0,OP-103,2024-01-20 13:11:24
P-044935,S1_CNC_Machining,dimensional_error,102304.57866411914,1.0,,2024-03-12 07:04:14
P-040757,S3_Assembly,incorrect_torque,119389.79755403819,3.0,OP-301,2024-03-24 03:49:44
P-006089,S1_CNC_Machining,tool_wear_mark,13858.422929399281,2.0,,2024-01-10 20:58:12
P-050056,S1_CNC_Machining,surface_finish,114031.09918835867,1.0,,2024-03-20 10:31:20
P-034785,S3_Assembly,misalignment,101855.4458585304,3.0,OP-302,2024-03-11 23:35:40
P-042083,S3_Assembly,incorrect_torque,123311.04426440797,2.0,OP-201,2024-03-26 21:10:44
P-037274,S3_Assembly,misalignment,109178.59665548624,3.0,OP-302,2024-03-17 01:38:58
P-054114,S1_CNC_Machining,surface_finish,123261.07049878243,2.0,,2024-03-26 20:20:37
P-036377,S3_Assembly,misalignment,106535.9805788249,3.0,OP-302,2024-03-15 05:36:27
P-013897,S1_CNC_Machining,dimensional_error,31559.73443351262,3.0,,2024-01-23 03:59:33
P-020602,S1_CNC_Machining,surface_finish,46740.93469226819,2.0,,2024-02-02 17:00:57
P-023987,S3_Assembly,missing_fastener,70303.6601304483,3.0,OP-301,2024-02-19 01:44:09
P-047048,S1_CNC_Machining,dimensional_error,107104.68691900805,2.0,,2024-03-15 15:05:02
P-026003,S3_Assembly,incorrect_torque,76164.72399275607,3.0,OP-302,2024-02-23 03:24:13
P-015899,S2_Welding,weak_weld,46513.17675862295,1.0,,2024-02-02 13:12:42
P-026345,S3_Assembly,misalignment,77154.12157977783,2.0,OP-201,2024-02-23 19:54:36
P-031084,S1_CNC_Machining,tool_wear_mark,70720.61127345583,1.0,,2024-02-19 08:40:12
P-018999,S5_Packaging,packaging_damage,65120.50366263246,1.0,OP-103,2024-02-15 11:20:09
P-025388,S1_CNC_Machining,dimensional_error,57702.90128567565,1.0,,2024-02-10 07:42:39
P-038765,S1_CNC_Machining,dimensional_error,88277.08299261588,1.0,,2024-03-02 13:16:40
P-028454,S1_CNC_Machining,surface_finish,,3.0,,2024-02-15 05:29:40
P-029884,S3_Assembly,misalignment,,3.0,OP-301,2024-03-02 00:55:31
P-033316,S2_Welding,spatter_damage,97532.72754525962,3.0,,2024-03-08 23:32:27
P-011916,S3_Assembly,incorrect_torque,34809.74352643386,1.0,OP-103,2024-01-25 10:09:22
P-043263,S1_CNC_Machining,tool_wear_mark,98508.29560645077,2.0,,2024-03-09 15:48:04
P-033948,S3_Assembly,incorrect_torque,99371.76503612909,1.0,OP-104,2024-03-10 06:11:26
P-034164,S5_Packaging,label_error,116920.40654483547,1.0,OP-103,2024-03-22 10:40:04
P-024816,S1_CNC_Machining,surface_finish,,1.0,,2024-02-09 09:11:49
P-022534,S1_CNC_Machining,surface_finish,51163.250908279275,2.0,,2024-02-05 18:42:54
P-031004,S3_Assembly,cosmetic_scratch,90846.8503553423,1.0,OP-103,2024-03-04 08:06:58
P-014876,S2_Welding,porosity,43500.665895281876,1.0,,2024-01-31 11:00:13
P-016077,S1_CNC_Machining,surface_finish,36503.68371440358,2.0,,2024-01-26 14:23:13
P-039616,S3_Assembly,incorrect_torque,116039.82177937072,2.0,OP-201,2024-03-21 20:00:05
P-019956,S3_Assembly,missing_fastener,58487.081965320605,2.0,OP-203,2024-02-10 20:46:50
P-022203,S3_Assembly,incorrect_torque,65086.19279427642,1.0,OP-104,2024-02-15 10:45:42
P-027607,S5_Packaging,label_error,94611.27698926993,3.0,OP-302,2024-03-06 22:51:10
P-021091,S3_Assembly,misalignment,61849.99756819649,3.0,OP-301,2024-02-13 04:50:02
P-040111,S3_Assembly,cosmetic_scratch,117491.97442576336,2.0,OP-201,2024-03-22 20:12:03
P-037151,S1_CNC_Machining,surface_finish,84554.11859009763,3.0,,2024-02-28 23:14:27
P-008778,S5_Packaging,label_error,29989.48133558137,3.0,OP-302,2024-01-22 01:49:17
P-034343,S3_Assembly,misalignment,100573.51028881806,3.0,OP-302,2024-03-11 02:13:02
P-008713,S3_Assembly,incorrect_torque,25460.114076913713,3.0,OP-301,2024-01-18 22:19:40
P-006897,S3_Assembly,misalignment,20112.918160019814,3.0,OP-302,2024-01-15 05:13:04
P-023851,S5_Packaging,packaging_damage,81706.0416854497,3.0,OP-302,2024-02-26 23:46:04
P-015951,S2_Welding,spatter_damage,46670.774772846264,2.0,,2024-02-02 15:50:49
P-000300,S5_Packaging,packaging_damage,1048.239965007729,3.0,OP-302,2024-01-01 23:28:00
P-003797,S3_Assembly,missing_fastener,11067.49775542604,3.0,OP-302,2024-01-08 22:27:26
P-010469,S1_CNC_Machining,dimensional_error,23733.57290673216,,,2024-01-17 17:33:47
P-035924,S3_Assembly,cosmetic_scratch,105191.70722407864,1.0,OP-101,2024-03-14 07:11:21
P-010854,S3_Assembly,incorrect_torque,31710.64269604409,1.0,OP-102,2024-01-23 06:30:44
P-011776,S2_Welding,porosity,34388.536653236915,3.0,,2024-01-25 03:08:39
P-022027,S3_Assembly,incorrect_torque,64558.42943219402,3.0,OP-301,2024-02-15 01:58:25
P-000346,S2_Welding,spatter_damage,1062.051777243535,3.0,,2024-01-01 23:41:52
P-011239,S1_CNC_Machining,dimensional_error,25481.69511073577,3.0,,2024-01-18 22:42:00
P-029674,S2_Welding,porosity,86913.04896255536,2.0,,2024-03-01 14:33:05
P-011366,S1_CNC_Machining,tool_wear_mark,25770.121140055162,,,2024-01-19 03:30:14
P-047342,S1_CNC_Machining,surface_finish,107778.08639374771,3.0,,2024-03-16 02:17:42
P-046098,S1_CNC_Machining,tool_wear_mark,104963.31730519819,3.0,,2024-03-14 03:23:35
P-013164,S3_Assembly,incorrect_torque,38458.969499782586,3.0,OP-302,2024-01-27 22:58:46
P-036785,S2_Welding,weak_weld,107721.36993940457,3.0,,2024-03-16 01:21:03
P-018794,S1_CNC_Machining,tool_wear_mark,42654.640469394995,2.0,,2024-01-30 20:54:43
P-000365,S2_Welding,porosity,1113.3705471721296,3.0,,2024-01-02 00:33:38
P-013786,S3_Assembly,missing_fastener,40307.10119460076,3.0,OP-301,2024-01-29 05:47:29
P-044038,S1_CNC_Machining,surface_finish,100280.90693943933,2.0,,2024-03-10 21:20:24
P-001794,S1_CNC_Machining,surface_finish,4052.9645816670527,3.0,,2024-01-04 01:33:09
P-012621,S3_Assembly,cosmetic_scratch,36883.42961160574,2.0,OP-202,2024-01-26 20:43:26
P-025615,S3_Assembly,missing_fastener,75019.25388430012,1.0,OP-103,2024-02-22 08:19:27
P-040622,S2_Welding,spatter_damage,118998.84318329947,2.0,,2024-03-23 21:18:47
P-042393,S2_Welding,weak_weld,124198.0911666133,1.0,,2024-03-27 11:58:19
P-045303,S1_CNC_Machining,surface_finish,103163.10736854406,2.0,,2024-03-12 21:23:02
P-021064,S5_Packaging,label_error,72267.48154324466,1.0,OP-103,2024-02-20 10:27:39
P-045593,S1_CNC_Machining,tool_wear_mark,103816.1375134754,1.0,,2024-03-13 08:15:46
P-015321,S3_Assembly,missing_fastener,44826.18253764264,1.0,OP-104,2024-02-01 09:05:55
P-011948,S3_Assembly,misalignment,34905.00706293971,1.0,OP-103,2024-01-25 11:44:31
P-012831,S3_Assembly,incorrect_torque,37479.88203897469,1.0,OP-103,2024-01-27 06:40:20
P-017914,S3_Assembly,cosmetic_scratch,52428.65772296878,2.0,OP-202,2024-02-06 15:48:26
P-006437,S1_CNC_Machining,surface_finish,14629.77154130041,1.0,,2024-01-11 09:49:29
P-037700,S3_Assembly,misalignment,110443.90864618351,3.0,OP-302,2024-03-17 22:43:34
P-029267,S3_Assembly,cosmetic_scratch,85720.7485145157,2.0,OP-203,2024-02-29 18:40:53
P-018723,S3_Assembly,cosmetic_scratch,54801.29200254269,1.0,OP-104,2024-02-08 07:21:23
P-007893,S2_Welding,weak_weld,23000.011602469647,3.0,,2024-01-17 05:19:53
P-040478,S3_Assembly,missing_fastener,118582.16376840087,2.0,OP-201,2024-03-23 14:21:42
P-006753,S2_Welding,spatter_damage,19684.98264971111,3.0,,2024-01-14 22:05:14
P-001706,S1_CNC_Machining,tool_wear_mark,3859.317948183166,3.0,,2024-01-03 22:19:33
P-000032,S3_Assembly,cosmetic_scratch,,1.0,OP-103,2024-01-01 07:50:18
P-036841,S3_Assembly,misalignment,107885.47590127915,3.0,OP-302,2024-03-16 04:05:42
P-029870,S2_Welding,spatter_damage,87485.70441518546,3.0,,2024-03-02 00:05:41
P-025023,S1_CNC_Machining,surface_finish,56877.822873979276,,,2024-02-09 17:58:12
P-007467,S3_Assembly,incorrect_torque,21758.53721679584,1.0,OP-103,2024-01-16 08:38:38
P-021522,S5_Packaging,label_error,73798.02870792737,1.0,OP-101,2024-02-21 11:58:02
P-022852,S3_Assembly,misalignment,66930.89024453836,2.0,OP-203,2024-02-16 17:30:55
P-036731,S2_Welding,spatter_damage,107566.82664268102,3.0,,2024-03-15 22:46:45
P-014979,S2_Welding,porosity,43794.6169621018,2.0,,2024-01-31 15:54:07
P-016456,S3_Assembly,missing_fastener,48156.88484054572,2.0,OP-203,2024-02-03 16:37:16
P-017695,S3_Assembly,incorrect_torque,,3.0,OP-301,2024-02-06 05:09:02
P-009389,S3_Assembly,misalignment,27428.801204993426,1.0,OP-104,2024-01-20 07:09:10
P-036029,S5_Packaging,packaging_damage,123343.74642467282,2.0,OP-202,2024-03-26 21:43:42
P-014465,S3_Assembly,incorrect_torque,42275.934051945034,2.0,OP-201,2024-01-30 14:36:10
P-032417,S1_CNC_Machining,surface_finish,73783.68011760956,1.0,,2024-02-21 11:43:21
P-032855,S3_Assembly,cosmetic_scratch,96230.83152923652,3.0,OP-301,2024-03-08 01:50:37
P-041279,S2_Welding,weak_weld,120944.48222130387,3.0,,2024-03-25 05:44:24
P-000482,S2_Welding,weak_weld,1447.5465916357855,1.0,,2024-01-02 06:07:13
P-021412,S1_CNC_Machining,dimensional_error,48556.41960096543,3.0,,2024-02-03 23:16:09
P-022799,S1_CNC_Machining,tool_wear_mark,51762.89708850237,,,2024-02-06 04:43:14
P-021323,S3_Assembly,incorrect_torque,62519.34829736897,2.0,OP-202,2024-02-13 15:59:50
P-023556,S2_Welding,spatter_damage,69007.2479609151,3.0,,2024-02-18 04:07:24
P-033120,S1_CNC_Machining,surface_finish,75374.46482370333,2.0,,2024-02-22 14:14:10
P-046233,S1_CNC_Machining,surface_finish,105267.6875873208,1.0,,2024-03-14 08:28:08
P-047020,S1_CNC_Machining,tool_wear_mark,107041.20889663925,1.0,,2024-03-15 14:01:03
P-007261,S2_Welding,weak_weld,21152.316172217863,3.0,,2024-01-15 22:32:08
P-042274,S3_Assembly,cosmetic_scratch,123864.75148514818,1.0,OP-102,2024-03-27 06:25:01
P-029464,S3_Assembly,missing_fastener,86299.3706469527,3.0,OP-301,2024-03-01 04:19:47
P-031613,S2_Welding,spatter_damage,92625.34062524556,1.0,,2024-03-05 13:45:28
P-016634,S1_CNC_Machining,surface_finish,37757.32510863989,1.0,,2024-01-27 11:17:17
P-043459,S3_Assembly,cosmetic_scratch,127324.96293931436,2.0,OP-203,2024-03-29 16:04:47
P-010059,S1_CNC_Machining,tool_wear_mark,22828.110472884757,3.0,,2024-01-17 02:27:51
P-043320,S1_CNC_Machining,tool_wear_mark,98634.82262463104,2.0,,2024-03-09 17:55:17
P-019458,S1_CNC_Machining,tool_wear_mark,44148.708793099664,2.0,,2024-01-31 21:48:33
P-014954,S3_Assembly,missing_fastener,43736.761412086686,2.0,OP-203,2024-01-31 14:56:42
P-006673,S2_Welding,weak_weld,19450.479384380582,2.0,,2024-01-14 18:10:33
P-024059,S3_Assembly,missing_fastener,70507.35126371973,3.0,OP-302,2024-02-19 05:07:19
P-029067,S5_Packaging,label_error,,1.0,OP-102,2024-03-10 10:13:05
P-027205,S1_CNC_Machining,tool_wear_mark,61880.259367314226,3.0,,2024-02-13 05:20:23
P-022282,S1_CNC_Machining,tool_wear_mark,50594.412924432814,1.0,,2024-02-05 09:14:50
P-009794,S3_Assembly,misalignment,28608.396245818432,3.0,OP-302,2024-01-21 02:48:29
P-031340,S5_Packaging,packaging_damage,107334.3277720338,2.0,OP-203,2024-03-15 18:54:19
P-038857,S3_Assembly,cosmetic_scratch,113826.75454123793,1.0,OP-104,2024-03-20 07:06:39
P-015873,S1_CNC_Machining,dimensional_error,36038.370522628684,1.0,,2024-01-26 06:37:54
P-031477,S3_Assembly,misalignment,92220.2123658841,1.0,OP-101,2024-03-05 07:00:06
P-013587,S3_Assembly,misalignment,39680.4688925859,2.0,OP-201,2024-01-28 19:20:03
P-009080,S1_CNC_Machining,dimensional_error,20629.43905017599,1.0,,2024-01-15 13:49:37
P-033201,S2_Welding,spatter_damage,97195.62399364261,2.0,,2024-03-08 17:55:47
P-043063,S1_CNC_Machining,dimensional_error,98055.01906195791,1.0,,2024-03-09 08:15:06
P-019399,S2_Welding,weak_weld,56835.56342530568,2.0,,2024-02-09 17:15:57
P-048658,S1_CNC_Machining,surface_finish,110859.51822090431,3.0,,2024-03-18 05:39:22
P-044126,S3_Assembly,incorrect_torque,129254.06334147422,3.0,OP-301,2024-03-31 00:14:02
P-026691,S1_CNC_Machining,tool_wear_mark,60723.92859661798,1.0,,2024-02-12 10:03:56
P-029808,S2_Welding,porosity,87306.11865442393,2.0,,2024-03-01 21:05:46
P-008648,S3_Assembly,misalignment,25265.927989978063,2.0,OP-202,2024-01-18 19:05:49
P-031761,S3_Assembly,misalignment,93038.83744944184,2.0,OP-201,2024-03-05 20:39:13
P-033406,S3_Assembly,incorrect_torque,97797.66251696253,3.0,OP-302,2024-03-09 03:57:53
P-003300,S3_Assembly,misalignment,9588.382031760952,2.0,OP-202,2024-01-07 21:48:21
P-024278,S3_Assembly,misalignment,71137.34970101397,2.0,OP-202,2024-02-19 15:37:09
P-055670,S1_CNC_Machining,surface_finish,126754.46347697669,1.0,,2024-03-29 06:34:29
P-027626,S3_Assembly,missing_fastener,80884.74897706807,1.0,OP-103,2024-02-26 10:05:06
P-006085,S2_Welding,weak_weld,17731.33311694482,1.0,,2024-01-13 13:30:51
P-003628,S3_Assembly,cosmetic_scratch,10537.07750465581,1.0,OP-103,2024-01-08 13:36:56
P-002530,S2_Welding,porosity,7334.838169613241,1.0,,2024-01-06 08:14:24
P-043412,S2_Welding,weak_weld,127191.11428976557,1.0,,2024-03-29 13:51:17
P-001207,S3_Assembly,misalignment,3514.7983183994397,2.0,OP-203,2024-01-03 16:34:32
P-047288,S1_CNC_Machining,surface_finish,107647.1756283971,3.0,,2024-03-16 00:07:23
P-018757,S3_Assembly,misalignment,54896.63817366641,1.0,OP-102,2024-02-08 08:56:43
P-048371,S1_CNC_Machining,tool_wear_mark,110192.41897756372,2.0,,2024-03-17 18:32:09
P-010566,S3_Assembly,incorrect_torque,30870.776360368014,2.0,OP-201,2024-01-22 16:30:33
P-018890,S3_Assembly,cosmetic_scratch,55288.829113011314,2.0,OP-202,2024-02-08 15:28:52
P-031165,S1_CNC_Machining,surface_finish,70903.20997681469,1.0,,2024-02-19 11:42:44
P-039072,S3_Assembly,cosmetic_scratch,114456.43821848929,2.0,OP-203,2024-03-20 17:36:38
P-003685,S1_CNC_Machining,tool_wear_mark,8366.711645615722,3.0,,2024-01-07 01:26:54
P-052758,S1_CNC_Machining,dimensional_error,120206.39892374395,2.0,,2024-03-24 17:26:21
P-046300,S1_CNC_Machining,tool_wear_mark,105414.68336803757,1.0,,2024-03-14 10:54:55
P-035273,S1_CNC_Machining,tool_wear_mark,80252.96688640997,3.0,,2024-02-25 23:32:29
P-002278,S2_Welding,spatter_damage,6590.491309286487,2.0,,2024-01-05 19:50:00
P-022444,S3_Assembly,cosmetic_scratch,65789.6196649734,3.0,OP-302,2024-02-15 22:29:22
P-011596,S3_Assembly,cosmetic_scratch,33880.72865173372,2.0,OP-203,2024-01-24 18:40:22
P-021150,S1_CNC_Machining,dimensional_error,47967.96590411731,1.0,,2024-02-03 13:27:46
P-002338,S3_Assembly,incorrect_torque,6764.828476890648,3.0,OP-302,2024-01-05 22:44:37
P-005990,S3_Assembly,cosmetic_scratch,17473.44715437207,1.0,OP-103,2024-01-13 09:13:13
P-008333,S1_CNC_Machining,surface_finish,18888.001442001587,1.0,,2024-01-14 08:48:21
P-002641,S1_CNC_Machining,surface_finish,5954.169177738746,1.0,,2024-01-05 09:14:29
P-002679,S3_Assembly,cosmetic_scratch,7787.239798118146,2.0,OP-201,2024-01-06 15:47:25
P-004019,S3_Assembly,cosmetic_scratch,11712.991608784578,1.0,OP-104,2024-01-09 09:13:08
P-018750,S3_Assembly,misalignment,54879.8669050808,1.0,OP-103,2024-02-08 08:40:20
P-008586,S2_Welding,weak_weld,25069.571096663007,2.0,,2024-01-18 15:49:38
P-043444,S1_CNC_Machining,dimensional_error,98913.24999501139,3.0,,2024-03-09 22:33:15
P-006105,S5_Packaging,label_error,20767.889392068315,2.0,OP-202,2024-01-15 16:07:34
P-037138,S2_Welding,porosity,108779.00861977678,2.0,,2024-03-16 18:58:47
P-015092,S5_Packaging,packaging_damage,51794.161739662835,3.0,OP-302,2024-02-06 05:14:03
P-041138,S2_Welding,weak_weld,120525.8779672914,3.0,,2024-03-24 22:45:35
P-012027,S3_Assembly,missing_fastener,35135.8454498955,2.0,OP-202,2024-01-25 15:35:58
P-045674,S1_CNC_Machining,tool_wear_mark,104002.1038654503,1.0,,2024-03-13 11:21:49
P-021579,S1_CNC_Machining,surface_finish,48929.99619001474,3.0,,2024-02-04 05:30:02
P-006542,S3_Assembly,missing_fastener,19061.691875728986,1.0,OP-102,2024-01-14 11:41:20
P-002723,S1_CNC_Machining,dimensional_error,6144.6869756371,1.0,,2024-01-05 12:24:53
P-022760,S3_Assembly,incorrect_torque,66683.48295716695,1.0,OP-102,2024-02-16 13:23:44
P-004707,S3_Assembly,cosmetic_scratch,13695.539039464438,2.0,OP-202,2024-01-10 18:15:14
P-025825,S5_Packaging,label_error,88433.06669248492,2.0,OP-203,2024-03-02 15:53:31
P-006395,S2_Welding,weak_weld,18641.48152444714,3.0,,2024-01-14 04:41:35
P-002629,S3_Assembly,misalignment,7643.784215166361,1.0,OP-102,2024-01-06 13:24:13
P-027117,S3_Assembly,misalignment,79397.79993886295,1.0,OP-103,2024-02-25 09:17:39
P-013198,S1_CNC_Machining,tool_wear_mark,29888.193275890942,3.0,,2024-01-22 00:07:57
P-013440,S3_Assembly,missing_fastener,39256.817599708455,1.0,OP-104,2024-01-28 12:16:50
P-043812,S2_Welding,spatter_damage,128344.16662329299,1.0,,2024-03-30 09:04:28
P-000207,S1_CNC_Machining,tool_wear_mark,468.21588160207796,1.0,,2024-01-01 13:47:45
P-030033,S2_Welding,weak_weld,87949.23545816231,1.0,,2024-03-02 07:49:01
P-032809,S1_CNC_Machining,dimensional_error,74681.29466773923,3.0,,2024-02-22 02:41:03
P-032226,S3_Assembly,misalignment,94406.06009963813,2.0,OP-202,2024-03-06 19:26:29
P-008245,S3_Assembly,cosmetic_scratch,24061.649900505927,3.0,OP-302,2024-01-17 23:01:50
P-036069,S1_CNC_Machining,tool_wear_mark,82057.6457356063,3.0,,2024-02-27 05:37:32
P-048266,S1_CNC_Machining,surface_finish,109956.86420963898,2.0,,2024-03-17 14:36:35
P-023488,S3_Assembly,cosmetic_scratch,,3.0,OP-301,2024-02-18 00:54:57
P-000472,S1_CNC_Machining,surface_finish,1066.9166595897605,3.0,,2024-01-01 23:46:34
P-003073,S2_Welding,spatter_damage,8935.670348420936,1.0,,2024-01-07 10:55:25
P-046371,S1_CNC_Machining,dimensional_error,105580.0436101418,1.0,,2024-03-14 13:40:15
P-001501,S3_Assembly,cosmetic_scratch,4356.037689032527,1.0,OP-102,2024-01-04 06:36:20
P-036120,S1_CNC_Machining,tool_wear_mark,82172.19813001668,1.0,,2024-02-27 07:32:18
P-027510,S2_Welding,weak_weld,80540.73299416812,3.0,,2024-02-26 04:21:10
P-013901,S1_CNC_Machining,surface_finish,31570.01334058789,3.0,,2024-01-23 04:09:57
P-033728,S1_CNC_Machining,tool_wear_mark,76804.91583665762,2.0,,2024-02-23 14:05:05
P-028598,S5_Packaging,packaging_damage,98012.8808473582,1.0,OP-104,2024-03-09 07:33:12
P-010126,S3_Assembly,incorrect_torque,29589.673185286174,2.0,OP-201,2024-01-21 19:09:23
P-020721,S2_Welding,weak_weld,60741.45113196845,1.0,,2024-02-12 10:21:16
P-024605,S2_Welding,porosity,72071.85750193252,1.0,,2024-02-20 07:11:54
P-042233,S1_CNC_Machining,surface_finish,96109.35660728205,3.0,,2024-03-07 23:48:58
P-029929,S3_Assembly,misalignment,87661.53049161151,3.0,OP-301,2024-03-02 03:01:15
P-010701,S3_Assembly,incorrect_torque,31270.215359334732,3.0,OP-302,2024-01-22 23:09:49
P-038344,S2_Welding,weak_weld,112316.1683373658,3.0,,2024-03-19 05:56:08
P-005248,S2_Welding,spatter_damage,15298.744988870621,2.0,,2024-01-11 20:59:07
P-013627,S3_Assembly,incorrect_torque,39797.20743692551,2.0,OP-201,2024-01-28 21:17:12
P-003338,S3_Assembly,misalignment,9706.735256276908,3.0,OP-301,2024-01-07 23:47:02
P-028150,S3_Assembly,cosmetic_scratch,82442.97444198566,1.0,OP-101,2024-02-27 12:02:51
P-010764,S1_CNC_Machining,dimensional_error,24395.653708373356,3.0,,2024-01-18 04:36:01
P-022383,S3_Assembly,incorrect_torque,65617.62714109875,2.0,OP-203,2024-02-15 19:37:40
P-045657,S1_CNC_Machining,surface_finish,103961.82831687269,1.0,,2024-03-13 10:42:04
P-040280,S3_Assembly,missing_fastener,117991.25899141819,3.0,OP-301,2024-03-23 04:31:36
P-024367,S3_Assembly,missing_fastener,71394.84372982763,2.0,OP-202,2024-02-19 19:54:25
P-035340,S3_Assembly,missing_fastener,103494.57478488902,3.0,OP-301,2024-03-13 02:54:09
P-006297,S3_Assembly,misalignment,18364.44105758499,3.0,OP-301,2024-01-14 00:04:15
P-007263,S3_Assembly,missing_fastener,21162.48437336841,3.0,OP-301,2024-01-15 22:42:46
P-014254,S3_Assembly,missing_fastener,41657.35617273529,3.0,OP-301,2024-01-30 04:17:44
P-042362,S3_Assembly,misalignment,124116.92175224904,1.0,OP-104,2024-03-27 10:36:58
P-026961,S3_Assembly,cosmetic_scratch,,3.0,OP-301,2024-02-25 01:55:06
P-001447,S1_CNC_Machining,tool_wear_mark,3261.2985863724475,1.0,,2024-01-03 12:21:14
P-005420,S2_Welding,spatter_damage,15781.227333104223,3.0,,2024-01-12 05:01:00
P-002810,S3_Assembly,misalignment,8166.575614342625,3.0,OP-302,2024-01-06 22:06:48
P-003266,S2_Welding,weak_weld,9485.567876304109,2.0,,2024-01-07 20:05:17
P-039169,S3_Assembly,cosmetic_scratch,114743.74064854135,3.0,OP-302,2024-03-20 22:23:23
P-037192,S5_Packaging,label_error,127308.5887621566,2.0,OP-201,2024-03-29 15:48:51
P-043604,S1_CNC_Machining,surface_finish,99268.38217650884,3.0,,2024-03-10 04:28:40
P-021682,S1_CNC_Machining,tool_wear_mark,49246.24847807837,1.0,,2024-02-04 10:46:38
P-004264,S1_CNC_Machining,tool_wear_mark,9669.010262055175,3.0,,2024-01-07 23:09:29
P-007951,S1_CNC_Machining,surface_finish,18029.96239170553,2.0,,2024-01-13 18:29:42
P-009367,S3_Assembly,missing_fastener,27366.39589248727,3.0,OP-302,2024-01-20 06:06:05
P-030045,S5_Packaging,label_error,102953.81344901651,2.0,OP-201,2024-03-12 17:54:04
P-031074,S3_Assembly,missing_fastener,91057.80628225229,1.0,OP-102,2024-03-04 11:37:50
P-000553,S1_CNC_Machining,tool_wear_mark,1250.7305129131298,3.0,,2024-01-02 02:50:37
P-014598,S3_Assembly,misalignment,42656.268867084254,2.0,OP-202,2024-01-30 20:55:55
P-042757,S3_Assembly,incorrect_torque,125269.37248079888,3.0,OP-302,2024-03-28 05:49:09
P-055610,S1_CNC_Machining,tool_wear_mark,126621.15364108798,3.0,,2024-03-29 04:21:17
P-010001,S2_Welding,porosity,29200.697638759364,1.0,,2024-01-21 12:40:22
P-029956,S1_CNC_Machining,surface_finish,68186.51644936253,2.0,,2024-02-17 14:26:55
P-014348,S1_CNC_Machining,dimensional_error,32587.848513013894,2.0,,2024-01-23 21:08:16
P-035807,S3_Assembly,cosmetic_scratch,104847.24715014629,3.0,OP-301,2024-03-14 01:27:38
P-027951,S3_Assembly,incorrect_torque,81850.77357627916,3.0,OP-302,2024-02-27 02:11:01
P-028821,S1_CNC_Machining,tool_wear_mark,65651.01111966606,2.0,,2024-02-15 20:10:43
P-014049,S3_Assembly,cosmetic_scratch,41060.223591357746,2.0,OP-202,2024-01-29 18:20:29
P-016254,S3_Assembly,incorrect_torque,,1.0,OP-102,2024-02-03 06:43:36
P-043160,S3_Assembly,missing_fastener,126469.64240572574,3.0,OP-302,2024-03-29 01:49:14
P-030777,S5_Packaging,label_error,105440.164156539,1.0,OP-104,2024-03-14 11:20:07
P-016656,S3_Assembly,incorrect_torque,48728.32681866529,3.0,OP-301,2024-02-04 02:08:10
P-002851,S3_Assembly,cosmetic_scratch,8289.005755600103,3.0,OP-302,2024-01-07 00:09:02
P-001520,S5_Packaging,label_error,5185.171752341127,2.0,OP-202,2024-01-04 20:25:03
P-012459,S3_Assembly,incorrect_torque,36375.80513295268,1.0,OP-103,2024-01-26 12:15:43
P-000171,S1_CNC_Machining,surface_finish,384.6983817333896,1.0,,2024-01-01 12:24:38
P-012142,S5_Packaging,label_error,41652.93290259814,3.0,OP-302,2024-01-30 04:13:21
P-044715,S1_CNC_Machining,tool_wear_mark,101805.16463578188,3.0,,2024-03-11 22:45:09
P-033532,S2_Welding,weak_weld,98162.45424822073,1.0,,2024-03-09 10:02:06
P-027747,S3_Assembly,incorrect_torque,81243.92532611941,2.0,OP-202,2024-02-26 16:04:05
P-033889,S1_CNC_Machining,tool_wear_mark,77169.95472096263,2.0,,2024-02-23 20:09:52
P-028917,S3_Assembly,cosmetic_scratch,84711.24638800243,3.0,OP-301,2024-02-29 01:51:10
P-036116,S2_Welding,spatter_damage,105751.05479623986,2.0,,2024-03-14 16:31:24
P-021473,S2_Welding,spatter_damage,62940.23823111916,3.0,,2024-02-13 23:00:44
P-030459,S1_CNC_Machining,surface_finish,69304.56096536854,1.0,,2024-02-18 09:04:13
P-026873,S3_Assembly,incorrect_torque,78701.33565340839,2.0,OP-201,2024-02-24 21:41:21
P-000834,S2_Welding,porosity,2442.922175316444,3.0,,2024-01-02 22:43:22
P-042576,S1_CNC_Machining,tool_wear_mark,96882.7024336238,1.0,,2024-03-08 12:43:11
P-013519,S3_Assembly,incorrect_torque,39484.30468272958,2.0,OP-203,2024-01-28 16:04:35
P-001408,S3_Assembly,cosmetic_scratch,4090.3959406861877,3.0,OP-301,2024-01-04 02:10:16
P-001134,S1_CNC_Machining,surface_finish,2565.932145662984,3.0,,2024-01-03 00:46:11
P-032090,S5_Packaging,packaging_damage,109884.39426656904,1.0,OP-101,2024-03-17 13:23:58
P-033348,S3_Assembly,incorrect_torque,97624.87160267406,3.0,OP-302,2024-03-09 01:04:50
P-009680,S3_Assembly,misalignment,28278.340000851047,2.0,OP-203,2024-01-20 21:18:02
P-049309,S1_CNC_Machining,tool_wear_mark,112339.3115031156,1.0,,2024-03-19 06:19:18
P-046228,S1_CNC_Machining,surface_finish,105255.9210191048,1.0,,2024-03-14 08:15:33
P-043821,S1_CNC_Machining,surface_finish,99762.61082889965,1.0,,2024-03-10 12:43:06
P-046885,S1_CNC_Machining,dimensional_error,106738.64961469031,1.0,,2024-03-15 08:58:13
P-035853,S3_Assembly,missing_fastener,104977.19939690942,3.0,OP-301,2024-03-14 03:37:19
P-000693,S1_CNC_Machining,tool_wear_mark,1569.468364839761,1.0,,2024-01-02 08:09:08
P-011313,S3_Assembly,misalignment,33059.33166428874,3.0,OP-302,2024-01-24 04:58:52
P-035482,S5_Packaging,packaging_damage,121467.2037573801,2.0,OP-202,2024-03-25 14:26:58
P-009370,S3_Assembly,missing_fastener,27379.927497405297,1.0,OP-101,2024-01-20 06:19:53
P-037352,S3_Assembly,misalignment,109405.38543227408,3.0,OP-301,2024-03-17 05:25:06
P-025401,S3_Assembly,missing_fastener,74398.05620073354,2.0,OP-203,2024-02-21 21:57:55
P-016692,S5_Packaging,label_error,57207.53866281184,3.0,OP-302,2024-02-09 23:27:07
P-014278,S3_Assembly,cosmetic_scratch,41729.2476668706,3.0,OP-301,2024-01-30 05:28:56
P-027995,S5_Packaging,packaging_damage,95954.67169320316,2.0,OP-201,2024-03-07 21:14:39
P-001266,S3_Assembly,misalignment,,2.0,OP-203,2024-01-03 19:27:29
P-026936,S1_CNC_Machining,surface_finish,61270.90540953311,2.0,,2024-02-12 19:11:17
P-005269,S1_CNC_Machining,surface_finish,11948.580862936715,,,2024-01-09 13:08:21
P-048647,S1_CNC_Machining,tool_wear_mark,110834.93075867246,3.0,,2024-03-18 05:14:33
P-038474,S2_Welding,weak_weld,112698.95207546507,1.0,,2024-03-19 12:19:12
P-033415,S2_Welding,spatter_damage,97818.88190006689,3.0,,2024-03-09 04:18:45
P-036471,S3_Assembly,incorrect_torque,106813.31436636116,1.0,OP-104,2024-03-15 10:13:10
P-033258,S2_Welding,spatter_damage,97362.0405422542,2.0,,2024-03-08 20:41:35
P-030773,S3_Assembly,missing_fastener,90173.60628025011,2.0,OP-201,2024-03-03 20:53:20
P-021054,S1_CNC_Machining,tool_wear_mark,47751.40427226475,1.0,,2024-02-03 09:51:10
P-032948,S3_Assembly,misalignment,96486.74329999805,3.0,OP-301,2024-03-08 06:07:09
P-042818,S2_Welding,spatter_damage,125480.84110473447,1.0,,2024-03-28 09:20:41
P-006488,S3_Assembly,misalignment,18915.45993221834,1.0,OP-104,2024-01-14 09:15:42
P-021290,S1_CNC_Machining,dimensional_error,,2.0,,2024-02-03 18:39:56
P-037067,S2_Welding,weak_weld,108566.79811360815,2.0,,2024-03-16 15:26:19
P-040389,S1_CNC_Machining,surface_finish,,3.0,,2024-03-05 02:08:21
P-036655,S3_Assembly,misalignment,107351.7352673158,2.0,OP-201,2024-03-15 19:11:34
P-004302,S1_CNC_Machining,tool_wear_mark,9756.942059270692,3.0,,2024-01-08 00:36:44
P-006533,S3_Assembly,cosmetic_scratch,19046.970116396133,1.0,OP-103,2024-01-14 11:26:54
P-024909,S2_Welding,porosity,72945.56169001007,2.0,,2024-02-20 21:45:19
P-024614,S3_Assembly,missing_fastener,72105.96698915312,1.0,OP-103,2024-02-20 07:46:12
P-050591,S1_CNC_Machining,surface_finish,115328.3869005397,1.0,,2024-03-21 08:07:53
P-001055,S1_CNC_Machining,surface_finish,2385.604688306285,,,2024-01-02 21:45:39
P-010549,S5_Packaging,packaging_damage,36134.880300299796,1.0,OP-101,2024-01-26 08:15:07
P-051084,S1_CNC_Machining,dimensional_error,116457.10889181221,3.0,,2024-03-22 02:56:48
P-033022,S1_CNC_Machining,tool_wear_mark,75153.3819545847,1.0,,2024-02-22 10:32:59
P-026226,S3_Assembly,cosmetic_scratch,76825.14401953979,2.0,OP-201,2024-02-23 14:25:38
P-001967,S1_CNC_Machining,tool_wear_mark,4441.803663790884,1.0,,2024-01-04 08:01:26
P-030109,S5_Packaging,packaging_damage,103161.93461133761,2.0,OP-202,2024-03-12 21:22:24
P-032199,S1_CNC_Machining,surface_finish,73294.96663790914,3.0,,2024-02-21 03:34:47
P-033436,S3_Assembly,cosmetic_scratch,97886.18760520608,3.0,OP-302,2024-03-09 05:25:59
P-016189,S5_Packaging,label_error,55496.1758534985,2.0,OP-203,2024-02-08 18:56:20
P-037598,S2_Welding,weak_weld,110110.17706722165,2.0,,2024-03-17 17:10:02
P-001052,S5_Packaging,packaging_damage,3580.0254527991647,2.0,OP-203,2024-01-03 17:39:32
P-000375,S1_CNC_Machining,dimensional_error,846.9092693489863,2.0,,2024-01-01 20:06:55
P-047204,S1_CNC_Machining,dimensional_error,107461.53495654301,2.0,,2024-03-15 21:01:14
P-035281,S3_Assembly,missing_fastener,103284.59683196405,3.0,OP-301,2024-03-12 23:24:07
P-036696,S3_Assembly,incorrect_torque,107469.77013278884,2.0,OP-201,2024-03-15 21:09:59
P-007657,S1_CNC_Machining,dimensional_error,17334.158484060645,1.0,,2024-01-13 06:53:56
P-022531,S5_Packaging,packaging_damage,77241.6190034194,2.0,OP-203,2024-02-23 21:21:50
P-012893,S2_Welding,spatter_damage,37651.80232077637,1.0,,2024-01-27 09:32:10
P-021974,S1_CNC_Machining,tool_wear_mark,49900.52841960404,2.0,,2024-02-04 21:40:42
P-042234,S3_Assembly,misalignment,123759.19275433688,3.0,OP-301,2024-03-27 04:39:15
P-036734,S3_Assembly,missing_fastener,107583.93732604643,3.0,OP-301,2024-03-15 23:03:40
P-015007,S3_Assembly,cosmetic_scratch,43883.35030389281,2.0,OP-201,2024-01-31 17:22:58
P-033743,S2_Welding,weak_weld,98758.64612896257,2.0,,2024-03-09 19:58:20
P-040206,S3_Assembly,missing_fastener,117779.60177408958,3.0,OP-302,2024-03-23 00:59:23
P-006056,S2_Welding,weak_weld,17648.257947908536,1.0,,2024-01-13 12:08:30
P-045145,S1_CNC_Machining,tool_wear_mark,102775.52125740754,2.0,,2024-03-12 14:55:37
P-028017,S3_Assembly,cosmetic_scratch,82046.57599027792,3.0,OP-301,2024-02-27 05:26:59
P-035211,S1_CNC_Machining,surface_finish,,2.0,,2024-02-25 21:14:33
P-038919,S3_Assembly,missing_fastener,114008.67237995517,1.0,OP-103,2024-03-20 10:08:39
P-015917,S3_Assembly,cosmetic_scratch,46570.75955985755,2.0,OP-201,2024-02-02 14:10:50
P-027243,S3_Assembly,misalignment,79758.92199674451,2.0,OP-203,2024-02-25 15:18:57
P-004894,S1_CNC_Machining,tool_wear_mark,11093.463663217854,3.0,,2024-01-08 22:53:14
P-026403,S2_Welding,porosity,77322.3293453357,3.0,,2024-02-23 22:42:45
P-024260,S1_CNC_Machining,tool_wear_mark,55041.753301012104,1.0,,2024-02-08 11:21:21
P-048080,S1_CNC_Machining,dimensional_error,109501.65883133616,1.0,,2024-03-17 07:01:28
P-021406,S3_Assembly,incorrect_torque,62755.03204042924,2.0,OP-202,2024-02-13 19:55:06
P-005214,S2_Welding,weak_weld,15196.351795798246,2.0,,2024-01-11 19:16:40
P-001377,S3_Assembly,incorrect_torque,4004.649316976382,3.0,OP-301,2024-01-04 00:44:56
P-008153,S1_CNC_Machining,dimensional_error,18487.93026516552,3.0,,2024-01-14 02:08:25
P-037922,S2_Welding,spatter_damage,111073.6576276316,1.0,,2024-03-18 09:13:14
P-039998,S1_CNC_Machining,surface_finish,91050.9440578738,1.0,,2024-03-04 11:30:38
P-019140,S3_Assembly,missing_fastener,56037.205428908,3.0,OP-302,2024-02-09 03:57:15
P-052059,S1_CNC_Machining,dimensional_error,118626.68826902859,2.0,,2024-03-23 15:06:35
P-015194,S3_Assembly,cosmetic_scratch,44453.8463466971,3.0,OP-302,2024-02-01 02:53:39
P-006490,S1_CNC_Machining,tool_wear_mark,14751.250902081094,1.0,,2024-01-11 11:51:12
P-013011,S3_Assembly,cosmetic_scratch,38009.03122282759,2.0,OP-201,2024-01-27 15:28:59
P-036257,S1_CNC_Machining,dimensional_error,82468.25553748953,1.0,,2024-02-27 12:28:34
P-025599,S5_Packaging,packaging_damage,87680.77456522034,3.0,OP-301,2024-03-02 03:20:47
P-015875,S2_Welding,spatter_damage,46443.894931336545,1.0,,2024-02-02 12:03:58
P-028611,S3_Assembly,cosmetic_scratch,83804.31665256347,1.0,OP-103,2024-02-28 10:44:48
P-039207,S2_Welding,spatter_damage,114853.79352745278,3.0,,2024-03-21 00:14:13
P-027472,S3_Assembly,misalignment,80444.83035671945,3.0,OP-301,2024-02-26 02:44:54
P-000367,S3_Assembly,incorrect_torque,1130.0867292825044,3.0,OP-301,2024-01-02 00:50:19
P-012833,S2_Welding,porosity,37479.92811726181,1.0,,2024-01-27 06:39:30
P-019265,S3_Assembly,missing_fastener,56411.38576270782,1.0,OP-102,2024-02-09 10:10:55
P-020119,S2_Welding,spatter_damage,58938.54063198972,3.0,,2024-02-11 04:18:19
P-029876,S2_Welding,weak_weld,87504.33561536741,3.0,,2024-03-02 00:24:01
P-026629,S3_Assembly,misalignment,77988.7755610349,1.0,OP-102,2024-02-24 09:48:58
P-000600,S2_Welding,porosity,1773.1921736228019,1.0,,2024-01-02 11:33:37
P-044319,S1_CNC_Machining,surface_finish,100905.48475818479,1.0,,2024-03-11 07:45:37
P-024540,S2_Welding,porosity,71893.71438608042,3.0,,2024-02-20 04:13:40
P-037929,S1_CNC_Machining,dimensional_error,86318.38419070229,3.0,,2024-03-01 04:38:44
P-019160,S3_Assembly,misalignment,56093.89345887751,3.0,OP-302,2024-02-09 04:54:07
P-004754,S1_CNC_Machining,dimensional_error,10775.621882656369,2.0,,2024-01-08 17:35:26
P-035748,S3_Assembly,missing_fastener,104679.780324902,3.0,OP-302,2024-03-13 22:39:55
P-016134,S5_Packaging,packaging_damage,55312.939971811524,2.0,OP-202,2024-02-08 15:52:30
P-023470,S2_Welding,weak_weld,68767.69209628523,3.0,,2024-02-18 00:07:22
P-030703,S3_Assembly,missing_fastener,,2.0,OP-201,2024-03-03 16:53:14
P-012067,S3_Assembly,misalignment,35259.155499134045,2.0,OP-203,2024-01-25 17:38:59
P-021267,S1_CNC_Machining,surface_finish,48227.145940570765,2.0,,2024-02-03 17:47:15
P-036702,S5_Packaging,label_error,125684.4346162235,1.0,OP-101,2024-03-28 12:44:27
P-031922,S3_Assembly,missing_fastener,93511.65332821905,3.0,OP-302,2024-03-06 04:31:19
P-015545,S1_CNC_Machining,dimensional_error,35299.21548015999,2.0,,2024-01-25 18:18:48
P-001976,S2_Welding,porosity,5719.782607317275,3.0,,2024-01-05 05:19:54
P-020447,S5_Packaging,label_error,70138.02244854908,3.0,OP-302,2024-02-18 22:58:30
P-005634,S1_CNC_Machining,dimensional_error,12772.232917027848,3.0,,2024-01-10 02:52:27
P-030501,S1_CNC_Machining,tool_wear_mark,69395.5472508826,1.0,,2024-02-18 10:35:14
P-039266,S1_CNC_Machining,dimensional_error,89401.04253178138,1.0,,2024-03-03 08:01:07
P-029565,S3_Assembly,missing_fastener,86598.17811302684,1.0,OP-102,2024-03-01 09:17:41
P-025499,S3_Assembly,missing_fastener,74676.49880724277,3.0,OP-302,2024-02-22 02:36:57
P-008204,S1_CNC_Machining,tool_wear_mark,18604.39110493601,3.0,,2024-01-14 04:04:21
P-042015,S3_Assembly,missing_fastener,123108.95096708242,2.0,OP-203,2024-03-26 17:48:38
P-019379,S3_Assembly,missing_fastener,56790.284890684394,2.0,OP-203,2024-02-09 16:30:47
P-024661,S3_Assembly,missing_fastener,72236.45854928094,1.0,OP-103,2024-02-20 09:56:34
P-029969,S3_Assembly,cosmetic_scratch,87775.66463793255,3.0,OP-302,2024-03-02 04:56:00
P-025450,S3_Assembly,misalignment,74540.5495874904,3.0,OP-302,2024-02-22 00:20:04
P-005098,S3_Assembly,incorrect_torque,14859.880637807175,1.0,OP-101,2024-01-11 13:40:07
P-012078,S2_Welding,spatter_damage,35275.008339538304,2.0,,2024-01-25 17:54:55
P-016595,S1_CNC_Machining,tool_wear_mark,37666.40717545945,1.0,,2024-01-27 09:46:25
P-053936,S1_CNC_Machining,tool_wear_mark,122860.47758985615,1.0,,2024-03-26 13:40:17
P-040388,S2_Welding,weak_weld,118298.39655064778,1.0,,2024-03-23 09:37:57
P-047952,S1_CNC_Machining,tool_wear_mark,109204.58154004905,3.0,,2024-03-17 02:04:08
P-022554,S1_CNC_Machining,tool_wear_mark,51206.96172640736,2.0,,2024-02-05 19:27:15
P-035468,S1_CNC_Machining,surface_finish,80691.33131703072,1.0,,2024-02-26 06:51:38
P-056408,S1_CNC_Machining,dimensional_error,128412.82885099904,1.0,,2024-03-30 10:12:30
P-026200,S5_Packaging,packaging_damage,89738.58048472817,1.0,OP-101,2024-03-03 13:38:18
P-008047,S2_Welding,weak_weld,23459.019289413183,,,2024-01-17 12:59:04
P-041227,S3_Assembly,cosmetic_scratch,120785.35983949275,3.0,OP-302,2024-03-25 03:05:41
P-015232,S1_CNC_Machining,surface_finish,34597.167583598406,1.0,,2024-01-25 06:36:51
P-008346,S2_Welding,weak_weld,24350.90467836162,3.0,,2024-01-18 03:50:57
P-043679,S3_Assembly,misalignment,127963.28172991225,3.0,OP-302,2024-03-30 02:43:05
P-021333,S2_Welding,weak_weld,62542.94076862153,2.0,,2024-02-13 16:23:15
P-012414,S5_Packaging,packaging_damage,42557.08858516697,2.0,OP-202,2024-01-30 19:17:20
P-040418,S2_Welding,porosity,118384.64145846781,1.0,,2024-03-23 11:04:46
P-029605,S3_Assembly,cosmetic_scratch,86712.7509722868,1.0,OP-102,2024-03-01 11:12:42
P-039675,S3_Assembly,cosmetic_scratch,116206.5135096527,3.0,OP-301,2024-03-21 22:46:52
P-006141,S3_Assembly,missing_fastener,17897.70171501576,2.0,OP-201,2024-01-13 16:18:04
P-041876,S3_Assembly,cosmetic_scratch,,1.0,OP-101,2024-03-26 11:05:07
P-028438,S2_Welding,porosity,83274.3167649494,3.0,,2024-02-28 01:54:03
P-005531,S5_Packaging,label_error,,1.0,OP-101,2024-01-14 07:51:32
P-043107,S1_CNC_Machining,surface_finish,98154.08787359716,1.0,,2024-03-09 09:53:49
P-023179,S1_CNC_Machining,dimensional_error,52616.967492997646,2.0,,2024-02-06 18:57:16
P-039905,S3_Assembly,incorrect_torque,116869.46607101338,1.0,OP-103,2024-03-22 09:49:54
P-026335,S2_Welding,porosity,77120.95916419892,2.0,,2024-02-23 19:20:39
P-035208,S3_Assembly,cosmetic_scratch,103077.58910566657,2.0,OP-203,2024-03-12 19:57:43
P-005586,S1_CNC_Machining,surface_finish,12659.455902351034,3.0,,2024-01-10 00:59:51
P-000643,S3_Assembly,missing_fastener,1904.044862901698,1.0,OP-101,2024-01-02 13:44:29
P-020150,S1_CNC_Machining,tool_wear_mark,45726.371333216404,3.0,,2024-02-02 00:06:39
P-015607,S1_CNC_Machining,tool_wear_mark,35437.030049470384,2.0,,2024-01-25 20:37:10
P-040541,S3_Assembly,misalignment,118769.70569143466,2.0,OP-201,2024-03-23 17:30:12
P-010471,S1_CNC_Machining,surface_finish,23739.810305931333,2.0,,2024-01-17 17:39:44
P-041292,S1_CNC_Machining,tool_wear_mark,93977.20079564361,1.0,,2024-03-06 12:17:01
P-034217,S2_Welding,porosity,100206.7020877927,2.0,,2024-03-10 20:06:50
P-042834,S2_Welding,porosity,125531.78341927777,1.0,,2024-03-28 10:11:35
P-029256,S2_Welding,weak_weld,85678.05912720512,2.0,,2024-02-29 17:58:27
P-020396,S3_Assembly,cosmetic_scratch,59822.84571691564,2.0,OP-203,2024-02-11 19:03:20
P-037829,S3_Assembly,incorrect_torque,110814.49087629716,3.0,OP-301,2024-03-18 04:54:53
P-005737,S5_Packaging,packaging_damage,19508.12233050722,2.0,OP-203,2024-01-14 19:08:13
P-002785,S2_Welding,spatter_damage,8081.25942248866,2.0,,2024-01-06 20:41:01
P-024405,S1_CNC_Machining,dimensional_error,55365.49350344611,2.0,,2024-02-08 16:45:26
P-018477,S2_Welding,spatter_damage,54091.83109304871,2.0,,2024-02-07 19:32:03
P-010848,S1_CNC_Machining,surface_finish,24588.887998417584,1.0,,2024-01-18 07:49:13
P-009275,S1_CNC_Machining,dimensional_error,21073.619691479675,2.0,,2024-01-15 21:13:35
P-040396,S3_Assembly,cosmetic_scratch,118324.93423983354,1.0,OP-103,2024-03-23 10:05:02
P-008091,S3_Assembly,missing_fastener,23592.134978469203,2.0,OP-203,2024-01-17 15:12:09
P-029979,S1_CNC_Machining,dimensional_error,68236.70122677053,2.0,,2024-02-17 15:16:39
P-001928,S1_CNC_Machining,tool_wear_mark,4352.582969674832,1.0,,2024-01-04 06:32:15
P-001753,S1_CNC_Machining,tool_wear_mark,3965.6049098374506,3.0,,2024-01-04 00:05:10
P-018376,S1_CNC_Machining,surface_finish,,3.0,,2024-01-30 05:18:27
P-003791,S2_Welding,spatter_damage,11039.387069020384,2.0,,2024-01-08 21:59:31
P-023438,S3_Assembly,misalignment,68671.99010491632,3.0,OP-301,2024-02-17 22:32:10
P-046472,S1_CNC_Machining,surface_finish,105806.4916013432,2.0,,2024-03-14 17:26:34
P-054809,S1_CNC_Machining,surface_finish,124820.86980160698,3.0,,2024-03-27 22:20:38
P-015679,S1_CNC_Machining,dimensional_error,35607.11400005742,3.0,,2024-01-25 23:27:32
P-037580,S1_CNC_Machining,tool_wear_mark,85530.4791874216,2.0,,2024-02-29 15:30:07
P-009993,S3_Assembly,cosmetic_scratch,29183.249123283014,1.0,OP-104,2024-01-21 12:23:18
P-040527,S2_Welding,weak_weld,118723.79604421102,2.0,,2024-03-23 16:43:31
P-041709,S1_CNC_Machining,surface_finish,94912.1066032772,3.0,,2024-03-07 03:52:13
P-015349,S1_CNC_Machining,tool_wear_mark,34857.75181994474,1.0,,2024-01-25 10:57:55
P-037209,S3_Assembly,missing_fastener,108992.92906260007,3.0,OP-302,2024-03-16 22:33:15
P-041563,S3_Assembly,incorrect_torque,121809.23741604305,2.0,OP-202,2024-03-25 20:09:37
P-034088,S2_Welding,porosity,99774.98150220656,1.0,,2024-03-10 12:55:11
P-049752,S1_CNC_Machining,tool_wear_mark,113350.73270560295,3.0,,2024-03-19 23:10:15
P-037112,S3_Assembly,incorrect_torque,108706.48001203613,2.0,OP-201,2024-03-16 17:46:26
P-030661,S3_Assembly,cosmetic_scratch,89813.10507935258,2.0,OP-201,2024-03-03 14:52:50
P-039541,S1_CNC_Machining,tool_wear_mark,90023.9712581978,2.0,,2024-03-03 18:23:34
P-052306,S1_CNC_Machining,dimensional_error,119183.56021686633,3.0,,2024-03-24 00:23:58
P-037292,S1_CNC_Machining,dimensional_error,84896.2707084462,3.0,,2024-02-29 04:56:06
P-003552,S1_CNC_Machining,tool_wear_mark,8064.927292360348,2.0,,2024-01-06 20:24:45
P-021360,S1_CNC_Machining,dimensional_error,48436.19642245708,2.0,,2024-02-03 21:16:11
P-029645,S1_CNC_Machining,surface_finish,67496.94123824428,3.0,,2024-02-17 02:57:14
P-018532,S3_Assembly,incorrect_torque,54259.873253195234,3.0,OP-301,2024-02-07 22:19:40
P-018556,S2_Welding,porosity,54320.668328951884,3.0,,2024-02-07 23:20:45
P-017170,S2_Welding,weak_weld,,3.0,,2024-02-05 03:19:47
P-054446,S1_CNC_Machining,surface_finish,124005.48556081498,1.0,,2024-03-27 08:45:14
P-002633,S3_Assembly,cosmetic_scratch,7653.911651724284,1.0,OP-102,2024-01-06 13:33:42
P-009359,S1_CNC_Machining,dimensional_error,21259.81703515536,3.0,,2024-01-16 00:19:45
P-028548,S2_Welding,porosity,83587.3995499195,1.0,,2024-02-28 07:07:49
P-054212,S1_CNC_Machining,dimensional_error,123476.61127748608,3.0,,2024-03-26 23:56:42
P-032169,S3_Assembly,missing_fastener,94230.46306207085,2.0,OP-202,2024-03-06 16:30:35
P-013977,S1_CNC_Machining,dimensional_error,31744.65903674412,1.0,,2024-01-23 07:04:33
P-054178,S1_CNC_Machining,tool_wear_mark,123401.45549077922,3.0,,2024-03-26 22:41:33
P-033065,S3_Assembly,misalignment,96813.53356610851,1.0,OP-101,2024-03-08 11:33:43
P-045249,S1_CNC_Machining,surface_finish,103042.51451800212,2.0,,2024-03-12 19:22:54
P-025322,S1_CNC_Machining,dimensional_error,57553.713962516835,3.0,,2024-02-10 05:13:37
P-032084,S2_Welding,spatter_damage,93972.5908977888,1.0,,2024-03-06 12:12:56
P-026475,S1_CNC_Machining,tool_wear_mark,60228.9929408502,3.0,,2024-02-12 01:49:17
P-015015,S5_Packaging,label_error,51494.737811368504,3.0,OP-302,2024-02-06 00:14:31
P-011706,S5_Packaging,packaging_damage,40119.14440861063,3.0,OP-301,2024-01-29 02:39:07
P-008608,S1_CNC_Machining,dimensional_error,19558.33539756293,2.0,,2024-01-14 19:58:34
P-006938,S3_Assembly,incorrect_torque,20231.57997153061,1.0,OP-102,2024-01-15 07:11:56
P-044206,S1_CNC_Machining,tool_wear_mark,100648.54791781199,3.0,,2024-03-11 03:28:54
P-000487,S2_Welding,spatter_damage,1455.5079976553357,1.0,,2024-01-02 06:15:46
P-027409,S2_Welding,porosity,80241.61677101464,3.0,,2024-02-25 23:21:38
P-030914,S3_Assembly,cosmetic_scratch,90594.72054064498,3.0,OP-301,2024-03-04 03:54:14
P-022862,S1_CNC_Machining,tool_wear_mark,51903.970609054515,1.0,,2024-02-06 07:04:16
P-044214,S1_CNC_Machining,surface_finish,100668.03542667194,3.0,,2024-03-11 03:47:39
P-041564,S3_Assembly,misalignment,121814.59471336994,2.0,OP-201,2024-03-25 20:14:58
P-010882,S1_CNC_Machining,tool_wear_mark,24664.754123927178,1.0,,2024-01-18 09:04:25
P-020472,S1_CNC_Machining,surface_finish,46451.55659121337,1.0,,2024-02-02 12:12:02
P-030581,S3_Assembly,incorrect_torque,89560.6159804358,1.0,OP-101,2024-03-03 10:40:34
P-019932,S3_Assembly,incorrect_torque,58407.98418348571,2.0,OP-201,2024-02-10 19:27:41
P-010254,S3_Assembly,missing_fastener,29963.44314219133,3.0,OP-302,2024-01-22 01:23:29
P-008853,S3_Assembly,cosmetic_scratch,25861.055733356763,3.0,OP-302,2024-01-19 05:00:40
P-030292,S1_CNC_Machining,dimensional_error,68928.83684260896,3.0,,2024-02-18 02:49:17
P-001592,S3_Assembly,cosmetic_scratch,4624.433204633664,1.0,OP-102,2024-01-04 11:04:48
P-036435,S1_CNC_Machining,surface_finish,82870.68192254401,2.0,,2024-02-27 19:10:11
P-030217,S3_Assembly,missing_fastener,88527.40977936368,2.0,OP-201,2024-03-02 17:27:41
P-016685,S1_CNC_Machining,dimensional_error,37873.997015818524,1.0,,2024-01-27 13:14:23
P-024328,S2_Welding,spatter_damage,,2.0,,2024-02-19 17:48:17
P-008534,S1_CNC_Machining,dimensional_error,,2.0,,2024-01-14 16:26:39
P-054033,S1_CNC_Machining,surface_finish,123082.74792895468,2.0,,2024-03-26 17:22:16
P-036881,S1_CNC_Machining,dimensional_error,83907.46563252043,1.0,,2024-02-28 12:27:51
P-041774,S1_CNC_Machining,surface_finish,95060.96738598288,1.0,,2024-03-07 06:20:50
P-029858,S3_Assembly,misalignment,87457.57540296468,3.0,OP-302,2024-03-01 23:37:37
P-002453,S3_Assembly,incorrect_torque,7111.852765346028,3.0,OP-302,2024-01-06 04:31:46
P-056572,S1_CNC_Machining,tool_wear_mark,128780.5617494924,2.0,,2024-03-30 16:20:26
P-003584,S2_Welding,spatter_damage,10403.032378650481,1.0,,2024-01-08 11:22:33
P-039747,S3_Assembly,misalignment,116414.58502275837,3.0,OP-302,2024-03-22 02:14:59
P-021588,S3_Assembly,missing_fastener,63292.30490646002,3.0,OP-301,2024-02-14 04:52:15
P-024966,S3_Assembly,missing_fastener,73126.43051104026,3.0,OP-301,2024-02-21 00:45:57
P-024749,S1_CNC_Machining,surface_finish,56199.196562263714,1.0,,2024-02-09 06:39:18
P-031460,S2_Welding,porosity,92163.39535798169,1.0,,2024-03-05 06:03:47
P-006286,S3_Assembly,missing_fastener,18333.444079296398,3.0,OP-302,2024-01-13 23:33:47
P-008494,S2_Welding,spatter_damage,24810.988344446567,1.0,,2024-01-18 11:30:39
P-050105,S1_CNC_Machining,surface_finish,114141.29153666823,1.0,,2024-03-20 12:21:20
P-020996,S3_Assembly,missing_fastener,61575.41484945167,3.0,OP-302,2024-02-13 00:15:26
P-008868,S3_Assembly,misalignment,25901.796607048687,3.0,OP-301,2024-01-19 05:42:11
P-029809,S2_Welding,spatter_damage,87307.60975430554,2.0,,2024-03-01 21:07:40
P-016315,S2_Welding,weak_weld,47739.07149071873,1.0,,2024-02-03 09:39:21
P-036145,S2_Welding,spatter_damage,105831.94083955717,2.0,,2024-03-14 17:51:58
P-003544,S1_CNC_Machining,dimensional_error,8044.936146852781,2.0,,2024-01-06 20:05:11
P-024014,S2_Welding,porosity,70373.47142610264,3.0,,2024-02-19 02:53:45
P-012889,S3_Assembly,incorrect_torque,37644.26054181007,1.0,OP-104,2024-01-27 09:23:56
P-020703,S1_CNC_Machining,tool_wear_mark,46965.70651137367,2.0,,2024-02-02 20:45:52
P-009798,S3_Assembly,cosmetic_scratch,28621.45371318523,3.0,OP-301,2024-01-21 03:01:17
P-023341,S2_Welding,weak_weld,68371.13152333758,2.0,,2024-02-17 17:30:43
P-003704,S1_CNC_Machining,dimensional_error,8410.262479239782,3.0,,2024-01-07 02:09:56
P-034244,S3_Assembly,incorrect_torque,100296.88981139191,2.0,OP-203,2024-03-10 21:36:53
P-001580,S1_CNC_Machining,tool_wear_mark,3561.2005880347583,2.0,,2024-01-03 17:21:26
P-005895,S3_Assembly,missing_fastener,17190.034346875294,3.0,OP-301,2024-01-13 04:30:05
P-041113,S1_CNC_Machining,surface_finish,93566.82782793454,3.0,,2024-03-06 05:26:24
P-009959,S2_Welding,porosity,29085.352544637288,1.0,,2024-01-21 10:45:35
P-009565,S1_CNC_Machining,dimensional_error,,1.0,,2024-01-16 07:58:52
P-008666,S2_Welding,weak_weld,25314.856776354336,2.0,,2024-01-18 19:54:29
P-042197,S3_Assembly,incorrect_torque,123645.12367489442,3.0,OP-302,2024-03-27 02:45:17
P-013853,S2_Welding,porosity,40489.46623171553,1.0,,2024-01-29 08:49:19
P-026355,S1_CNC_Machining,dimensional_error,59965.15582117371,2.0,,2024-02-11 21:24:56
P-032058,S1_CNC_Machining,tool_wear_mark,72975.96944556525,3.0,,2024-02-20 22:15:38
P-005664,S2_Welding,weak_weld,16510.044213563666,2.0,,2024-01-12 17:10:14
P-008966,S2_Welding,weak_weld,26185.477630700323,1.0,,2024-01-19 10:25:24
P-000531,S3_Assembly,misalignment,1590.7496971940911,1.0,OP-101,2024-01-02 08:30:57
P-003114,S1_CNC_Machining,surface_finish,7081.437412932475,3.0,,2024-01-06 04:01:30
P-020651,S2_Welding,weak_weld,60545.354059887795,1.0,,2024-02-12 07:05:07
P-054070,S1_CNC_Machining,dimensional_error,123164.2546748144,2.0,,2024-03-26 18:44:36
P-017423,S2_Welding,spatter_damage,50999.90258815319,2.0,,2024-02-05 16:00:21
P-042934,S1_CNC_Machining,dimensional_error,97753.60907107468,3.0,,2024-03-09 03:13:31
P-043305,S3_Assembly,cosmetic_scratch,126897.23245297318,,OP-102,2024-03-29 08:57:01
P-010873,S3_Assembly,cosmetic_scratch,31766.169417136054,1.0,OP-101,2024-01-23 07:26:38
P-023687,S1_CNC_Machining,surface_finish,53745.11081243129,1.0,,2024-02-07 13:44:37
P-000324,S1_CNC_Machining,surface_finish,730.646888380382,2.0,,2024-01-01 18:10:12
P-043264,S3_Assembly,misalignment,126781.71948478508,1.0,OP-103,2024-03-29 07:01:45
P-036065,S3_Assembly,missing_fastener,105611.54275096167,2.0,OP-202,2024-03-14 14:11:02
P-053088,S1_CNC_Machining,surface_finish,120960.0898671836,3.0,,2024-03-25 05:59:37
P-008442,S1_CNC_Machining,surface_finish,19133.921844733977,1.0,,2024-01-14 12:53:31
P-007764,S2_Welding,spatter_damage,22609.062036237337,3.0,,2024-01-16 22:49:06
P-042333,S3_Assembly,missing_fastener,124040.93907105712,1.0,OP-101,2024-03-27 09:20:44
P-007184,S5_Packaging,packaging_damage,24530.967341951087,1.0,OP-102,2024-01-18 06:50:37
P-031832,S1_CNC_Machining,tool_wear_mark,72469.54371477247,1.0,,2024-02-20 13:49:28
P-033569,S3_Assembly,cosmetic_scratch,98268.91714329008,1.0,OP-102,2024-03-09 11:48:42
P-018973,S5_Packaging,label_error,65024.73170524674,1.0,OP-104,2024-02-15 09:45:10
P-040812,S3_Assembly,cosmetic_scratch,119540.2833771529,1.0,OP-102,2024-03-24 06:20:42
P-002667,S3_Assembly,cosmetic_scratch,7755.180491280917,2.0,OP-203,2024-01-06 15:14:46
P-046909,S1_CNC_Machining,surface_finish,106792.56030165279,1.0,,2024-03-15 09:52:11
P-003220,S3_Assembly,misalignment,9354.037471918524,2.0,OP-201,2024-01-07 17:54:17
P-035838,S3_Assembly,misalignment,104932.81593733843,3.0,OP-302,2024-03-14 02:52:37
P-038999,S3_Assembly,incorrect_torque,114244.08887707147,1.0,OP-103,2024-03-20 14:03:50
P-052972,S1_CNC_Machining,surface_finish,120691.51111690613,3.0,,2024-03-25 01:31:59
P-004644,S2_Welding,spatter_damage,13510.717726551922,2.0,,2024-01-10 15:11:05
P-027286,S1_CNC_Machining,surface_finish,62096.50084482651,1.0,,2024-02-13 08:56:32
P-037261,S2_Welding,porosity,109136.91948586973,3.0,,2024-03-17 00:57:22
P-046066,S1_CNC_Machining,surface_finish,104889.25301312958,3.0,,2024-03-14 02:08:52
P-007177,S5_Packaging,label_error,24505.169906509218,1.0,OP-104,2024-01-18 06:25:30
P-034608,S2_Welding,porosity,101334.91732356753,2.0,,2024-03-11 14:55:12
P-053417,S1_CNC_Machining,tool_wear_mark,121700.97010192783,2.0,,2024-03-25 18:21:02
P-021926,S3_Assembly,misalignment,64256.35157509539,2.0,OP-203,2024-02-14 20:55:56
P-032587,S3_Assembly,misalignment,95464.77656741506,1.0,OP-102,2024-03-07 13:04:36
P-002167,S1_CNC_Machining,dimensional_error,4888.258661407774,2.0,,2024-01-04 15:28:39
P-029782,S2_Welding,spatter_damage,87229.64591683786,2.0,,2024-03-01 19:50:07
P-012374,S2_Welding,weak_weld,36130.07622224783,1.0,,2024-01-26 08:10:12
P-027886,S3_Assembly,misalignment,81653.13825753711,3.0,OP-301,2024-02-26 22:53:07
P-041898,S1_CNC_Machining,surface_finish,95343.16504233293,1.0,,2024-03-07 11:02:59
P-024891,S3_Assembly,cosmetic_scratch,72898.53506046928,2.0,OP-202,2024-02-20 20:58:52
P-017932,S3_Assembly,incorrect_torque,52479.933349565756,2.0,OP-203,2024-02-06 16:40:11
P-010800,S1_CNC_Machining,dimensional_error,24477.839661744347,3.0,,2024-01-18 05:57:36
P-022376,S3_Assembly,cosmetic_scratch,65593.1119254068,2.0,OP-201,2024-02-15 19:13:04
P-004865,S3_Assembly,cosmetic_scratch,14144.742232459133,3.0,OP-301,2024-01-11 01:44:37
P-017158,S3_Assembly,missing_fastener,50205.473613190254,3.0,OP-301,2024-02-05 02:45:04
P-034173,S5_Packaging,label_error,116957.9789678168,1.0,OP-103,2024-03-22 11:17:41
P-034000,S1_CNC_Machining,surface_finish,77418.52982426151,3.0,,2024-02-24 00:18:34
P-028021,S3_Assembly,cosmetic_scratch,82060.24225108328,3.0,OP-302,2024-02-27 05:39:58
P-014021,S1_CNC_Machining,surface_finish,31846.039913485718,1.0,,2024-01-23 08:46:08
P-022855,S2_Welding,porosity,66933.71029117795,2.0,,2024-02-16 17:33:17
P-015369,S2_Welding,spatter_damage,44957.63236026938,1.0,,2024-02-01 11:17:15
P-031780,S3_Assembly,misalignment,93089.82154219667,2.0,OP-202,2024-03-05 21:30:13
P-032307,S2_Welding,spatter_damage,94639.89242708446,3.0,,2024-03-06 23:20:01
P-043199,S3_Assembly,missing_fastener,126588.32292061244,3.0,OP-302,2024-03-29 03:47:59
P-022468,S5_Packaging,label_error,77021.51135253052,2.0,OP-202,2024-02-23 17:41:03
P-021371,S1_CNC_Machining,surface_finish,48461.01851514869,2.0,,2024-02-03 21:40:42
P-017069,S1_CNC_Machining,tool_wear_mark,38729.51595664097,3.0,,2024-01-28 03:29:30
P-025995,S3_Assembly,incorrect_torque,76136.77612498731,3.0,OP-302,2024-02-23 02:56:45
P-035105,S3_Assembly,missing_fastener,102791.90840957696,2.0,OP-203,2024-03-12 15:11:32
P-031256,S3_Assembly,cosmetic_scratch,91579.24887238086,2.0,OP-201,2024-03-04 20:19:43
P-040224,S1_CNC_Machining,tool_wear_mark,91563.61993046456,2.0,,2024-03-04 20:03:55
P-032861,S3_Assembly,missing_fastener,96244.39335767458,3.0,OP-302,2024-03-08 02:04:21
P-028718,S3_Assembly,misalignment,84130.08643341286,2.0,OP-203,2024-02-28 16:09:36
P-000444,S3_Assembly,incorrect_torque,1350.5505014890005,3.0,OP-302,2024-01-02 04:30:15
P-009074,S3_Assembly,misalignment,26513.357006321614,2.0,OP-202,2024-01-19 15:53:15
P-017852,S3_Assembly,cosmetic_scratch,52247.03305368651,1.0,OP-101,2024-02-06 12:47:29
P-041276,S1_CNC_Machining,dimensional_error,93941.35857459843,1.0,,2024-03-06 11:41:03
P-035810,S2_Welding,porosity,104846.972140792,3.0,,2024-03-14 01:26:30
P-005174,S2_Welding,weak_weld,15080.497429328936,2.0,,2024-01-11 17:20:47
P-028270,S3_Assembly,missing_fastener,82803.65360198655,2.0,OP-203,2024-02-27 18:03:40
P-038928,S3_Assembly,incorrect_torque,114034.49871396663,1.0,OP-102,2024-03-20 10:34:47
P-001026,S3_Assembly,incorrect_torque,3008.0990410981176,1.0,OP-102,2024-01-03 08:08:33
P-037338,S3_Assembly,cosmetic_scratch,109363.49560414204,3.0,OP-302,2024-03-17 04:43:56
P-046084,S1_CNC_Machining,surface_finish,104930.5061673148,3.0,,2024-03-14 02:50:04
P-034773,S1_CNC_Machining,tool_wear_mark,79142.1874101852,3.0,,2024-02-25 05:02:36
P-038281,S1_CNC_Machining,tool_wear_mark,87172.86515507313,2.0,,2024-03-01 18:53:21
P-012495,S3_Assembly,missing_fastener,36519.7139704958,2.0,OP-201,2024-01-26 14:39:36
P-028272,S2_Welding,weak_weld,,2.0,,2024-02-27 18:00:34
P-002566,S5_Packaging,label_error,8763.414320764361,1.0,OP-104,2024-01-07 08:03:44
P-053563,S1_CNC_Machining,tool_wear_mark,122023.91007616596,3.0,,2024-03-25 23:43:54
P-042279,S1_CNC_Machining,dimensional_error,96211.5570765221,3.0,,2024-03-08 01:31:19
P-032367,S1_CNC_Machining,surface_finish,73668.52941068495,1.0,,2024-02-21 09:48:42
P-009315,S1_CNC_Machining,dimensional_error,21162.83731017433,3.0,,2024-01-15 22:42:50
P-015320,S2_Welding,weak_weld,44815.751112075246,1.0,,2024-02-01 08:56:01
P-034213,S2_Welding,spatter_damage,100195.622826691,2.0,,2024-03-10 19:55:45
P-036185,S1_CNC_Machining,dimensional_error,82311.23278443982,1.0,,2024-02-27 09:51:08
P-011368,S1_CNC_Machining,surface_finish,25775.287032318025,3.0,,2024-01-19 03:34:48
P-030530,S3_Assembly,misalignment,89417.09049998557,1.0,OP-102,2024-03-03 08:16:38
P-037839,S5_Packaging,label_error,129486.78573617774,3.0,OP-302,2024-03-31 04:06:24
P-038873,S2_Welding,porosity,113869.19395596175,1.0,,2024-03-20 07:48:48
P-020296,S2_Welding,porosity,59490.095167007974,1.0,,2024-02-11 13:30:06
P-041245,S3_Assembly,incorrect_torque,120855.74770759442,3.0,OP-302,2024-03-25 04:15:38
P-029145,S1_CNC_Machining,tool_wear_mark,66374.43559699308,1.0,,2024-02-16 08:14:26
P-003063,S3_Assembly,cosmetic_scratch,8913.012663981288,1.0,OP-102,2024-01-07 10:32:56
P-018639,S5_Packaging,label_error,63859.365426254524,2.0,OP-203,2024-02-14 14:19:13
P-003756,S1_CNC_Machining,tool_wear_mark,8526.220729686076,,,2024-01-07 04:06:17
P-031518,S5_Packaging,packaging_damage,107997.95433465402,3.0,OP-301,2024-03-16 05:57:35
P-041193,S2_Welding,spatter_damage,,3.0,,2024-03-25 01:15:55
P-006190,S2_Welding,spatter_damage,18037.266425384456,2.0,,2024-01-13 18:37:16
P-029764,S3_Assembly,cosmetic_scratch,87184.33376756834,2.0,OP-202,2024-03-01 19:04:21
P-047614,S1_CNC_Machining,dimensional_error,108397.93660426233,1.0,,2024-03-16 12:37:59
P-042753,S3_Assembly,incorrect_torque,125253.57739213172,3.0,OP-302,2024-03-28 05:33:35
P-047492,S1_CNC_Machining,dimensional_error,108122.11896232932,1.0,,2024-03-16 08:02:04
P-039701,S1_CNC_Machining,surface_finish,90384.58692651018,3.0,,2024-03-04 00:24:24
P-000167,S1_CNC_Machining,dimensional_error,372.4774771576927,1.0,,2024-01-01 12:12:52
P-015736,S3_Assembly,cosmetic_scratch,46036.48879206685,3.0,OP-302,2024-02-02 05:16:47
P-016649,S5_Packaging,label_error,57062.15309586201,2.0,OP-203,2024-02-09 21:01:53
P-042275,S3_Assembly,incorrect_torque,123870.22239797008,1.0,OP-102,2024-03-27 06:30:23
P-016941,S3_Assembly,misalignment,49583.54857100454,2.0,OP-203,2024-02-04 16:24:02
P-006845,S3_Assembly,misalignment,19957.875452995166,3.0,OP-302,2024-01-15 02:38:06
P-040135,S1_CNC_Machining,dimensional_error,,,,2024-03-04 16:42:39
P-037697,S5_Packaging,label_error,128987.66859498576,2.0,OP-203,2024-03-30 19:48:01
P-022005,S5_Packaging,packaging_damage,75426.12458739919,2.0,OP-203,2024-02-22 15:06:25
P-031688,S1_CNC_Machining,dimensional_error,72142.41550866059,1.0,,2024-02-20 08:22:28
P-001034,S1_CNC_Machining,tool_wear_mark,2336.4019863701633,2.0,,2024-01-02 20:56:52
P-041931,S3_Assembly,incorrect_torque,122867.10268727638,1.0,OP-101,2024-03-26 13:46:45
P-001048,S3_Assembly,misalignment,,1.0,OP-104,2024-01-03 09:12:36
P-044753,S1_CNC_Machining,surface_finish,,3.0,,2024-03-12 00:14:55
P-034320,S1_CNC_Machining,surface_finish,78132.1765508248,1.0,,2024-02-24 12:12:33
P-028328,S1_CNC_Machining,tool_wear_mark,64494.39230756523,3.0,,2024-02-15 00:53:53
P-024877,S1_CNC_Machining,surface_finish,56544.95447793174,1.0,,2024-02-09 12:24:38
P-054804,S1_CNC_Machining,tool_wear_mark,124810.60519171147,3.0,,2024-03-27 22:10:21
P-039741,S1_CNC_Machining,tool_wear_mark,90477.22708088954,3.0,,2024-03-04 01:56:54
P-039629,S2_Welding,spatter_damage,116067.57559637933,2.0,,2024-03-21 20:27:05
P-038538,S1_CNC_Machining,dimensional_error,,3.0,,2024-03-02 04:40:46
P-043801,S3_Assembly,incorrect_torque,128315.54656803425,1.0,OP-101,2024-03-30 08:35:47
P-034871,S3_Assembly,incorrect_torque,102111.52640134546,3.0,OP-302,2024-03-12 03:51:37
P-027625,S3_Assembly,incorrect_torque,80881.63961893252,1.0,OP-104,2024-02-26 10:02:03
P-021012,S3_Assembly,misalignment,61620.55493658151,3.0,OP-302,2024-02-13 01:00:31
P-022664,S1_CNC_Machining,surface_finish,51458.710340954276,3.0,,2024-02-05 23:39:01
P-027212,S1_CNC_Machining,dimensional_error,61898.80517301743,3.0,,2024-02-13 05:38:29
P-007131,S3_Assembly,misalignment,20773.00235894844,2.0,OP-201,2024-01-15 16:13:01
P-038561,S1_CNC_Machining,dimensional_error,87815.69554345068,3.0,,2024-03-02 05:35:49
P-017877,S2_Welding,spatter_damage,52311.42016966291,1.0,,2024-02-06 13:51:13
P-033727,S1_CNC_Machining,dimensional_error,76806.16893975929,2.0,,2024-02-23 14:06:27
P-037893,S3_Assembly,missing_fastener,111007.15086086048,1.0,OP-104,2024-03-18 08:06:41
P-034575,S1_CNC_Machining,dimensional_error,78701.48955205237,2.0,,2024-02-24 21:41:18
P-022224,S1_CNC_Machining,dimensional_error,50464.18091949965,1.0,,2024-02-05 07:04:09
P-015532,S2_Welding,weak_weld,45426.00950483329,2.0,,2024-02-01 19:05:41
P-004374,S3_Assembly,incorrect_torque,12724.609060756105,3.0,OP-302,2024-01-10 02:04:13
P-033514,S3_Assembly,missing_fastener,98110.61116041632,1.0,OP-101,2024-03-09 09:10:33
P-017167,S3_Assembly,misalignment,50233.909160483934,3.0,OP-301,2024-02-05 03:14:17
P-031409,S1_CNC_Machining,dimensional_error,71445.88787302488,2.0,,2024-02-19 20:45:58
P-020848,S3_Assembly,missing_fastener,61119.16221214425,2.0,OP-202,2024-02-12 16:39:15
P-015200,S1_CNC_Machining,dimensional_error,,3.0,,2024-01-25 05:22:23
P-021649,S3_Assembly,incorrect_torque,63467.4513788709,1.0,OP-103,2024-02-14 07:47:25
P-010934,S1_CNC_Machining,surface_finish,24786.614050227137,1.0,,2024-01-18 11:06:19
P-041623,S1_CNC_Machining,surface_finish,94721.65197994852,3.0,,2024-03-07 00:41:16
P-028158,S3_Assembly,incorrect_torque,82467.16568789436,1.0,OP-104,2024-02-27 12:27:20
P-028424,S3_Assembly,cosmetic_scratch,83244.05225035237,3.0,OP-302,2024-02-28 01:24:09
P-010108,S2_Welding,weak_weld,29528.895634106808,2.0,,2024-01-21 18:09:16
P-034012,S5_Packaging,label_error,116439.73267080422,3.0,OP-302,2024-03-22 02:39:28
P-023913,S3_Assembly,cosmetic_scratch,70082.10647174779,2.0,OP-202,2024-02-18 22:01:48
P-020456,S2_Welding,spatter_damage,59992.384439762165,2.0,,2024-02-11 21:52:19
P-004534,S1_CNC_Machining,dimensional_error,10270.96196994214,1.0,,2024-01-08 09:11:04
P-008251,S3_Assembly,incorrect_torque,24086.461157996084,3.0,OP-301,2024-01-17 23:26:24
P-011526,S2_Welding,spatter_damage,33667.65388346339,2.0,,2024-01-24 15:07:46
P-004024,S3_Assembly,misalignment,11726.7480814555,1.0,OP-104,2024-01-09 09:26:21
P-024206,S1_CNC_Machining,tool_wear_mark,54919.42934714237,,,2024-02-08 09:19:34
P-038119,S3_Assembly,incorrect_torque,111676.92176599643,2.0,OP-202,2024-03-18 19:16:36
P-015812,S2_Welding,weak_weld,46258.21550291457,1.0,,2024-02-02 08:58:39
P-049461,S1_CNC_Machining,surface_finish,112694.02673671496,1.0,,2024-03-19 12:13:56
P-038381,S2_Welding,spatter_damage,112427.49374441976,1.0,,2024-03-19 07:47:15
P-042920,S1_CNC_Machining,surface_finish,97722.33324997201,3.0,,2024-03-09 02:42:03
P-013672,S2_Welding,porosity,39930.37977591758,3.0,,2024-01-28 23:30:25
P-030857,S1_CNC_Machining,dimensional_error,70200.06165805736,3.0,,2024-02-19 00:00:24
P-010872,S3_Assembly,incorrect_torque,31766.47298976476,1.0,OP-102,2024-01-23 07:26:26
P-022616,S2_Welding,porosity,66266.97550737677,1.0,,2024-02-16 06:27:00
P-024217,S2_Welding,weak_weld,70958.34924440857,1.0,,2024-02-19 12:38:11
P-015602,S3_Assembly,incorrect_torque,45637.67678214221,3.0,OP-302,2024-02-01 22:37:44
P-055220,S1_CNC_Machining,tool_wear_mark,125745.81452979238,1.0,,2024-03-28 13:46:15
P-023474,S1_CNC_Machining,surface_finish,53274.182793704655,3.0,,2024-02-07 05:54:13
P-028860,S3_Assembly,incorrect_torque,84543.87329028152,3.0,OP-302,2024-02-28 23:03:35
P-031645,S5_Packaging,packaging_damage,108396.65388223926,1.0,OP-101,2024-03-16 12:37:05
P-019812,S2_Welding,spatter_damage,58054.46190036533,1.0,,2024-02-10 13:34:38
P-043936,S1_CNC_Machining,tool_wear_mark,100025.44475966954,2.0,,2024-03-10 17:05:48
P-007218,S3_Assembly,incorrect_torque,21032.80400602442,2.0,OP-201,2024-01-15 20:33:18
P-023769,S1_CNC_Machining,dimensional_error,53931.33765767793,2.0,,2024-02-07 16:51:03
P-037098,S3_Assembly,missing_fastener,108665.68656896534,2.0,OP-203,2024-03-16 17:05:45
P-043608,S2_Welding,spatter_damage,127751.15311938788,3.0,,2024-03-29 23:11:29
P-028267,S3_Assembly,misalignment,,2.0,OP-201,2024-02-27 17:51:25
P-011442,S2_Welding,weak_weld,33424.81651337022,1.0,,2024-01-24 11:04:54
P-020361,S3_Assembly,incorrect_torque,59728.98524718058,2.0,OP-203,2024-02-11 17:29:09
P-021271,S5_Packaging,packaging_damage,72954.94037548864,2.0,OP-203,2024-02-20 21:54:44
P-008880,S2_Welding,porosity,25930.69719539336,1.0,,2024-01-19 06:11:02
P-020312,S2_Welding,porosity,59541.00233860706,2.0,,2024-02-11 14:21:26
P-053611,S1_CNC_Machining,surface_finish,122135.42864816116,3.0,,2024-03-26 01:35:28
P-009410,S3_Assembly,cosmetic_scratch,27496.536241086516,1.0,OP-104,2024-01-20 08:16:07
P-022515,S1_CNC_Machining,tool_wear_mark,51122.93199935465,2.0,,2024-02-05 18:02:59
P-029433,S1_CNC_Machining,tool_wear_mark,67010.86951852789,2.0,,2024-02-16 18:50:54
P-034326,S2_Welding,weak_weld,100521.54915166902,3.0,,2024-03-11 01:21:08
P-044822,S1_CNC_Machining,dimensional_error,102049.11046330527,3.0,,2024-03-12 02:49:35
P-026166,S2_Welding,weak_weld,76638.79560055278,1.0,,2024-02-23 11:18:57
P-033554,S2_Welding,weak_weld,98221.68930635188,1.0,,2024-03-09 11:01:48
P-005247,S3_Assembly,incorrect_torque,15304.085579212931,2.0,OP-202,2024-01-11 21:03:51
P-012270,S3_Assembly,missing_fastener,35839.479319206104,3.0,OP-301,2024-01-26 03:19:31
P-022184,S1_CNC_Machining,dimensional_error,50370.89882716173,3.0,,2024-02-05 05:31:23
P-021750,S2_Welding,weak_weld,63736.30242169707,1.0,,2024-02-14 12:16:35
P-022681,S2_Welding,spatter_damage,66452.97285131774,1.0,,2024-02-16 09:33:08
P-025363,S1_CNC_Machining,surface_finish,57640.1744405955,1.0,,2024-02-10 06:40:20
P-012390,S1_CNC_Machining,tool_wear_mark,28064.987658928287,2.0,,2024-01-20 17:45:05
P-016404,S3_Assembly,cosmetic_scratch,,1.0,OP-102,2024-02-03 14:02:14
P-056805,S1_CNC_Machining,surface_finish,129302.10290692866,3.0,,2024-03-31 01:01:44
P-001076,S2_Welding,porosity,3140.4437201652413,1.0,,2024-01-03 10:20:27
P-031156,S1_CNC_Machining,dimensional_error,70881.96745391641,1.0,,2024-02-19 11:21:33
P-041617,S1_CNC_Machining,tool_wear_mark,94709.19811191918,3.0,,2024-03-07 00:28:52
P-000615,S3_Assembly,missing_fastener,1829.9175997630966,1.0,OP-102,2024-01-02 12:30:00
P-032072,S3_Assembly,cosmetic_scratch,93944.90303700356,1.0,OP-103,2024-03-06 11:44:50
P-026716,S3_Assembly,cosmetic_scratch,78234.75885369878,1.0,OP-102,2024-02-24 13:54:46
P-018902,S3_Assembly,cosmetic_scratch,55319.88971839208,2.0,OP-203,2024-02-08 16:00:20
P-051642,S1_CNC_Machining,dimensional_error,117707.39228006167,3.0,,2024-03-22 23:47:27
P-008090,S1_CNC_Machining,surface_finish,18348.81067827865,3.0,,2024-01-13 23:48:34
P-012228,S2_Welding,spatter_damage,35709.22338172071,3.0,,2024-01-26 01:08:50
P-033625,S1_CNC_Machining,dimensional_error,76571.88414353543,1.0,,2024-02-23 10:11:58
P-017110,S2_Welding,weak_weld,50065.21598424575,3.0,,2024-02-05 00:25:28
P-027574,S1_CNC_Machining,tool_wear_mark,62772.82012332623,2.0,,2024-02-13 20:13:04
P-039012,S3_Assembly,misalignment,114283.14994573776,2.0,OP-202,2024-03-20 14:43:06
P-009934,S1_CNC_Machining,surface_finish,22550.367354598537,2.0,,2024-01-16 21:49:55
P-030440,S5_Packaging,packaging_damage,104293.71768053337,2.0,OP-201,2024-03-13 16:13:30
P-036035,S3_Assembly,cosmetic_scratch,105519.66883628193,1.0,OP-104,2024-03-14 12:40:03
P-012795,S3_Assembly,incorrect_torque,37382.322131884684,3.0,OP-302,2024-01-27 05:02:26
P-014637,S5_Packaging,packaging_damage,50217.029151376955,3.0,OP-302,2024-02-05 02:56:54
P-042703,S3_Assembly,incorrect_torque,125115.56716146058,3.0,OP-301,2024-03-28 03:15:30
P-023361,S5_Packaging,packaging_damage,80066.63690138982,2.0,OP-201,2024-02-25 20:26:46
P-026915,S5_Packaging,label_error,92225.8542446464,1.0,OP-103,2024-03-05 07:06:13
P-010472,S5_Packaging,label_error,35850.33924515505,3.0,OP-302,2024-01-26 03:30:10
P-023600,S3_Assembly,missing_fastener,69146.92433271502,1.0,OP-102,2024-02-18 06:26:26
P-043632,S2_Welding,porosity,127816.64107807077,3.0,,2024-03-30 00:17:07
P-037362,S2_Welding,spatter_damage,109425.31167922291,3.0,,2024-03-17 05:45:31
P-024299,S3_Assembly,missing_fastener,71198.80441242926,2.0,OP-203,2024-02-19 16:38:18
P-032839,S3_Assembly,cosmetic_scratch,96187.5965576746,3.0,OP-301,2024-03-08 01:07:14
P-003167,S3_Assembly,misalignment,9207.446988565649,2.0,OP-203,2024-01-07 15:27:16
P-022777,S1_CNC_Machining,tool_wear_mark,51714.32310268922,3.0,,2024-02-06 03:54:15
P-049788,S1_CNC_Machining,dimensional_error,113427.62037727227,3.0,,2024-03-20 00:28:04
P-050248,S1_CNC_Machining,dimensional_error,114462.10570348258,2.0,,2024-03-20 17:41:49
P-047689,S1_CNC_Machining,dimensional_error,108568.32816828086,2.0,,2024-03-16 15:28:02
P-015044,S3_Assembly,misalignment,43989.161958132514,2.0,OP-203,2024-01-31 19:08:43
P-008639,S5_Packaging,label_error,29507.228524881048,2.0,OP-202,2024-01-21 17:47:11
P-043797,S1_CNC_Machining,tool_wear_mark,99709.9206121895,1.0,,2024-03-10 11:50:07
P-032410,S3_Assembly,missing_fastener,94941.06712329747,3.0,OP-301,2024-03-07 04:20:59
P-043383,S3_Assembly,misalignment,127111.75772477064,1.0,OP-103,2024-03-29 12:31:46
P-035134,S1_CNC_Machining,surface_finish,79949.64789301548,2.0,,2024-02-25 18:29:09
P-023726,S1_CNC_Machining,tool_wear_mark,53831.204964269244,2.0,,2024-02-07 15:11:26
P-056772,S1_CNC_Machining,tool_wear_mark,129225.68895129059,3.0,,2024-03-30 23:45:56
P-038917,S2_Welding,spatter_damage,113998.32940605508,1.0,,2024-03-20 09:58:28
P-018856,S5_Packaging,label_error,64619.79003830067,3.0,OP-302,2024-02-15 02:59:30
P-016029,S1_CNC_Machining,tool_wear_mark,36393.93323707348,1.0,,2024-01-26 12:33:51
P-002689,S3_Assembly,missing_fastener,7817.807564340895,2.0,OP-203,2024-01-06 16:18:10
P-015170,S3_Assembly,misalignment,44378.02502755701,3.0,OP-302,2024-02-01 01:38:25
P-044194,S1_CNC_Machining,dimensional_error,100621.57584835865,3.0,,2024-03-11 03:01:46
P-024488,S1_CNC_Machining,dimensional_error,55560.41483887462,2.0,,2024-02-08 20:00:16
P-017627,S5_Packaging,packaging_damage,60455.68431615479,3.0,OP-301,2024-02-12 05:35:41
P-015613,S2_Welding,spatter_damage,45662.21324705032,3.0,,2024-02-01 23:02:29
P-002241,S3_Assembly,incorrect_torque,6492.25261843788,2.0,OP-202,2024-01-05 18:12:09
P-039444,S3_Assembly,incorrect_torque,115557.85208411045,1.0,OP-101,2024-03-21 11:58:13
P-018804,S3_Assembly,incorrect_torque,,1.0,OP-101,2024-02-08 11:15:13
P-007974,S3_Assembly,cosmetic_scratch,23244.04716168609,1.0,OP-102,2024-01-17 09:23:38
P-034702,S3_Assembly,cosmetic_scratch,101612.93886889657,2.0,OP-201,2024-03-11 19:32:34
P-018709,S3_Assembly,cosmetic_scratch,54763.52820458103,1.0,OP-104,2024-02-08 06:43:31
P-022848,S1_CNC_Machining,surface_finish,51872.78354144281,1.0,,2024-02-06 06:32:38
P-016918,S3_Assembly,incorrect_torque,49514.16527950552,2.0,OP-202,2024-02-04 15:14:04
P-014681,S2_Welding,weak_weld,42903.80599396144,3.0,,2024-01-31 01:03:27
P-039245,S3_Assembly,cosmetic_scratch,114978.7752009206,3.0,OP-301,2024-03-21 02:18:32
P-002383,S1_CNC_Machining,dimensional_error,5376.190573911893,3.0,,2024-01-04 23:35:58
P-005392,S5_Packaging,label_error,18338.85598140345,3.0,OP-301,2024-01-13 23:39:14
P-040088,S3_Assembly,missing_fastener,117423.86870444234,2.0,OP-203,2024-03-22 19:04:03
P-013296,S1_CNC_Machining,tool_wear_mark,30108.387061307505,3.0,,2024-01-22 03:48:07
P-032748,S1_CNC_Machining,surface_finish,74540.48107228056,3.0,,2024-02-22 00:20:23
P-009554,S1_CNC_Machining,dimensional_error,21694.67969291108,1.0,,2024-01-16 07:35:05
P-023532,S2_Welding,spatter_damage,68939.31841792309,3.0,,2024-02-18 02:59:27
P-034669,S1_CNC_Machining,tool_wear_mark,78912.11213479718,3.0,,2024-02-25 01:11:47
P-001268,S1_CNC_Machining,dimensional_error,2864.756940212548,3.0,,2024-01-03 05:44:56
P-007086,S1_CNC_Machining,surface_finish,16081.741559499034,1.0,,2024-01-12 10:01:38
P-000087,S1_CNC_Machining,dimensional_error,199.14797484580035,1.0,,2024-01-01 09:18:57
P-003952,S2_Welding,spatter_damage,11507.578117282257,3.0,,2024-01-09 05:48:02
P-000063,S3_Assembly,cosmetic_scratch,229.3613497760878,1.0,OP-103,2024-01-01 09:49:08
P-008238,S2_Welding,spatter_damage,24038.710216515574,3.0,,2024-01-17 22:39:09
P-023885,S3_Assembly,incorrect_torque,69999.41336893268,2.0,OP-203,2024-02-18 20:39:32
P-012371,S1_CNC_Machining,surface_finish,28020.33402025142,2.0,,2024-01-20 17:00:00
P-023833,S2_Welding,spatter_damage,69835.85284725249,2.0,,2024-02-18 17:55:43
P-002622,S1_CNC_Machining,tool_wear_mark,5908.554558615005,1.0,,2024-01-05 08:28:14
P-013523,S1_CNC_Machining,surface_finish,30665.32315154743,1.0,,2024-01-22 13:05:07
P-033971,S1_CNC_Machining,dimensional_error,77352.6140450605,3.0,,2024-02-23 23:12:47
P-044463,S1_CNC_Machining,tool_wear_mark,101234.68206837334,1.0,,2024-03-11 13:14:47
P-028595,S1_CNC_Machining,dimensional_error,65088.931579843724,1.0,,2024-02-15 10:48:37
P-032660,S3_Assembly,cosmetic_scratch,95670.25889466438,,OP-202,2024-03-07 16:30:25
P-031844,S3_Assembly,missing_fastener,93279.87249996836,3.0,OP-301,2024-03-06 00:39:51
P-023625,S2_Welding,spatter_damage,69215.31821796745,1.0,,2024-02-18 07:34:50
P-019408,S1_CNC_Machining,surface_finish,44035.71947023435,2.0,,2024-01-31 19:55:28
P-055434,S1_CNC_Machining,tool_wear_mark,126230.72056858677,,,2024-03-28 21:50:21
P-027697,S1_CNC_Machining,tool_wear_mark,63053.72097353553,3.0,,2024-02-14 00:53:58
P-021257,S5_Packaging,packaging_damage,72908.1063940154,2.0,OP-203,2024-02-20 21:08:27
P-039283,S2_Welding,spatter_damage,115084.96102201034,3.0,,2024-03-21 04:04:48
P-012207,S3_Assembly,missing_fastener,35653.29237102866,3.0,OP-301,2024-01-26 00:12:52
P-032059,S2_Welding,spatter_damage,93898.33566515542,1.0,,2024-03-06 10:57:52
P-045269,S1_CNC_Machining,surface_finish,103090.28074543162,2.0,,2024-03-12 20:10:45
P-035631,S5_Packaging,packaging_damage,121982.95683373605,3.0,OP-302,2024-03-25 23:02:36
P-021944,S3_Assembly,incorrect_torque,64313.21384088799,2.0,OP-202,2024-02-14 21:52:49
P-018222,S3_Assembly,incorrect_torque,53338.12439026185,1.0,OP-103,2024-02-07 06:57:51
P-042035,S1_CNC_Machining,tool_wear_mark,95653.79818688377,2.0,,2024-03-07 16:13:31
P-016318,S3_Assembly,incorrect_torque,47750.04024877712,1.0,OP-101,2024-02-03 09:49:35
P-025226,S3_Assembly,missing_fastener,73884.32912891665,1.0,OP-103,2024-02-21 13:24:23
P-041649,S3_Assembly,missing_fastener,122047.52710357329,3.0,OP-302,2024-03-26 00:07:37
P-019553,S5_Packaging,packaging_damage,67042.68630101603,2.0,OP-202,2024-02-16 19:22:25
P-036919,S2_Welding,porosity,108143.76557283296,1.0,,2024-03-16 08:23:35
P-017851,S1_CNC_Machining,surface_finish,40499.38868018363,1.0,,2024-01-29 08:59:05
P-025670,S1_CNC_Machining,surface_finish,58333.40312817648,2.0,,2024-02-10 18:13:27
P-013654,S1_CNC_Machining,dimensional_error,31008.77677402302,2.0,,2024-01-22 18:48:48
P-034487,S5_Packaging,packaging_damage,118056.68506517305,,OP-301,2024-03-23 05:36:37
P-002496,S1_CNC_Machining,surface_finish,5628.174912684557,,,2024-01-05 03:48:22
P-000563,S2_Welding,porosity,1670.27421094093,1.0,,2024-01-02 09:50:45
P-019383,S1_CNC_Machining,dimensional_error,43980.36632539352,2.0,,2024-01-31 19:00:21
P-026100,S5_Packaging,label_error,89428.82819291258,1.0,OP-103,2024-03-03 08:28:42
P-033550,S2_Welding,spatter_damage,98212.9513215074,1.0,,2024-03-09 10:53:02
P-001023,S2_Welding,spatter_damage,2999.5078804433956,1.0,,2024-01-03 07:59:14
P-015472,S1_CNC_Machining,surface_finish,35135.332330254176,2.0,,2024-01-25 15:35:41
P-023505,S1_CNC_Machining,surface_finish,53339.45347343049,1.0,,2024-02-07 06:59:28
P-040304,S3_Assembly,cosmetic_scratch,118065.64928671723,3.0,OP-302,2024-03-23 05:45:09
P-040029,S3_Assembly,misalignment,117256.07937926563,2.0,OP-203,2024-03-22 16:16:10
P-019152,S3_Assembly,misalignment,56069.29914950099,3.0,OP-302,2024-02-09 04:29:17
P-024455,S5_Packaging,label_error,83775.09368572543,1.0,OP-104,2024-02-28 10:15:25
P-049969,S1_CNC_Machining,dimensional_error,113839.37387463398,1.0,,2024-03-20 07:18:57
P-031018,S2_Welding,weak_weld,90887.04833463389,1.0,,2024-03-04 08:47:06
P-034136,S5_Packaging,label_error,116835.01624446113,1.0,OP-101,2024-03-22 09:15:15
P-025716,S3_Assembly,cosmetic_scratch,75314.76312051738,1.0,OP-101,2024-02-22 13:15:07
P-008233,S3_Assembly,incorrect_torque,24034.594031736906,3.0,OP-302,2024-01-17 22:34:30
P-019825,S1_CNC_Machining,tool_wear_mark,45007.990748357246,1.0,,2024-02-01 12:08:09
P-003075,S3_Assembly,misalignment,8946.022167122617,1.0,OP-102,2024-01-07 11:06:20
P-039294,S1_CNC_Machining,surface_finish,89466.04343378838,1.0,,2024-03-03 09:06:06
P-019584,S2_Welding,spatter_damage,57367.81190384429,3.0,,2024-02-10 02:08:08
P-037822,S3_Assembly,misalignment,110796.83396525044,3.0,OP-301,2024-03-18 04:37:15
P-003864,S5_Packaging,packaging_damage,13149.041425779562,1.0,OP-101,2024-01-10 09:08:49
P-000647,S1_CNC_Machining,dimensional_error,1463.721022621665,1.0,,2024-01-02 06:23:23
P-005484,S2_Welding,porosity,15973.696216673212,1.0,,2024-01-12 08:13:40
P-003308,S1_CNC_Machining,tool_wear_mark,7514.650412192504,1.0,,2024-01-06 11:15:06
P-021759,S5_Packaging,packaging_damage,74609.19435435382,3.0,OP-301,2024-02-22 01:28:57
P-011790,S3_Assembly,incorrect_torque,34429.90566460626,3.0,OP-302,2024-01-25 03:49:27
P-024416,S1_CNC_Machining,dimensional_error,55392.457207657346,2.0,,2024-02-08 17:12:35
P-033863,S3_Assembly,incorrect_torque,99127.07071382586,3.0,OP-301,2024-03-10 02:07:18
P-048794,S1_CNC_Machining,surface_finish,111173.53639634114,1.0,,2024-03-18 10:53:11
P-022625,S5_Packaging,packaging_damage,77564.31103287984,3.0,OP-301,2024-02-24 02:44:35
P-038541,S3_Assembly,missing_fastener,112893.00255478489,,OP-203,2024-03-19 15:32:31
P-021155,S3_Assembly,misalignment,62038.13779043063,,OP-104,2024-02-13 07:57:49
P-020994,S3_Assembly,incorrect_torque,61569.6192466328,3.0,OP-302,2024-02-13 00:09:59
P-021225,S3_Assembly,cosmetic_scratch,62241.996375903305,1.0,OP-102,2024-02-13 11:21:52
P-020992,S1_CNC_Machining,tool_wear_mark,47610.75055363688,1.0,,2024-02-03 07:30:16
P-018189,S3_Assembly,missing_fastener,53241.37668342264,3.0,OP-302,2024-02-07 05:21:18
P-050004,S1_CNC_Machining,dimensional_error,113916.76493994235,1.0,,2024-03-20 08:37:07
P-024757,S5_Packaging,packaging_damage,84794.39307116998,3.0,OP-302,2024-02-29 03:14:28
P-022172,S3_Assembly,misalignment,65017.70529798441,1.0,OP-102,2024-02-15 09:37:30
P-004427,S3_Assembly,cosmetic_scratch,12881.909702945217,3.0,OP-301,2024-01-10 04:41:48
P-046266,S1_CNC_Machining,dimensional_error,105343.38333587504,1.0,,2024-03-14 09:43:07
P-028969,S3_Assembly,incorrect_torque,84856.13381067305,3.0,OP-302,2024-02-29 04:15:57
P-032571,S5_Packaging,packaging_damage,111559.51667872212,2.0,OP-202,2024-03-18 17:19:13
P-023473,S1_CNC_Machining,tool_wear_mark,53269.19691591558,3.0,,2024-02-07 05:48:49
P-004963,S5_Packaging,packaging_damage,16871.158038020323,3.0,OP-302,2024-01-12 23:11:11
P-032824,S5_Packaging,packaging_damage,112429.6605963397,1.0,OP-103,2024-03-19 07:50:07
P-005752,S2_Welding,porosity,16767.427738584993,2.0,,2024-01-12 21:26:59
P-038782,S3_Assembly,missing_fastener,113609.54326049006,3.0,OP-301,2024-03-20 03:29:31
P-022512,S1_CNC_Machining,dimensional_error,51116.18425723345,2.0,,2024-02-05 17:55:52
P-030383,S2_Welding,porosity,88996.02002290178,3.0,,2024-03-03 01:16:25
P-002028,S5_Packaging,label_error,6928.4289278708675,3.0,OP-302,2024-01-06 01:28:38
P-020629,S1_CNC_Machining,dimensional_error,46799.48215585929,2.0,,2024-02-02 17:59:49
P-034977,S1_CNC_Machining,dimensional_error,,1.0,,2024-02-25 12:30:02
P-010186,S1_CNC_Machining,dimensional_error,23106.27745955635,1.0,,2024-01-17 07:06:42
P-055668,S1_CNC_Machining,tool_wear_mark,126750.79982408765,1.0,,2024-03-29 06:30:54
P-006549,S3_Assembly,missing_fastener,19087.499532266673,1.0,OP-104,2024-01-14 12:07:43
P-022756,S1_CNC_Machining,dimensional_error,51668.794803471086,3.0,,2024-02-06 03:09:02
P-037159,S3_Assembly,cosmetic_scratch,108844.5814923595,,OP-202,2024-03-16 20:04:39
P-035288,S3_Assembly,cosmetic_scratch,103301.79097235658,3.0,OP-301,2024-03-12 23:42:03
P-037919,S2_Welding,spatter_damage,111065.59713972031,1.0,,2024-03-18 09:05:41
P-045317,S1_CNC_Machining,surface_finish,103192.74817052673,2.0,,2024-03-12 21:53:14
P-023861,S3_Assembly,cosmetic_scratch,69929.66213993102,2.0,OP-203,2024-02-18 19:29:37
P-038181,S3_Assembly,misalignment,111855.55975539182,3.0,OP-301,2024-03-18 22:15:32
P-036081,S1_CNC_Machining,dimensional_error,82083.53622565111,3.0,,2024-02-27 06:03:10
P-042965,S1_CNC_Machining,dimensional_error,97823.60522505916,3.0,,2024-03-09 04:23:43
P-026023,S3_Assembly,cosmetic_scratch,76221.64759451097,3.0,OP-301,2024-02-23 04:21:29
P-032256,S3_Assembly,missing_fastener,94495.66342519401,2.0,OP-202,2024-03-06 20:55:32
P-001122,S3_Assembly,misalignment,3286.063716265241,1.0,OP-104,2024-01-03 12:46:29
P-026050,S1_CNC_Machining,surface_finish,,1.0,,2024-02-11 08:53:33
P-019612,S3_Assembly,cosmetic_scratch,57449.83582609848,3.0,OP-301,2024-02-10 03:30:11
P-029457,S2_Welding,spatter_damage,86274.48635032403,3.0,,2024-03-01 03:54:55
P-050122,S1_CNC_Machining,dimensional_error,114179.79047087405,1.0,,2024-03-20 12:59:30
P-015910,S1_CNC_Machining,tool_wear_mark,36122.36800957667,1.0,,2024-01-26 08:01:56
P-018614,S2_Welding,spatter_damage,54487.8482578755,3.0,,2024-02-08 02:08:08
P-022971,S3_Assembly,missing_fastener,67280.96616196606,3.0,OP-301,2024-02-16 23:20:43
P-012656,S3_Assembly,incorrect_torque,36985.99066629243,3.0,OP-301,2024-01-26 22:26:09
P-012367,S3_Assembly,missing_fastener,36118.68767346647,1.0,OP-102,2024-01-26 07:58:40
P-019795,S2_Welding,porosity,58005.373753663116,1.0,,2024-02-10 12:44:55
P-019544,S3_Assembly,misalignment,57258.57704608134,3.0,OP-301,2024-02-10 00:18:47
P-036727,S3_Assembly,incorrect_torque,107562.24023065579,3.0,OP-301,2024-03-15 22:42:41
P-011511,S3_Assembly,incorrect_torque,33630.801917274315,2.0,OP-201,2024-01-24 14:31:17
P-030504,S3_Assembly,incorrect_torque,,1.0,OP-104,2024-03-03 07:03:37
P-031328,S3_Assembly,incorrect_torque,91787.60191020524,3.0,OP-302,2024-03-04 23:47:34
P-025924,S2_Welding,porosity,75916.89630763866,3.0,,2024-02-22 23:16:44
P-022007,S1_CNC_Machining,tool_wear_mark,49978.234918425485,3.0,,2024-02-04 22:57:47
P-028075,S2_Welding,weak_weld,82210.63781828801,1.0,,2024-02-27 08:11:00
P-002780,S5_Packaging,packaging_damage,9453.381465893704,2.0,OP-202,2024-01-07 19:33:01
P-001969,S3_Assembly,cosmetic_scratch,5705.234440923651,3.0,OP-301,2024-01-05 05:05:32
P-012530,S1_CNC_Machining,tool_wear_mark,28376.704593999544,3.0,,2024-01-20 22:56:20
P-015601,S5_Packaging,packaging_damage,53503.90374168226,1.0,OP-101,2024-02-07 09:44:18
P-036577,S3_Assembly,misalignment,107131.55247925941,2.0,OP-201,2024-03-15 15:31:27
P-006653,S3_Assembly,incorrect_torque,19392.64248613923,2.0,OP-202,2024-01-14 17:12:27
P-025792,S1_CNC_Machining,tool_wear_mark,58613.35392446173,3.0,,2024-02-10 22:53:01
P-007462,S1_CNC_Machining,tool_wear_mark,16909.4560477638,3.0,,2024-01-12 23:49:32
P-002120,S3_Assembly,cosmetic_scratch,6135.783214445377,1.0,OP-102,2024-01-05 12:15:18
P-018924,S1_CNC_Machining,dimensional_error,42940.89798077092,3.0,,2024-01-31 01:40:52
P-031835,S3_Assembly,missing_fastener,93259.39492045355,3.0,OP-302,2024-03-06 00:19:27
P-019197,S3_Assembly,missing_fastener,56210.06416596202,1.0,OP-101,2024-02-09 06:50:18
P-021719,S1_CNC_Machining,surface_finish,49324.9961697448,1.0,,2024-02-04 12:05:03
P-005337,S5_Packaging,label_error,18150.183199995492,,OP-201,2024-01-13 20:29:56
P-054366,S1_CNC_Machining,tool_wear_mark,123822.40365335363,3.0,,2024-03-27 05:42:20
P-018862,S3_Assembly,misalignment,55206.75918837028,2.0,OP-203,2024-02-08 14:06:24
P-038324,S3_Assembly,cosmetic_scratch,112267.57844246461,3.0,OP-301,2024-03-19 05:07:50
P-025057,S3_Assembly,incorrect_torque,73387.18060951262,3.0,OP-302,2024-02-21 05:07:26
P-051874,S1_CNC_Machining,tool_wear_mark,118218.8448808688,1.0,,2024-03-23 08:18:29
P-017440,S1_CNC_Machining,surface_finish,39574.59269103545,2.0,,2024-01-28 17:34:30
P-020097,S1_CNC_Machining,dimensional_error,45610.58142328928,3.0,,2024-02-01 22:10:06
P-025376,S3_Assembly,misalignment,74325.71652110806,2.0,OP-203,2024-02-21 20:45:18
P-018473,S2_Welding,spatter_damage,54081.29522068194,2.0,,2024-02-07 19:21:14
P-003355,S2_Welding,porosity,9746.627382270128,3.0,,2024-01-08 00:26:47
P-003219,S3_Assembly,misalignment,9344.865156133124,2.0,OP-202,2024-01-07 17:44:38
P-051576,S1_CNC_Machining,tool_wear_mark,117555.38478969173,2.0,,2024-03-22 21:15:51
P-019826,S3_Assembly,incorrect_torque,58106.75905394438,2.0,OP-202,2024-02-10 14:27:00
P-019655,S1_CNC_Machining,surface_finish,44625.693036710094,3.0,,2024-02-01 05:46:00
P-040983,S3_Assembly,cosmetic_scratch,120081.51096256073,2.0,OP-201,2024-03-24 15:21:13
P-036161,S3_Assembly,incorrect_torque,105885.87186947784,2.0,OP-201,2024-03-14 18:45:23
P-048977,S1_CNC_Machining,tool_wear_mark,111586.57496321999,2.0,,2024-03-18 17:46:35
P-001849,S3_Assembly,misalignment,5369.519167925102,3.0,OP-301,2024-01-04 23:29:55
P-020364,S3_Assembly,cosmetic_scratch,59738.455298719,2.0,OP-202,2024-02-11 17:38:50
P-037441,S1_CNC_Machining,surface_finish,85225.58699826933,1.0,,2024-02-29 10:25:58
P-021725,S1_CNC_Machining,dimensional_error,49338.70482234907,1.0,,2024-02-04 12:18:23
P-041114,S3_Assembly,cosmetic_scratch,120463.42793131502,2.0,OP-203,2024-03-24 21:43:35
P-005926,S5_Packaging,packaging_damage,20198.509257434634,1.0,OP-103,2024-01-15 06:38:24
P-026425,S3_Assembly,cosmetic_scratch,77390.66733709142,3.0,OP-301,2024-02-23 23:51:09
P-000093,S3_Assembly,incorrect_torque,318.6089853536384,1.0,OP-103,2024-01-01 11:18:35
P-018008,S2_Welding,porosity,52702.104859866,2.0,,2024-02-06 20:22:21
P-021861,S1_CNC_Machining,dimensional_error,49648.61729206905,2.0,,2024-02-04 17:29:02
P-002192,S3_Assembly,missing_fastener,6354.900490695115,2.0,OP-203,2024-01-05 15:54:40
P-051714,S1_CNC_Machining,surface_finish,117861.07481288038,3.0,,2024-03-23 02:21:16
P-014777,S3_Assembly,incorrect_torque,43188.92324593882,3.0,OP-301,2024-01-31 05:48:44
P-027292,S3_Assembly,missing_fastener,79903.50295042607,2.0,OP-203,2024-02-25 17:43:36
P-008275,S3_Assembly,cosmetic_scratch,24160.069528145534,3.0,OP-301,2024-01-18 00:39:40
P-039592,S3_Assembly,cosmetic_scratch,115977.88764987049,2.0,OP-202,2024-03-21 18:58:17
P-029894,S1_CNC_Machining,dimensional_error,68047.04024636457,1.0,,2024-02-17 12:07:23
P-034928,S2_Welding,weak_weld,102267.79820282078,1.0,,2024-03-12 06:27:28
P-037907,S3_Assembly,misalignment,111035.99071710424,1.0,OP-103,2024-03-18 08:35:56
P-032875,S1_CNC_Machining,tool_wear_mark,74822.7003475151,3.0,,2024-02-22 05:03:06
P-005959,S1_CNC_Machining,tool_wear_mark,13566.135576232135,2.0,,2024-01-10 16:06:29
P-032512,S1_CNC_Machining,tool_wear_mark,74002.77646756536,2.0,,2024-02-21 15:22:42
P-051619,S1_CNC_Machining,surface_finish,117651.58211334229,3.0,,2024-03-22 22:51:12
P-052487,S1_CNC_Machining,dimensional_error,119599.66942349881,1.0,,2024-03-24 07:19:12
P-010334,S2_Welding,spatter_damage,30185.53192262675,3.0,,2024-01-22 05:05:40
P-007403,S1_CNC_Machining,dimensional_error,16780.378095399818,2.0,,2024-01-12 21:40:08
P-035916,S1_CNC_Machining,tool_wear_mark,81705.06947907065,3.0,,2024-02-26 23:45:26
P-003872,S1_CNC_Machining,dimensional_error,8783.736559648962,1.0,,2024-01-07 08:23:58
P-026022,S2_Welding,spatter_damage,76209.40050529415,3.0,,2024-02-23 04:09:53
P-032927,S1_CNC_Machining,dimensional_error,74943.10491508339,,,2024-02-22 07:02:51
P-010729,S5_Packaging,packaging_damage,36760.409650850954,2.0,OP-202,2024-01-26 18:40:54
P-003960,S3_Assembly,cosmetic_scratch,11542.277529770008,1.0,OP-102,2024-01-09 06:21:58
P-031976,S1_CNC_Machining,dimensional_error,72786.10254121796,2.0,,2024-02-20 19:06:07
P-030865,S3_Assembly,incorrect_torque,90447.29211506237,3.0,OP-301,2024-03-04 01:27:46
P-043469,S1_CNC_Machining,surface_finish,,3.0,,2024-03-09 23:25:21
P-016693,S1_CNC_Machining,dimensional_error,37890.59878486155,1.0,,2024-01-27 13:30:30
P-042997,S1_CNC_Machining,dimensional_error,97898.8217407016,3.0,,2024-03-09 05:38:56
P-040089,S3_Assembly,missing_fastener,117429.28441156304,2.0,OP-202,2024-03-22 19:09:21
P-031337,S3_Assembly,incorrect_torque,91810.95838873334,3.0,OP-301,2024-03-05 00:10:33
P-014864,S1_CNC_Machining,surface_finish,33759.401233576915,2.0,,2024-01-24 16:39:51
P-042010,S1_CNC_Machining,surface_finish,95596.14069923163,2.0,,2024-03-07 15:16:32
P-014757,S1_CNC_Machining,tool_wear_mark,33521.85823530426,1.0,,2024-01-24 12:41:37
P-055125,S1_CNC_Machining,dimensional_error,125539.9068154133,1.0,,2024-03-28 10:19:52
P-039405,S2_Welding,weak_weld,115435.39035903478,1.0,,2024-03-21 09:55:22
P-030537,S3_Assembly,missing_fastener,89435.19186660145,1.0,OP-103,2024-03-03 08:35:15
P-034762,S1_CNC_Machining,surface_finish,79118.07647720097,3.0,,2024-02-25 04:38:12
P-049232,S1_CNC_Machining,surface_finish,112166.49281607215,3.0,,2024-03-19 03:26:51
P-017127,S2_Welding,spatter_damage,50112.949123860344,3.0,,2024-02-05 01:13:02
P-055884,S1_CNC_Machining,tool_wear_mark,127229.12755776019,2.0,,2024-03-29 14:28:41
P-024972,S1_CNC_Machining,tool_wear_mark,56762.08474640655,2.0,,2024-02-09 16:02:22
P-001105,S2_Welding,spatter_damage,3229.3957077718587,1.0,,2024-01-03 11:49:35
P-008316,S3_Assembly,missing_fastener,24272.879550272053,3.0,OP-301,2024-01-18 02:32:56
P-007258,S3_Assembly,cosmetic_scratch,21147.382134879743,3.0,OP-301,2024-01-15 22:27:11
P-033107,S3_Assembly,cosmetic_scratch,96932.35779505926,1.0,OP-102,2024-03-08 13:32:49
P-014365,S3_Assembly,misalignment,41981.590915128596,1.0,OP-101,2024-01-30 09:41:28
P-010961,S3_Assembly,misalignment,32025.490297523113,1.0,OP-102,2024-01-23 11:45:55
P-004261,S3_Assembly,cosmetic_scratch,12408.385539603973,2.0,OP-201,2024-01-09 20:48:23
P-039293,S3_Assembly,misalignment,115119.49705386224,3.0,OP-302,2024-03-21 04:39:32
P-018419,S2_Welding,weak_weld,53916.65739039525,2.0,,2024-02-07 16:36:40
P-036643,S1_CNC_Machining,tool_wear_mark,83339.12548368241,3.0,,2024-02-28 02:59:23
P-018104,S2_Welding,porosity,52983.115669035535,3.0,,2024-02-07 01:02:46
P-012890,S3_Assembly,incorrect_torque,37646.47173737653,1.0,OP-104,2024-01-27 09:26:03
P-010141,S1_CNC_Machining,tool_wear_mark,23007.932716938216,3.0,,2024-01-17 05:27:40
P-003810,S3_Assembly,incorrect_torque,11100.615550710676,3.0,OP-302,2024-01-08 23:00:34
P-053307,S1_CNC_Machining,dimensional_error,121455.86716978771,2.0,,2024-03-25 14:15:35
P-034331,S3_Assembly,misalignment,100543.37188098495,3.0,OP-302,2024-03-11 01:43:02
P-042617,S2_Welding,spatter_damage,124852.25811210516,3.0,,2024-03-27 22:52:23
P-039123,S2_Welding,porosity,114597.28027193366,2.0,,2024-03-20 19:57:40
P-032762,S3_Assembly,cosmetic_scratch,95961.98525902854,2.0,OP-202,2024-03-07 21:21:47
P-037898,S3_Assembly,misalignment,111017.9405694457,1.0,OP-102,2024-03-18 08:17:42
P-033578,S3_Assembly,incorrect_torque,98292.94840662666,1.0,OP-103,2024-03-09 12:12:57
P-006194,S3_Assembly,misalignment,18058.453851498874,2.0,OP-203,2024-01-13 18:58:15
P-038377,S3_Assembly,cosmetic_scratch,112422.16319521677,1.0,OP-101,2024-03-19 07:41:43
P-020598,S2_Welding,porosity,60393.564623397804,3.0,,2024-02-12 04:33:20
P-034642,S1_CNC_Machining,surface_finish,78847.85886001331,3.0,,2024-02-25 00:08:10
P-021607,S1_CNC_Machining,surface_finish,49038.37671413557,1.0,,2024-02-04 07:18:50
P-041658,S1_CNC_Machining,surface_finish,94802.20290678783,3.0,,2024-03-07 02:01:54
P-037483,S1_CNC_Machining,dimensional_error,85320.4826335454,1.0,,2024-02-29 12:00:58
P-016906,S3_Assembly,cosmetic_scratch,49476.62099480433,2.0,OP-201,2024-02-04 14:36:53
P-010445,S3_Assembly,incorrect_torque,30516.774636613696,1.0,OP-103,2024-01-22 10:36:51
P-012328,S3_Assembly,cosmetic_scratch,36004.686246502526,3.0,OP-301,2024-01-26 06:04:40
P-039551,S3_Assembly,misalignment,115857.23436141266,2.0,OP-201,2024-03-21 16:57:33
P-004323,S3_Assembly,missing_fastener,12588.392592125234,3.0,OP-301,2024-01-09 23:48:21
P-020214,S1_CNC_Machining,surface_finish,45872.52005051771,3.0,,2024-02-02 02:32:48
P-004222,S3_Assembly,incorrect_torque,12291.978738791648,2.0,OP-202,2024-01-09 18:51:54
P-040454,S3_Assembly,missing_fastener,118518.69604357253,1.0,OP-103,2024-03-23 13:18:44
P-022119,S1_CNC_Machining,surface_finish,50223.49644959917,,,2024-02-05 03:03:08
P-016620,S1_CNC_Machining,tool_wear_mark,37724.748402019846,1.0,,2024-01-27 10:44:27
P-044265,S1_CNC_Machining,surface_finish,,3.0,,2024-03-11 05:42:16
P-018913,S5_Packaging,label_error,64821.28242592907,1.0,OP-102,2024-02-15 06:21:26
P-030102,S3_Assembly,missing_fastener,88159.39281095495,1.0,OP-103,2024-03-02 11:19:21
P-014451,S3_Assembly,cosmetic_scratch,42230.06728742561,1.0,OP-103,2024-01-30 13:50:26
P-014188,S1_CNC_Machining,tool_wear_mark,32229.43909585859,2.0,,2024-01-23 15:09:33
P-031740,S1_CNC_Machining,tool_wear_mark,72261.40105611912,1.0,,2024-02-20 10:21:15
P-023590,S5_Packaging,label_error,80852.14765895598,1.0,OP-104,2024-02-26 09:31:48
P-009220,S5_Packaging,label_error,31540.670141323368,3.0,OP-302,2024-01-23 03:40:19
P-014460,S3_Assembly,missing_fastener,42260.7476560539,2.0,OP-202,2024-01-30 14:20:40
P-039457,S1_CNC_Machining,dimensional_error,89831.07354037481,2.0,,2024-03-03 15:10:43
P-030822,S3_Assembly,incorrect_torque,90321.52395121065,3.0,OP-301,2024-03-03 23:21:32
P-023437,S3_Assembly,cosmetic_scratch,68677.62828378138,3.0,OP-301,2024-02-17 22:37:30
P-010984,S1_CNC_Machining,dimensional_error,24903.846984697004,1.0,,2024-01-18 13:03:52
P-039733,S3_Assembly,incorrect_torque,116373.8903692338,3.0,OP-302,2024-03-22 01:33:32
P-006357,S3_Assembly,cosmetic_scratch,18533.28646135083,3.0,OP-301,2024-01-14 02:53:24
P-013464,S1_CNC_Machining,surface_finish,30534.69175744054,1.0,,2024-01-22 10:54:43
P-039351,S1_CNC_Machining,dimensional_error,89591.08935080624,1.0,,2024-03-03 11:11:19
P-027484,S3_Assembly,missing_fastener,80474.43944161935,3.0,OP-302,2024-02-26 03:14:27
P-025641,S1_CNC_Machining,surface_finish,58264.967144412076,,,2024-02-10 17:04:43
P-009590,S3_Assembly,misalignment,28016.28739546041,2.0,OP-202,2024-01-20 16:56:15
P-024124,S2_Welding,weak_weld,70689.57776977323,1.0,,2024-02-19 08:09:41
P-013649,S1_CNC_Machining,surface_finish,30998.182290797908,2.0,,2024-01-22 18:38:10
P-038490,S1_CNC_Machining,dimensional_error,87650.2760787021,3.0,,2024-03-02 02:50:27
P-043453,S1_CNC_Machining,surface_finish,98933.02300675519,3.0,,2024-03-09 22:52:54
P-027046,S3_Assembly,cosmetic_scratch,79195.74698201209,3.0,OP-301,2024-02-25 05:55:59
P-037471,S1_CNC_Machining,tool_wear_mark,85295.48034871934,1.0,,2024-02-29 11:35:41
P-001025,S5_Packaging,label_error,3499.0448793080436,2.0,OP-202,2024-01-03 16:19:08
P-033413,S3_Assembly,cosmetic_scratch,97818.55164723983,3.0,OP-302,2024-03-09 04:18:16
P-032925,S1_CNC_Machining,dimensional_error,,1.0,,2024-02-22 06:58:31
P-008005,S1_CNC_Machining,dimensional_error,18152.541431012414,2.0,,2024-01-13 20:32:53
P-021696,S1_CNC_Machining,surface_finish,49277.408241697645,1.0,,2024-02-04 11:17:36
P-023168,S3_Assembly,missing_fastener,67875.57178891456,1.0,OP-101,2024-02-17 09:15:22
P-039966,S3_Assembly,misalignment,117082.67286844143,,OP-102,2024-03-22 13:22:44
P-038263,S2_Welding,spatter_damage,112087.73729408815,3.0,,2024-03-19 02:08:01
P-003295,S2_Welding,weak_weld,9572.94958639024,2.0,,2024-01-07 21:32:49
P-043145,S3_Assembly,missing_fastener,126427.22031929591,3.0,OP-302,2024-03-29 01:07:18
P-012742,S3_Assembly,misalignment,37228.7704715069,3.0,OP-301,2024-01-27 02:29:10
P-040692,S3_Assembly,incorrect_torque,119216.42050197108,3.0,OP-301,2024-03-24 00:55:56
P-005116,S3_Assembly,misalignment,14910.562032423366,2.0,OP-203,2024-01-11 14:30:58
P-036461,S3_Assembly,missing_fastener,106777.69776250118,1.0,OP-101,2024-03-15 09:38:01
P-026882,S3_Assembly,misalignment,78722.7897718659,2.0,OP-203,2024-02-24 22:02:34
P-021532,S3_Assembly,cosmetic_scratch,63128.37536851786,3.0,OP-302,2024-02-14 02:07:53
P-034872,S2_Welding,weak_weld,102106.35579421475,3.0,,2024-03-12 03:46:34
P-032003,S3_Assembly,incorrect_torque,93743.82727617407,1.0,OP-103,2024-03-06 08:24:09
P-035622,S3_Assembly,misalignment,104293.78428384311,2.0,OP-203,2024-03-13 16:14:16
P-048714,S1_CNC_Machining,surface_finish,110991.03419925006,1.0,,2024-03-18 07:50:55
P-043759,S2_Welding,porosity,128190.26359348411,1.0,,2024-03-30 06:29:59
P-019740,S2_Welding,spatter_damage,57829.88623819084,1.0,,2024-02-10 09:49:40
P-014674,S3_Assembly,missing_fastener,42891.478963067486,3.0,OP-302,2024-01-31 00:51:52
P-048202,S1_CNC_Machining,surface_finish,109768.69866970011,1.0,,2024-03-17 11:28:23
P-010155,S3_Assembly,incorrect_torque,29668.721826791596,2.0,OP-202,2024-01-21 20:28:30
P-032966,S1_CNC_Machining,tool_wear_mark,75027.78423300038,1.0,,2024-02-22 08:27:47
P-027360,S3_Assembly,misalignment,80102.88363539711,2.0,OP-201,2024-02-25 21:02:30
P-023193,S3_Assembly,incorrect_torque,67940.18202666225,1.0,OP-103,2024-02-17 10:20:25
P-032196,S3_Assembly,missing_fastener,94312.79750858844,2.0,OP-203,2024-03-06 17:52:59
P-004984,S5_Packaging,label_error,16946.95256976732,3.0,OP-301,2024-01-13 00:26:50
P-025858,S3_Assembly,incorrect_torque,75726.56994787768,2.0,OP-203,2024-02-22 20:07:03
P-031023,S3_Assembly,missing_fastener,90904.62978301819,1.0,OP-104,2024-03-04 09:05:02
P-006310,S3_Assembly,incorrect_torque,18409.110478878065,3.0,OP-301,2024-01-14 00:48:38
P-002943,S5_Packaging,packaging_damage,10055.594652569112,3.0,OP-302,2024-01-08 05:35:58
P-037557,S1_CNC_Machining,tool_wear_mark,85479.19942148725,2.0,,2024-02-29 14:38:53
P-014214,S2_Welding,porosity,41540.572264998955,3.0,,2024-01-30 02:20:58
P-007262,S3_Assembly,cosmetic_scratch,21162.14045334201,3.0,OP-301,2024-01-15 22:42:12
P-039098,S1_CNC_Machining,dimensional_error,89029.37454727052,,,2024-03-03 01:49:08
P-047165,S1_CNC_Machining,surface_finish,107373.35409255551,2.0,,2024-03-15 19:33:48
P-006749,S1_CNC_Machining,surface_finish,15326.755010029856,2.0,,2024-01-11 21:27:04
P-000951,S3_Assembly,cosmetic_scratch,2789.1453517017717,3.0,OP-301,2024-01-03 04:29:21
P-003488,S3_Assembly,cosmetic_scratch,10136.208113712404,1.0,OP-104,2024-01-08 06:55:55
P-036612,S1_CNC_Machining,dimensional_error,83266.08321974741,3.0,,2024-02-28 01:46:05
P-015210,S2_Welding,porosity,44491.51896867596,3.0,,2024-02-01 03:31:30
P-044073,S3_Assembly,missing_fastener,129096.80955175991,2.0,OP-201,2024-03-30 21:36:33
P-049315,S1_CNC_Machining,dimensional_error,112353.0581446954,1.0,,2024-03-19 06:33:25
P-026696,S3_Assembly,missing_fastener,78170.45274783798,1.0,OP-102,2024-02-24 12:50:29
P-043889,S3_Assembly,cosmetic_scratch,128567.5239644863,1.0,OP-101,2024-03-30 12:47:48
P-016389,S5_Packaging,label_error,56212.441709277686,1.0,OP-102,2024-02-09 06:52:20
P-008374,S1_CNC_Machining,tool_wear_mark,18980.23681789747,1.0,,2024-01-14 10:19:53
P-023496,S3_Assembly,cosmetic_scratch,68842.7782705149,,OP-301,2024-02-18 01:22:58
P-047129,S1_CNC_Machining,tool_wear_mark,107290.4584506661,2.0,,2024-03-15 18:10:15
P-031326,S2_Welding,weak_weld,91774.99964403598,3.0,,2024-03-04 23:34:51
P-037663,S3_Assembly,incorrect_torque,110332.02361708156,2.0,OP-201,2024-03-17 20:51:33
P-029146,S1_CNC_Machining,dimensional_error,66375.45762913142,1.0,,2024-02-16 08:15:14
P-051596,S1_CNC_Machining,surface_finish,117601.24975275139,2.0,,2024-03-22 22:01:39
P-012398,S1_CNC_Machining,dimensional_error,28082.42649364539,2.0,,2024-01-20 18:02:39
P-046365,S1_CNC_Machining,tool_wear_mark,105567.10656387331,1.0,,2024-03-14 13:27:00
P-041850,S1_CNC_Machining,dimensional_error,95232.94091697384,1.0,,2024-03-07 09:12:58
P-025214,S3_Assembly,misalignment,73848.50169158897,1.0,OP-102,2024-02-21 12:48:13
P-047453,S1_CNC_Machining,surface_finish,108030.9392409997,1.0,,2024-03-16 06:30:48
P-014665,S3_Assembly,misalignment,42859.133096835234,3.0,OP-301,2024-01-31 00:18:41
P-022511,S3_Assembly,misalignment,65976.31309190931,3.0,OP-302,2024-02-16 01:36:07
P-034732,S3_Assembly,incorrect_torque,,2.0,OP-203,2024-03-11 21:05:30
P-041491,S2_Welding,spatter_damage,121598.1687077607,2.0,,2024-03-25 16:38:01
P-015751,S2_Welding,spatter_damage,46074.98962060536,3.0,,2024-02-02 05:55:18
P-007475,S3_Assembly,incorrect_torque,21780.35343888244,1.0,OP-101,2024-01-16 09:00:25
P-033064,S2_Welding,porosity,96809.04933534241,1.0,,2024-03-08 11:29:20
P-010158,S1_CNC_Machining,tool_wear_mark,23044.605152403747,3.0,,2024-01-17 06:04:33
P-002410,S5_Packaging,label_error,8190.2325493390235,3.0,OP-301,2024-01-06 22:30:26
P-033579,S1_CNC_Machining,tool_wear_mark,76467.59697118442,1.0,,2024-02-23 08:27:21
P-036832,S1_CNC_Machining,surface_finish,83795.98778134219,1.0,,2024-02-28 10:35:42
P-012523,S3_Assembly,misalignment,36594.20488081418,2.0,OP-203,2024-01-26 15:53:45
P-009097,S3_Assembly,incorrect_torque,26577.845227274087,2.0,OP-201,2024-01-19 16:57:59
P-033344,S1_CNC_Machining,surface_finish,75938.25736807052,3.0,,2024-02-22 23:38:00
P-015247,S3_Assembly,misalignment,44596.16566823272,3.0,OP-302,2024-02-01 05:15:41
P-023030,S3_Assembly,missing_fastener,67466.73637462001,3.0,OP-302,2024-02-17 02:26:23
P-029497,S5_Packaging,label_error,101089.03866038345,1.0,OP-104,2024-03-11 10:49:04
P-030280,S3_Assembly,missing_fastener,88704.50752138262,2.0,OP-202,2024-03-02 20:24:32
P-056314,S1_CNC_Machining,surface_finish,128196.29438080735,1.0,,2024-03-30 06:36:10
P-024627,S1_CNC_Machining,tool_wear_mark,55885.149157835745,3.0,,2024-02-09 01:25:13
P-040818,S3_Assembly,misalignment,119560.22279213027,1.0,OP-104,2024-03-24 06:40:21
P-056042,S1_CNC_Machining,surface_finish,127576.00298406095,2.0,,2024-03-29 20:16:01
P-015277,S2_Welding,weak_weld,44679.8786522621,1.0,,2024-02-01 06:39:59
P-022945,S3_Assembly,cosmetic_scratch,67205.6610020034,,OP-202,2024-02-16 22:06:06
P-027099,S1_CNC_Machining,surface_finish,61646.12090720397,3.0,,2024-02-13 01:25:47
P-027322,S3_Assembly,missing_fastener,79993.65214912064,2.0,OP-202,2024-02-25 19:13:59
P-028368,S3_Assembly,cosmetic_scratch,83072.66618779741,3.0,OP-302,2024-02-27 22:32:37
P-019733,S3_Assembly,incorrect_torque,57808.29617337588,1.0,OP-102,2024-02-10 09:28:21
P-028960,S2_Welding,porosity,84830.42303224659,3.0,,2024-02-29 03:50:00
P-054275,S1_CNC_Machining,tool_wear_mark,123616.63888155179,3.0,,2024-03-27 02:16:35
P-037165,S3_Assembly,missing_fastener,108863.63079872055,2.0,OP-202,2024-03-16 20:23:35
P-039979,S1_CNC_Machining,dimensional_error,91006.26103908675,1.0,,2024-03-04 10:46:39
P-025267,S3_Assembly,incorrect_torque,74001.54857157872,2.0,OP-202,2024-02-21 15:21:55
P-027847,S5_Packaging,label_error,95447.52354542352,1.0,OP-104,2024-03-07 12:47:03
P-015675,S2_Welding,spatter_damage,45845.28005506203,3.0,,2024-02-02 02:05:24
P-038930,S2_Welding,spatter_damage,114035.0001690933,1.0,,2024-03-20 10:35:27
P-037564,S1_CNC_Machining,tool_wear_mark,85495.64192774968,2.0,,2024-02-29 14:55:51
P-027329,S1_CNC_Machining,dimensional_error,62197.8715205447,1.0,,2024-02-13 10:37:57
P-006438,S1_CNC_Machining,tool_wear_mark,14630.838779328205,1.0,,2024-01-11 09:50:28
P-017590,S1_CNC_Machining,dimensional_error,39916.79837110575,3.0,,2024-01-28 23:16:45
P-048105,S1_CNC_Machining,surface_finish,109556.05160845027,1.0,,2024-03-17 07:56:06
P-039890,S1_CNC_Machining,surface_finish,90810.22068744927,1.0,,2024-03-04 07:29:44
P-034029,S2_Welding,porosity,99615.6955436302,1.0,,2024-03-10 10:15:11
P-004798,S3_Assembly,incorrect_torque,13950.041989950523,,OP-301,2024-01-10 22:30:08
P-026171,S3_Assembly,misalignment,76658.83119855454,1.0,OP-103,2024-02-23 11:39:08
P-005583,S1_CNC_Machining,tool_wear_mark,,3.0,,2024-01-10 00:52:27
P-012584,S1_CNC_Machining,tool_wear_mark,28501.44864387249,3.0,,2024-01-21 01:01:27
P-020072,S1_CNC_Machining,tool_wear_mark,45554.78551571203,2.0,,2024-02-01 21:15:00
P-011696,S1_CNC_Machining,surface_finish,26502.088190551567,2.0,,2024-01-19 15:42:34
P-017873,S3_Assembly,misalignment,52306.56700219554,1.0,OP-102,2024-02-06 13:46:55
P-010427,S2_Welding,weak_weld,30457.67772885575,1.0,,2024-01-22 09:38:02
P-033556,S1_CNC_Machining,surface_finish,76417.63862178687,1.0,,2024-02-23 07:37:10
P-001264,S1_CNC_Machining,surface_finish,2855.5269459734072,3.0,,2024-01-03 05:35:20
P-008231,S1_CNC_Machining,tool_wear_mark,18665.784385982217,3.0,,2024-01-14 05:05:27
P-042835,S2_Welding,porosity,125538.16112798885,1.0,,2024-03-28 10:17:47
P-034042,S3_Assembly,missing_fastener,99654.05107354489,1.0,OP-103,2024-03-10 10:53:41
P-007274,S3_Assembly,missing_fastener,21200.201882266098,3.0,OP-301,2024-01-15 23:19:50
P-001299,S1_CNC_Machining,dimensional_error,2933.28026673263,1.0,,2024-01-03 06:52:49
P-042635,S3_Assembly,incorrect_torque,124909.72028530028,3.0,OP-302,2024-03-27 23:49:59
P-042285,S3_Assembly,misalignment,123888.89970452002,1.0,OP-102,2024-03-27 06:49:03
P-007025,S1_CNC_Machining,surface_finish,15942.389252047313,1.0,,2024-01-12 07:42:08
P-040963,S3_Assembly,missing_fastener,120015.99556951216,2.0,OP-202,2024-03-24 14:16:13
P-040017,S3_Assembly,incorrect_torque,117220.04174363987,2.0,OP-203,2024-03-22 15:39:55
P-037955,S3_Assembly,missing_fastener,111170.30778075432,1.0,OP-104,2024-03-18 10:50:29
P-011432,S1_CNC_Machining,surface_finish,25925.112770864023,3.0,,2024-01-19 06:04:48
P-009989,S1_CNC_Machining,tool_wear_mark,22673.54416715091,3.0,,2024-01-16 23:53:49
P-000058,S3_Assembly,misalignment,213.42261868464675,,OP-102,2024-01-01 09:33:28
P-028226,S3_Assembly,missing_fastener,82674.49133748443,2.0,OP-203,2024-02-27 15:54:35
P-037286,S1_CNC_Machining,tool_wear_mark,84883.17947318942,3.0,,2024-02-29 04:42:41
P-031615,S1_CNC_Machining,surface_finish,71964.202594536,,,2024-02-20 05:24:03
P-023067,S2_Welding,spatter_damage,67565.96376570883,3.0,,2024-02-17 04:06:06
P-035642,S2_Welding,porosity,104346.34157232316,2.0,,2024-03-13 17:06:00
P-020600,S1_CNC_Machining,dimensional_error,46734.073405416515,2.0,,2024-02-02 16:54:23
P-010413,S3_Assembly,cosmetic_scratch,30424.164042510867,1.0,OP-103,2024-01-22 09:03:44
P-039059,S1_CNC_Machining,tool_wear_mark,88943.36393787677,3.0,,2024-03-03 00:23:50
P-004237,S5_Packaging,label_error,14427.161540332283,1.0,OP-102,2024-01-11 06:27:06
P-034878,S3_Assembly,incorrect_torque,102128.90290491268,3.0,OP-301,2024-03-12 04:08:45
P-044475,S1_CNC_Machining,surface_finish,101263.78480829309,1.0,,2024-03-11 13:43:27
P-048819,S1_CNC_Machining,surface_finish,111232.08700871485,1.0,,2024-03-18 11:51:46
P-009639,S1_CNC_Machining,tool_wear_mark,21891.29095177259,1.0,,2024-01-16 10:51:36
P-015596,S5_Packaging,packaging_damage,53483.925397173996,1.0,OP-103,2024-02-07 09:24:25
P-032857,S1_CNC_Machining,dimensional_error,74784.27884378457,3.0,,2024-02-22 04:24:29
P-013638,S1_CNC_Machining,surface_finish,30974.99843775744,2.0,,2024-01-22 18:14:39
P-008710,S3_Assembly,missing_fastener,25448.54733430807,2.0,OP-201,2024-01-18 22:08:16
P-024844,S2_Welding,spatter_damage,72756.51504501436,2.0,,2024-02-20 18:36:27
P-035318,S5_Packaging,label_error,120919.14596086903,3.0,OP-301,2024-03-25 05:19:28
P-030408,S5_Packaging,label_error,104184.03345306586,2.0,OP-201,2024-03-13 14:23:40
P-021992,S3_Assembly,incorrect_torque,64455.35844800124,3.0,OP-302,2024-02-15 00:15:13
P-037713,S3_Assembly,cosmetic_scratch,110480.91021554712,3.0,OP-301,2024-03-17 23:21:06
P-037886,S2_Welding,porosity,110974.6614325593,1.0,,2024-03-18 07:34:31
P-027215,S3_Assembly,misalignment,79687.72181375204,1.0,OP-103,2024-02-25 14:07:24
P-005709,S1_CNC_Machining,dimensional_error,12938.689532670325,3.0,,2024-01-10 05:38:39
P-029236,S1_CNC_Machining,tool_wear_mark,66574.32860076413,1.0,,2024-02-16 11:34:15
P-016979,S3_Assembly,misalignment,49687.00463354054,2.0,OP-202,2024-02-04 18:07:01
P-004642,S3_Assembly,misalignment,13513.040736036906,2.0,OP-203,2024-01-10 15:13:17
P-033215,S1_CNC_Machining,surface_finish,75644.65331326977,2.0,,2024-02-22 18:44:16
P-034056,S5_Packaging,packaging_damage,116577.54255452935,3.0,OP-302,2024-03-22 04:57:13
P-037901,S1_CNC_Machining,dimensional_error,86257.55043565208,3.0,,2024-03-01 03:37:25
P-006787,S2_Welding,porosity,19787.657181006896,3.0,,2024-01-14 23:47:49
P-047949,S1_CNC_Machining,surface_finish,109199.11720704466,3.0,,2024-03-17 01:58:37
P-016823,S1_CNC_Machining,tool_wear_mark,38179.74918888535,2.0,,2024-01-27 18:19:51
P-030155,S1_CNC_Machining,surface_finish,68629.92256449825,2.0,,2024-02-17 21:50:14
P-001652,S1_CNC_Machining,surface_finish,3738.7823722795124,2.0,,2024-01-03 20:18:55
P-035808,S1_CNC_Machining,tool_wear_mark,81459.95845323254,2.0,,2024-02-26 19:40:15
P-015744,S3_Assembly,incorrect_torque,46062.27419038285,3.0,OP-302,2024-02-02 05:42:23
P-026753,S3_Assembly,cosmetic_scratch,78341.80790799802,2.0,OP-201,2024-02-24 15:41:39
P-056701,S1_CNC_Machining,surface_finish,129068.85634548245,2.0,,2024-03-30 21:09:18
P-045986,S1_CNC_Machining,dimensional_error,104712.00602807838,3.0,,2024-03-13 23:12:19
P-032382,S1_CNC_Machining,tool_wear_mark,73702.79954625649,1.0,,2024-02-21 10:22:24
P-022604,S1_CNC_Machining,tool_wear_mark,51323.77895872363,2.0,,2024-02-05 21:24:07
P-004904,S3_Assembly,incorrect_torque,14286.44882616311,3.0,OP-302,2024-01-11 04:06:09
P-021671,S1_CNC_Machining,tool_wear_mark,49219.22596943762,1.0,,2024-02-04 10:19:14
P-019012,S3_Assembly,incorrect_torque,55658.52780223946,2.0,OP-201,2024-02-08 21:38:33
P-001032,S3_Assembly,cosmetic_scratch,3028.8489689136427,1.0,OP-103,2024-01-03 08:28:26
P-040566,S1_CNC_Machining,surface_finish,92321.20469708776,1.0,,2024-03-05 08:40:47
P-030845,S3_Assembly,incorrect_torque,90392.02828682456,3.0,OP-302,2024-03-04 00:31:46
P-008494,S2_Welding,spatter_damage,24810.698754039375,1.0,,2024-01-18 11:30:39
P-027435,S2_Welding,spatter_damage,80325.2345352539,3.0,,2024-02-26 00:45:24
P-008775,S2_Welding,porosity,25629.04672520494,3.0,,2024-01-19 01:08:45
P-027425,S1_CNC_Machining,tool_wear_mark,62446.19953304074,2.0,,2024-02-13 14:46:29
P-002030,S1_CNC_Machining,dimensional_error,4577.358987042158,1.0,,2024-01-04 10:17:04
P-010288,S3_Assembly,cosmetic_scratch,30058.412983068014,3.0,OP-301,2024-01-22 02:58:51
P-007753,S1_CNC_Machining,dimensional_error,17550.908471498868,1.0,,2024-01-13 10:31:14
P-054854,S1_CNC_Machining,tool_wear_mark,124923.50858076279,3.0,,2024-03-28 00:03:12
P-006681,S1_CNC_Machining,tool_wear_mark,15178.264915144837,2.0,,2024-01-11 18:58:23
P-039206,S3_Assembly,incorrect_torque,114859.8801963465,3.0,OP-302,2024-03-21 00:19:51
P-002582,S2_Welding,spatter_damage,7493.627176998254,1.0,,2024-01-06 10:53:32
P-031840,S2_Welding,weak_weld,93262.08007501009,3.0,,2024-03-06 00:22:20
P-055250,S1_CNC_Machining,dimensional_error,125815.92554683829,2.0,,2024-03-28 14:55:37
P-009573,S3_Assembly,misalignment,27964.398357473627,2.0,OP-203,2024-01-20 16:04:02
P-030429,S1_CNC_Machining,dimensional_error,69238.88217462851,1.0,,2024-02-18 07:58:36
P-037568,S2_Welding,spatter_damage,110025.5265875408,2.0,,2024-03-17 15:45:32
P-012433,S1_CNC_Machining,surface_finish,28163.969823613108,2.0,,2024-01-20 19:23:30
P-030040,S1_CNC_Machining,tool_wear_mark,68374.16859416635,2.0,,2024-02-17 17:33:44
P-020455,S3_Assembly,incorrect_torque,59997.50757799284,2.0,OP-202,2024-02-11 21:57:51
P-014576,S1_CNC_Machining,tool_wear_mark,33109.58954411512,3.0,,2024-01-24 05:50:01
P-000148,S3_Assembly,missing_fastener,478.9240190872905,1.0,OP-101,2024-01-01 13:58:55
P-028962,S3_Assembly,incorrect_torque,84841.96047716292,3.0,OP-302,2024-02-29 04:01:31
P-007134,S3_Assembly,cosmetic_scratch,20778.970826226127,2.0,OP-203,2024-01-15 16:18:55
P-028421,S3_Assembly,incorrect_torque,83230.62428703545,3.0,OP-302,2024-02-28 01:10:26
P-054870,S1_CNC_Machining,tool_wear_mark,124957.99153595278,3.0,,2024-03-28 00:38:05
P-011098,S1_CNC_Machining,dimensional_error,25161.972293218747,2.0,,2024-01-18 17:21:37
P-001855,S3_Assembly,misalignment,5383.830738538214,3.0,OP-302,2024-01-04 23:43:49
P-031047,S2_Welding,porosity,90969.93603301009,1.0,,2024-03-04 10:09:45
P-023001,S3_Assembly,incorrect_torque,,3.0,OP-301,2024-02-17 00:59:07
P-006155,S1_CNC_Machining,surface_finish,14001.064416593319,3.0,,2024-01-10 23:21:32
P-031985,S3_Assembly,misalignment,93685.76378769318,,OP-101,2024-03-06 07:25:29
P-020388,S1_CNC_Machining,surface_finish,46259.57797842601,1.0,,2024-02-02 08:59:46
P-012132,S1_CNC_Machining,surface_finish,27475.5345058974,1.0,,2024-01-20 07:55:41
P-041242,S1_CNC_Machining,dimensional_error,93863.88113892547,1.0,,2024-03-06 10:24:03
P-041820,S3_Assembly,incorrect_torque,122543.42273324163,1.0,OP-104,2024-03-26 08:23:36
P-008529,S3_Assembly,misalignment,24915.715070565704,1.0,OP-101,2024-01-18 13:15:37
P-028940,S3_Assembly,cosmetic_scratch,84773.62656558806,3.0,OP-302,2024-02-29 02:53:18
P-025185,S2_Welding,spatter_damage,73745.85902573664,1.0,,2024-02-21 11:06:08
P-043696,S3_Assembly,incorrect_torque,128020.65812446672,3.0,OP-302,2024-03-30 03:40:25
P-042990,S3_Assembly,cosmetic_scratch,125989.55965896213,2.0,OP-201,2024-03-28 17:49:17
P-014218,S1_CNC_Machining,tool_wear_mark,32299.486248771944,2.0,,2024-01-23 16:19:38
P-018436,S1_CNC_Machining,surface_finish,41860.01369069144,1.0,,2024-01-30 07:40:16
P-036773,S3_Assembly,misalignment,107692.86429999718,3.0,OP-302,2024-03-16 00:52:49
P-012068,S3_Assembly,misalignment,35254.844173146026,2.0,OP-202,2024-01-25 17:34:42
P-056088,S1_CNC_Machining,surface_finish,127679.4912100173,2.0,,2024-03-29 21:59:01
P-001712,S1_CNC_Machining,surface_finish,3872.5194846672957,3.0,,2024-01-03 22:32:35
P-037375,S3_Assembly,incorrect_torque,109468.9380821376,1.0,OP-104,2024-03-17 06:29:24
P-011038,S1_CNC_Machining,dimensional_error,25025.20234018615,2.0,,2024-01-18 15:05:02
P-035048,S3_Assembly,cosmetic_scratch,102623.56338906745,1.0,OP-104,2024-03-12 12:23:57
P-030070,S3_Assembly,misalignment,88059.28788539865,1.0,OP-102,2024-03-02 09:39:12
P-026410,S2_Welding,spatter_damage,77339.82599832013,3.0,,2024-02-23 23:00:10
P-029837,S5_Packaging,packaging_damage,102283.4505441552,1.0,OP-102,2024-03-12 06:43:45
P-040553,S2_Welding,porosity,118801.80374378266,2.0,,2024-03-23 18:01:38
P-035170,S1_CNC_Machining,tool_wear_mark,80025.0455602368,2.0,,2024-02-25 19:45:10
P-017458,S5_Packaging,packaging_damage,59831.23878844612,2.0,OP-202,2024-02-11 19:11:29
P-000812,S3_Assembly,incorrect_torque,2387.727486075525,2.0,OP-202,2024-01-02 21:47:26
P-023577,S3_Assembly,misalignment,69081.15423989478,3.0,OP-302,2024-02-18 05:21:14
P-037978,S1_CNC_Machining,surface_finish,86430.91947406864,1.0,,2024-03-01 06:30:30
P-002145,S3_Assembly,incorrect_torque,6214.449976975858,1.0,OP-101,2024-01-05 13:34:21
P-036153,S3_Assembly,misalignment,105868.1646979247,2.0,OP-201,2024-03-14 18:27:45
P-038505,S3_Assembly,misalignment,112790.94404364598,1.0,OP-103,2024-03-19 13:51:24
P-013406,S3_Assembly,cosmetic_scratch,39158.97340706892,1.0,OP-102,2024-01-28 10:38:56
P-015401,S3_Assembly,missing_fastener,45053.130728525764,1.0,OP-104,2024-02-01 12:53:27
P-036806,S3_Assembly,missing_fastener,107784.67777456969,3.0,OP-301,2024-03-16 02:24:20
P-013499,S5_Packaging,packaging_damage,46306.351599519934,1.0,OP-102,2024-02-02 09:46:31
P-038133,S1_CNC_Machining,dimensional_error,86777.8746698118,1.0,,2024-03-01 12:18:06
P-041281,S3_Assembly,misalignment,120958.94374558923,3.0,OP-302,2024-03-25 05:59:17
P-010447,S2_Welding,porosity,30514.95613271022,1.0,,2024-01-22 10:35:00
P-026975,S1_CNC_Machining,surface_finish,61363.12087217114,2.0,,2024-02-12 20:43:01
P-020283,S1_CNC_Machining,dimensional_error,46029.790571009034,3.0,,2024-02-02 05:10:08
P-029349,S3_Assembly,misalignment,85961.36817576917,3.0,OP-301,2024-02-29 22:41:31
P-018935,S2_Welding,weak_weld,55411.73967762557,2.0,,2024-02-08 17:31:54
P-037574,S2_Welding,spatter_damage,110041.0607221529,2.0,,2024-03-17 16:00:42
P-028794,S3_Assembly,missing_fastener,84351.23920881341,2.0,OP-203,2024-02-28 19:51:00
P-041702,S3_Assembly,cosmetic_scratch,122199.72482435187,3.0,OP-302,2024-03-26 02:39:32
P-034444,S3_Assembly,misalignment,100868.42816781747,1.0,OP-104,2024-03-11 07:08:53
P-018879,S3_Assembly,cosmetic_scratch,55246.786911728006,2.0,OP-203,2024-02-08 14:47:09
P-033858,S3_Assembly,misalignment,99108.76939437412,3.0,OP-301,2024-03-10 01:48:29
P-056457,S1_CNC_Machining,surface_finish,128520.23424922868,1.0,,2024-03-30 12:00:38
P-005371,S3_Assembly,cosmetic_scratch,15651.465560858087,3.0,OP-301,2024-01-12 02:51:13
P-002256,S3_Assembly,missing_fastener,6541.2408185344675,2.0,OP-203,2024-01-05 19:01:01
P-031260,S3_Assembly,misalignment,91592.5786886674,2.0,OP-203,2024-03-04 20:33:01
P-037308,S3_Assembly,misalignment,109276.81753318962,3.0,OP-302,2024-03-17 03:17:01
P-016689,S3_Assembly,cosmetic_scratch,48851.921403541026,3.0,OP-302,2024-02-04 04:11:41
P-007843,S3_Assembly,misalignment,22862.925727577345,3.0,OP-302,2024-01-17 03:03:07
P-028465,S1_CNC_Machining,tool_wear_mark,64797.168834674514,3.0,,2024-02-15 05:57:11
P-023347,S1_CNC_Machining,surface_finish,52987.647262916114,3.0,,2024-02-07 01:08:02
P-035312,S1_CNC_Machining,dimensional_error,80339.18950633315,3.0,,2024-02-26 00:59:37
P-005341,S1_CNC_Machining,dimensional_error,12108.773877248148,2.0,,2024-01-09 15:48:38
P-016993,S3_Assembly,incorrect_torque,49730.63632061602,2.0,OP-203,2024-02-04 18:50:28
P-016128,S3_Assembly,cosmetic_scratch,47199.16745901918,3.0,OP-302,2024-02-03 00:39:22
P-034564,S1_CNC_Machining,dimensional_error,78676.25878996757,2.0,,2024-02-24 21:16:37
P-029906,S2_Welding,spatter_damage,87583.10956047694,3.0,,2024-03-02 01:42:53
P-001209,S2_Welding,spatter_damage,3518.1024831792593,2.0,,2024-01-03 16:37:55
P-018287,S2_Welding,weak_weld,53529.436395288074,1.0,,2024-02-07 10:09:22
P-012788,S3_Assembly,incorrect_torque,37365.00615422502,3.0,OP-302,2024-01-27 04:44:39
P-033329,S1_CNC_Machining,dimensional_error,75905.39943671293,3.0,,2024-02-22 23:05:13
P-007256,S1_CNC_Machining,dimensional_error,16455.025657311522,2.0,,2024-01-12 16:14:44
P-021382,S1_CNC_Machining,tool_wear_mark,48486.494983532706,3.0,,2024-02-03 22:06:04
P-029902,S1_CNC_Machining,dimensional_error,68065.91206057412,1.0,,2024-02-17 12:25:45
P-026985,S5_Packaging,packaging_damage,92453.44814025854,1.0,OP-102,2024-03-05 10:53:47
P-050488,S1_CNC_Machining,dimensional_error,115074.31230116267,3.0,,2024-03-21 03:54:09
P-013390,S1_CNC_Machining,dimensional_error,30317.18810311385,1.0,,2024-01-22 07:17:15
P-030431,S3_Assembly,missing_fastener,89142.74099901592,3.0,OP-302,2024-03-03 03:42:57
P-006685,S1_CNC_Machining,tool_wear_mark,15188.572782690904,2.0,,2024-01-11 19:08:06
P-033434,S3_Assembly,missing_fastener,97874.28249889279,3.0,OP-301,2024-03-09 05:14:25
P-023037,S1_CNC_Machining,dimensional_error,52289.74724287318,1.0,,2024-02-06 13:30:03
P-002114,S1_CNC_Machining,surface_finish,4767.139121952043,1.0,,2024-01-04 13:27:32
P-026964,S3_Assembly,misalignment,78960.86212533095,3.0,OP-302,2024-02-25 02:00:32
P-021545,S3_Assembly,misalignment,63165.40543174884,3.0,OP-301,2024-02-14 02:45:36
P-051681,S1_CNC_Machining,surface_finish,,3.0,,2024-03-23 01:10:46
P-008528,S1_CNC_Machining,dimensional_error,19332.91552736759,2.0,,2024-01-14 16:12:53
P-053071,S1_CNC_Machining,dimensional_error,120920.96733936897,3.0,,2024-03-25 05:21:16
P-049739,S1_CNC_Machining,surface_finish,113320.29789672096,3.0,,2024-03-19 22:40:10
P-030302,S3_Assembly,incorrect_torque,88765.52483868063,2.0,OP-202,2024-03-02 21:26:00
P-001438,S5_Packaging,packaging_damage,4897.35204937546,2.0,OP-203,2024-01-04 15:36:59
P-041993,S1_CNC_Machining,surface_finish,95556.53224204083,2.0,,2024-03-07 14:36:42
P-020809,S1_CNC_Machining,tool_wear_mark,47198.896178728886,3.0,,2024-02-03 00:38:50
P-021813,S5_Packaging,label_error,74811.38783456795,3.0,OP-301,2024-02-22 04:50:53
P-015918,S2_Welding,spatter_damage,46566.68751479439,2.0,,2024-02-02 14:06:34
P-041546,S1_CNC_Machining,dimensional_error,,2.0,,2024-03-06 21:44:37
P-007518,S3_Assembly,missing_fastener,21899.726262421034,1.0,OP-104,2024-01-16 11:00:02
P-037611,S3_Assembly,missing_fastener,110158.48562419035,2.0,OP-203,2024-03-17 17:58:39
P-025696,S1_CNC_Machining,tool_wear_mark,58398.96504650862,2.0,,2024-02-10 19:18:36
P-006005,S3_Assembly,missing_fastener,17516.574295925573,1.0,OP-101,2024-01-13 09:56:58
P-044040,S2_Welding,porosity,129000.64418751533,2.0,,2024-03-30 20:01:08
P-035601,S1_CNC_Machining,tool_wear_mark,80993.24712536884,1.0,,2024-02-26 11:53:39
P-044012,S1_CNC_Machining,dimensional_error,100221.7986299304,2.0,,2024-03-10 20:21:22
P-015283,S3_Assembly,missing_fastener,44706.48365100682,1.0,OP-104,2024-02-01 07:06:27
P-041336,S1_CNC_Machining,dimensional_error,94076.09345925206,1.0,,2024-03-06 13:55:44
P-033427,S3_Assembly,misalignment,97856.84313982945,3.0,OP-302,2024-03-09 04:56:28
P-015379,S1_CNC_Machining,surface_finish,34927.48072783566,1.0,,2024-01-25 12:07:46
P-054860,S1_CNC_Machining,tool_wear_mark,124935.64203034961,3.0,,2024-03-28 00:15:31
P-017135,S2_Welding,weak_weld,50134.17427351488,3.0,,2024-02-05 01:33:46
P-034853,S3_Assembly,cosmetic_scratch,102054.24109135945,3.0,OP-301,2024-03-12 02:54:04
P-030687,S2_Welding,porosity,89877.86400081402,2.0,,2024-03-03 15:57:31
P-043762,S3_Assembly,missing_fastener,128200.17017102832,1.0,OP-101,2024-03-30 06:40:39
P-034703,S2_Welding,weak_weld,101611.77039172669,2.0,,2024-03-11 19:31:20
P-041236,S1_CNC_Machining,dimensional_error,93851.03962324056,1.0,,2024-03-06 10:10:57
P-018448,S2_Welding,porosity,54002.106753984015,2.0,,2024-02-07 18:01:56
P-005676,S3_Assembly,incorrect_torque,16554.69105248968,2.0,OP-202,2024-01-12 17:54:24
P-034746,S2_Welding,weak_weld,101740.65003675479,2.0,,2024-03-11 21:40:35
P-051935,S1_CNC_Machining,dimensional_error,118350.02013517392,1.0,,2024-03-23 10:30:07
P-005293,S5_Packaging,label_error,17989.162907523354,2.0,OP-201,2024-01-13 17:48:54
P-011874,S2_Welding,spatter_damage,34681.90067474334,1.0,,2024-01-25 08:01:43
P-031703,S1_CNC_Machining,tool_wear_mark,72176.6388230312,1.0,,2024-02-20 08:56:13
P-047713,S1_CNC_Machining,surface_finish,108619.50250033425,2.0,,2024-03-16 16:19:26
P-012091,S3_Assembly,missing_fastener,35322.35087411344,2.0,OP-203,2024-01-25 18:42:34
P-020744,S3_Assembly,missing_fastener,60815.81211971933,1.0,OP-103,2024-02-12 11:36:04
P-030672,S2_Welding,weak_weld,89835.4885004749,2.0,,2024-03-03 15:15:47
P-018802,S2_Welding,weak_weld,55024.53023904918,1.0,,2024-02-08 11:04:09
P-014359,S3_Assembly,cosmetic_scratch,41963.85247097024,1.0,OP-103,2024-01-30 09:24:00
P-015572,S3_Assembly,misalignment,45544.63242636308,2.0,OP-201,2024-02-01 21:04:46
P-056526,S1_CNC_Machining,dimensional_error,128676.79819692705,2.0,,2024-03-30 14:36:43
P-056752,S1_CNC_Machining,tool_wear_mark,129180.10944049624,3.0,,2024-03-30 23:00:07
P-033718,S2_Welding,spatter_damage,98686.89398605142,2.0,,2024-03-09 18:47:06
P-024770,S2_Welding,weak_weld,72551.89777521054,2.0,,2024-02-20 15:11:29
P-028382,S3_Assembly,incorrect_torque,83117.05713105117,3.0,OP-302,2024-02-27 23:16:37
P-012778,S5_Packaging,label_error,43824.74986069264,2.0,OP-202,2024-01-31 16:24:39
P-025149,S3_Assembly,misalignment,73653.27050175208,1.0,OP-104,2024-02-21 09:33:37
P-031169,S1_CNC_Machining,tool_wear_mark,70910.01630923634,1.0,,2024-02-19 11:50:12
P-025036,S5_Packaging,label_error,85690.22549429192,2.0,OP-201,2024-02-29 18:10:01
P-039606,S1_CNC_Machining,surface_finish,90171.27377225661,2.0,,2024-03-03 20:51:32
P-013693,S5_Packaging,packaging_damage,46929.120631782076,2.0,OP-203,2024-02-02 20:08:43
P-009566,S3_Assembly,missing_fastener,27947.955420023907,2.0,OP-201,2024-01-20 15:48:12
P-054634,S1_CNC_Machining,tool_wear_mark,124427.08600903007,,,2024-03-27 15:47:08
P-030197,S3_Assembly,cosmetic_scratch,88441.07882657945,2.0,OP-201,2024-03-02 16:01:11
P-015636,S3_Assembly,cosmetic_scratch,45730.9073844901,3.0,OP-301,2024-02-02 00:11:02
P-016295,S2_Welding,spatter_damage,47681.42201707597,1.0,,2024-02-03 08:40:58
P-038454,S3_Assembly,incorrect_torque,112643.55478201917,1.0,OP-103,2024-03-19 11:23:51
P-004821,S3_Assembly,cosmetic_scratch,14017.818529696775,3.0,OP-301,2024-01-10 23:37:43
P-033014,S1_CNC_Machining,tool_wear_mark,75134.07270011687,1.0,,2024-02-22 10:13:54
P-007672,S2_Welding,weak_weld,22342.695039263042,2.0,,2024-01-16 18:22:18
P-013778,S3_Assembly,misalignment,40275.45725080949,3.0,OP-301,2024-01-29 05:15:13
P-002213,S1_CNC_Machining,tool_wear_mark,4991.2419392274005,2.0,,2024-01-04 17:11:28
P-041180,S3_Assembly,incorrect_torque,120647.04719559613,3.0,OP-301,2024-03-25 00:46:56
P-006612,S5_Packaging,label_error,22509.629273042276,2.0,OP-203,2024-01-16 21:09:21
P-041238,S3_Assembly,cosmetic_scratch,120830.27526771561,3.0,OP-301,2024-03-25 03:50:12
P-004249,S3_Assembly,incorrect_torque,12371.08401015553,2.0,OP-203,2024-01-09 20:10:47
P-009285,S3_Assembly,cosmetic_scratch,27133.440905330623,3.0,OP-301,2024-01-20 02:13:28
P-035501,S3_Assembly,missing_fastener,103951.66333903646,1.0,OP-102,2024-03-13 10:31:32
P-024753,S2_Welding,porosity,72502.77622878345,2.0,,2024-02-20 14:22:36
P-012512,S5_Packaging,packaging_damage,42889.79836261686,3.0,OP-301,2024-01-31 00:49:30
P-032843,S1_CNC_Machining,dimensional_error,74754.29920609106,3.0,,2024-02-22 03:54:22
P-032368,S1_CNC_Machining,dimensional_error,73670.77661708383,1.0,,2024-02-21 09:50:38
P-006031,S5_Packaging,label_error,20532.575983826515,1.0,OP-103,2024-01-15 12:12:59
P-033880,S3_Assembly,incorrect_torque,99174.74119382743,3.0,OP-301,2024-03-10 02:54:49
P-022718,S2_Welding,weak_weld,66564.55973521718,1.0,,2024-02-16 11:24:24
P-054225,S1_CNC_Machining,dimensional_error,123508.44384259799,3.0,,2024-03-27 00:28:45
P-037007,S1_CNC_Machining,tool_wear_mark,84233.55965298237,2.0,,2024-02-28 17:53:15
P-002165,S1_CNC_Machining,surface_finish,4884.385008864229,2.0,,2024-01-04 15:24:05
P-028714,S2_Welding,weak_weld,84114.5667438365,2.0,,2024-02-28 15:54:38
P-021115,S2_Welding,weak_weld,,3.0,,2024-02-13 05:58:02
P-033253,S3_Assembly,misalignment,97355.93289338867,2.0,OP-202,2024-03-08 20:35:56
P-041045,S2_Welding,weak_weld,120253.45017940931,2.0,,2024-03-24 18:13:15
P-053288,S1_CNC_Machining,surface_finish,121413.70082215907,1.0,,2024-03-25 13:33:43
P-003270,S3_Assembly,incorrect_torque,9501.251781135541,2.0,OP-202,2024-01-07 20:20:54
P-017885,S1_CNC_Machining,surface_finish,40574.031944398164,1.0,,2024-01-29 10:13:44
P-024778,S2_Welding,spatter_damage,72574.22563512568,2.0,,2024-02-20 15:34:08
P-024139,S1_CNC_Machining,tool_wear_mark,54765.22866896686,1.0,,2024-02-08 06:45:18
P-030447,S1_CNC_Machining,dimensional_error,69276.12798597809,1.0,,2024-02-18 08:36:16
P-000547,S3_Assembly,misalignment,1634.5336165365698,1.0,OP-104,2024-01-02 09:14:33
P-035866,S2_Welding,porosity,105011.24496034633,3.0,,2024-03-14 04:10:57
P-024499,S1_CNC_Machining,tool_wear_mark,55587.90324228734,2.0,,2024-02-08 20:28:04
P-003596,S5_Packaging,packaging_damage,12209.864060168997,2.0,OP-202,2024-01-09 17:29:46
P-004105,S1_CNC_Machining,dimensional_error,9306.798618750703,2.0,,2024-01-07 17:07:01
P-036813,S3_Assembly,cosmetic_scratch,107802.47545850986,3.0,OP-301,2024-03-16 02:42:41
P-009709,S3_Assembly,missing_fastener,28367.134397176338,3.0,OP-302,2024-01-20 22:47:24
P-007793,S3_Assembly,misalignment,22709.336820601417,3.0,OP-302,2024-01-17 00:29:00
P-003645,S1_CNC_Machining,surface_finish,8275.844426825786,3.0,,2024-01-06 23:56:20
P-007794,S5_Packaging,label_error,26600.083050655005,2.0,OP-201,2024-01-19 17:20:10
P-011788,S3_Assembly,cosmetic_scratch,34423.129758679606,3.0,OP-302,2024-01-25 03:43:33
P-045167,S1_CNC_Machining,tool_wear_mark,102824.6527849213,2.0,,2024-03-12 15:44:21
P-041720,S3_Assembly,incorrect_torque,122255.25773652615,3.0,OP-301,2024-03-26 03:34:56
P-030979,S2_Welding,spatter_damage,90765.20988530952,1.0,,2024-03-04 06:45:21
P-011456,S1_CNC_Machining,surface_finish,25981.435976180004,1.0,,2024-01-19 07:01:24
P-023559,S1_CNC_Machining,surface_finish,53457.9491488636,1.0,,2024-02-07 08:58:03
P-039381,S2_Welding,weak_weld,115364.3567140368,1.0,,2024-03-21 08:44:36
P-001335,S3_Assembly,incorrect_torque,3883.21495891894,3.0,OP-301,2024-01-03 22:42:43
P-056466,S1_CNC_Machining,tool_wear_mark,128540.3519662801,1.0,,2024-03-30 12:19:58
P-013935,S3_Assembly,misalignment,40731.647097059606,1.0,OP-101,2024-01-29 12:51:37
P-030376,S5_Packaging,label_error,104071.90394759893,1.0,OP-101,2024-03-13 12:31:38
P-024073,S3_Assembly,incorrect_torque,70548.36423615462,3.0,OP-302,2024-02-19 05:48:26
P-032159,S3_Assembly,misalignment,94202.60081319367,2.0,OP-201,2024-03-06 16:02:56
P-009171,S2_Welding,weak_weld,26788.7688089237,2.0,,2024-01-19 20:29:06
P-028477,S3_Assembly,misalignment,83382.64623394163,3.0,OP-302,2024-02-28 03:43:04
P-036341,S3_Assembly,incorrect_torque,106426.06506148186,3.0,OP-301,2024-03-15 03:46:18
P-014815,S3_Assembly,misalignment,43296.65021806809,1.0,OP-101,2024-01-31 07:36:49
P-018065,S3_Assembly,cosmetic_scratch,52880.7933956544,,OP-301,2024-02-06 23:20:51
P-037602,S1_CNC_Machining,dimensional_error,85578.64234070592,2.0,,2024-02-29 16:18:20
P-000320,S3_Assembly,misalignment,991.4736958945458,3.0,OP-301,2024-01-01 22:31:00
P-047565,S1_CNC_Machining,dimensional_error,108288.40864562528,1.0,,2024-03-16 10:48:07
P-006692,S3_Assembly,cosmetic_scratch,19511.595918553277,2.0,OP-202,2024-01-14 19:11:36
P-020132,S5_Packaging,label_error,69064.0485664704,3.0,OP-301,2024-02-18 05:03:54
P-017647,S1_CNC_Machining,dimensional_error,40045.26258077923,3.0,,2024-01-29 01:24:47
P-012715,S2_Welding,weak_weld,37148.68014298025,3.0,,2024-01-27 01:08:53
P-020545,S5_Packaging,packaging_damage,70528.5660405034,3.0,OP-301,2024-02-19 05:28:20
P-025988,S3_Assembly,incorrect_torque,76112.65632593259,3.0,OP-301,2024-02-23 02:33:08
P-024269,S1_CNC_Machining,surface_finish,55065.73586850461,1.0,,2024-02-08 11:46:05
P-002027,S3_Assembly,cosmetic_scratch,5869.389444889636,1.0,OP-104,2024-01-05 07:49:37
P-024490,S1_CNC_Machining,tool_wear_mark,55564.481819015695,2.0,,2024-02-08 20:04:14
P-028264,S1_CNC_Machining,surface_finish,64348.039956631554,3.0,,2024-02-14 22:28:28
P-005156,S3_Assembly,misalignment,15030.046131351712,2.0,OP-203,2024-01-11 16:30:22
P-029057,S1_CNC_Machining,dimensional_error,66180.55563348369,3.0,,2024-02-16 05:00:29
P-026639,S3_Assembly,incorrect_torque,78013.2859089221,1.0,OP-104,2024-02-24 10:13:29
P-007089,S1_CNC_Machining,tool_wear_mark,16088.189518016798,1.0,,2024-01-12 10:08:15
P-046184,S1_CNC_Machining,dimensional_error,105158.04986411774,1.0,,2024-03-14 06:38:24
P-033183,S3_Assembly,misalignment,97152.63251235097,2.0,OP-201,2024-03-08 17:12:14
P-029749,S2_Welding,weak_weld,87134.55123049773,2.0,,2024-03-01 18:14:22
P-018479,S1_CNC_Machining,tool_wear_mark,41957.522870710396,1.0,,2024-01-30 09:17:42
P-014964,S1_CNC_Machining,tool_wear_mark,33988.79935953546,2.0,,2024-01-24 20:28:37
P-017574,S3_Assembly,missing_fastener,51447.40736187615,3.0,OP-301,2024-02-05 23:27:06
P-042642,S3_Assembly,misalignment,124933.15792590403,3.0,OP-301,2024-03-28 00:12:46
P-027757,S3_Assembly,misalignment,81271.4766539624,2.0,OP-202,2024-02-26 16:31:45
P-032387,S1_CNC_Machining,dimensional_error,73711.90422155196,1.0,,2024-02-21 10:31:47
P-002026,S1_CNC_Machining,tool_wear_mark,4568.181965203902,1.0,,2024-01-04 10:08:12
P-016724,S2_Welding,spatter_damage,48940.96810059929,3.0,,2024-02-04 05:41:11
P-011244,S1_CNC_Machining,dimensional_error,25494.748463586282,3.0,,2024-01-18 22:54:58
P-025313,S3_Assembly,misalignment,74135.9898937236,2.0,OP-203,2024-02-21 17:36:21
P-024325,S1_CNC_Machining,surface_finish,55188.2995673745,1.0,,2024-02-08 13:48:46
P-030363,S1_CNC_Machining,surface_finish,69091.24594934638,3.0,,2024-02-18 05:31:36
P-009758,S2_Welding,weak_weld,28502.014217634805,3.0,,2024-01-21 01:01:58
P-003992,S3_Assembly,cosmetic_scratch,11632.998345481396,1.0,OP-104,2024-01-09 07:52:30
P-034447,S1_CNC_Machining,dimensional_error,78412.52239971771,2.0,,2024-02-24 16:52:41
P-044234,S3_Assembly,incorrect_torque,129569.9391483682,3.0,OP-302,2024-03-31 05:29:29
P-037726,S3_Assembly,cosmetic_scratch,110522.00323075436,3.0,OP-301,2024-03-18 00:01:50
P-040406,S1_CNC_Machining,surface_finish,91968.47614768517,3.0,,2024-03-05 02:48:00
P-053712,S1_CNC_Machining,tool_wear_mark,122366.0043221852,3.0,,2024-03-26 05:26:18
P-013798,S1_CNC_Machining,surface_finish,31345.486300704037,3.0,,2024-01-23 00:25:19
P-029030,S1_CNC_Machining,tool_wear_mark,66119.77144527146,3.0,,2024-02-16 03:59:54
P-028550,S1_CNC_Machining,surface_finish,64989.23975100051,1.0,,2024-02-15 09:09:12
P-006648,S3_Assembly,missing_fastener,19378.31520008414,2.0,OP-201,2024-01-14 16:58:40
P-020290,S1_CNC_Machining,tool_wear_mark,46044.092483034154,3.0,,2024-02-02 05:24:28
P-001068,S3_Assembly,incorrect_torque,3123.990739002512,1.0,OP-103,2024-01-03 10:04:08
P-026901,S3_Assembly,missing_fastener,78783.93190213661,3.0,OP-302,2024-02-24 23:04:05
P-037789,S1_CNC_Machining,surface_finish,85995.76817799584,3.0,,2024-02-29 23:15:55
P-032024,S3_Assembly,cosmetic_scratch,93797.15223349788,1.0,OP-103,2024-03-06 09:17:34
P-040493,S3_Assembly,cosmetic_scratch,118626.77140126709,2.0,OP-202,2024-03-23 15:06:30
P-005073,S1_CNC_Machining,surface_finish,11502.336985810085,3.0,,2024-01-09 05:42:21
P-028661,S2_Welding,weak_weld,83950.4641598567,1.0,,2024-02-28 13:10:48
P-044874,S1_CNC_Machining,dimensional_error,102167.76893299696,3.0,,2024-03-12 04:48:01
P-007632,S3_Assembly,misalignment,,2.0,OP-201,2024-01-16 16:35:17
